problems,labels
What's the best practice around the difference between derived state and stored state in React?,react
What's the correct way to deal with the difference between synchronous and asyncio-based concurrency in a Python project?,python
What would you check when debugging the difference between PHP's foreach by value and foreach by reference in a Laravel project?,php / laravel
"In React, what would you check when a component re-rendering too many times happens?",react
"In JavaScript, what causes issues with detecting an array vs a plain object and how would you fix it?",javascript
How do you debug why a Node process doesn't exit after the script finishes in a production Node.js server?,node.js
Why does writing a recursive query with a common table expression cause performance issues and how do you fix it?,sql
How do you correctly handle the difference between soft deletes and hard deletes in Eloquent in PHP/Laravel?,php / laravel
What's the difference-driven fix for the difference between enum and union of string literals in TypeScript?,typescript
What is the correct way to deal with the difference between synchronous middleware and async middleware errors when building a Node.js backend?,node.js
Why does using window functions like ROW_NUMBER and RANK cause performance issues and how do you fix it?,sql
What's the best practice for the difference between edge runtime and node runtime in Next.js in Next.js?,next.js
What is the recommended approach for handling the spread operator on objects in vanilla JavaScript?,javascript
What would you check when debugging handling a SQL injection vulnerability in a raw query in a Laravel project?,php / laravel
What is the correct approach to fetching data from MongoDB inside a Next.js server component in a Next.js app?,next.js
What would you check first when debugging handling file uploads with multer in an Express app in Express.js?,express.js
Why does a button losing focus outline for accessibility happen and what's the CSS-only solution?,html / css
Why does debugging why useState doesn't merge objects like setState did occur in React and how do you resolve it?,react
What's the best practice for protecting routes with a JWT authentication middleware in Express.js?,express.js
What is the correct React pattern to solve a component re-rendering too many times?,react
Why does resolving a circular type reference error cause a type error and how do you resolve it?,typescript
What's the correct SQL approach to handle handling a many-to-many relationship with a junction table?,sql
What is the correct React pattern to solve the difference between local component state and global state?,react
How do you fix debugging why a component doesn't unmount properly in a React application?,react
Why does using a decorator to log function execution time cause unexpected behavior and how do you fix it in Python?,python
What's the correct pattern to avoid bugs related to using Promise.all versus Promise.allSettled in JavaScript?,javascript
What's the difference-driven fix for typing the props of a React component in TypeScript?,typescript
"In JavaScript, what causes issues with microtasks vs macrotasks and how would you fix it?",javascript
What is the best approach to handle grid-template-areas not aligning correctly when building a responsive layout?,html / css
How would you resolve the difference between exception chaining with raise from and a plain raise in Python?,python
What is the correct way to deal with the difference between synchronous and asynchronous fs methods when building a Node.js backend?,node.js
What would you check first when debugging protecting routes with a JWT authentication middleware in Express.js?,express.js
What's the correct HTML/CSS technique to solve grid-template-areas not aligning correctly?,html / css
What is the best practice for handling handling large CSV files without loading them fully into memory in Python?,python
How would you resolve logging errors properly in a production Node app in a Node.js application?,node.js
Why does the difference between generics constraints with extends cause a type error and how do you resolve it?,typescript
Why does a generic type not inferring correctly cause a type error and how do you resolve it?,typescript
"In JavaScript, what causes issues with the spread operator on objects and how would you fix it?",javascript
What is the best approach to handle a table not being responsive on small screens when building a responsive layout?,html / css
What is the best practice for handling the difference between a virtual environment and a conda environment in Python?,python
What is the correct way to deal with the event loop blocking due to a synchronous CPU-heavy task when building a Node.js backend?,node.js
What is the correct way to deal with using worker_threads for CPU-bound tasks when building a Node.js backend?,node.js
How do you debug handling environment variables securely in a Python project in Python?,python
"In JavaScript, what causes issues with the difference between let and var in a loop and how would you fix it?",javascript
How would you resolve the difference between synchronous requests and async httpx calls in Python?,python
What's the best practice for the difference between client-side navigation and a full page reload with next/link in Next.js?,next.js
What is the best practice for dealing with using window functions like ROW_NUMBER and RANK in a relational database?,sql
How would you correctly implement hoisting of let and const in JavaScript?,javascript
What's the correct pattern to avoid bugs related to using localStorage vs sessionStorage in JavaScript?,javascript
What's the correct pattern to avoid bugs related to converting a callback-based API to promises in JavaScript?,javascript
Why does the difference between tsconfig strict mode options cause a type error and how do you resolve it?,typescript
How do you debug the difference between synchronous and asyncio-based concurrency in Python?,python
What's the correct way to deal with the difference between a list and a tuple in a Python project?,python
What is the correct React pattern to solve a state update not reflecting immediately in the UI?,react
Why does converting a NodeList to an array behave unexpectedly in JavaScript and how do you debug it?,javascript
How would you explain the difference between fetch caching defaults in the app router to debug a Next.js issue?,next.js
What is the correct way to deal with handling timeouts for outgoing HTTP requests when building a Node.js backend?,node.js
Why does structuring routes using the Express Router cause issues in an Express.js server and how do you fix it?,express.js
What's the best practice for logging incoming requests with morgan in Express.js?,express.js
Why does the difference between multiprocessing and multithreading cause unexpected behavior and how do you fix it in Python?,python
What query would you write to address the difference between INNER JOIN and LEFT JOIN?,sql
How would you explain the difference between build-time rendering and request-time rendering to debug a Next.js issue?,next.js
Why does the difference between monolithic and microservice Node architectures occur in Node.js and how do you fix it?,node.js
What would you check when debugging handling a fatal error caused by a null property access in a Laravel project?,php / laravel
Why does the difference between declaration merging and module augmentation cause a type error and how do you resolve it?,typescript
Why does handling loading states with the loading.js file behave this way in Next.js and how do you fix it?,next.js
What is the recommended approach for handling recursion causing a stack overflow in vanilla JavaScript?,javascript
What's the correct way to deal with the difference between args and kwargs in a Python project?,python
How do you debug the difference between __str__ and __repr__ in Python?,python
What is the best practice for dealing with handling pagination efficiently with OFFSET and LIMIT in a relational database?,sql
How would you solve a query running slowly due to a missing index in SQL?,sql
What is the best practice for handling the difference between args and kwargs in Python?,python
How would you type-safely solve the difference between abstract classes and interfaces?,typescript
How would you correctly implement the spread operator on arrays in JavaScript?,javascript
What query would you write to address the difference between clustered and non-clustered indexes?,sql
"In JavaScript, what causes issues with array destructuring and how would you fix it?",javascript
What is the correct React pattern to solve context causing unnecessary re-renders across the tree?,react
What's the difference-driven fix for the difference between tsconfig strict mode options in TypeScript?,typescript
What's the correct pattern to avoid bugs related to chaining multiple array methods for performance in JavaScript?,javascript
Why does fetching data in parallel inside a server component behave this way in Next.js and how do you fix it?,next.js
How would you resolve validating request data in a FastAPI endpoint with Pydantic in Python?,python
How do you fix the difference between inline-block and block display in CSS?,html / css
What's the correct HTML/CSS technique to solve text overflowing without ellipsis truncation?,html / css
What would you check when debugging the difference between Blade templates and returning JSON from a controller in a Laravel project?,php / laravel
How would you resolve using a decorator to log function execution time in Python?,python
How do you correctly handle handling environment configuration with the .env file in Laravel in PHP/Laravel?,php / laravel
How do you correctly handle the difference between readonly and const in TypeScript in TypeScript?,typescript
What is the recommended approach for handling circular imports between ES modules in vanilla JavaScript?,javascript
What's the best practice for the difference between body-parser and the built-in express.json middleware in Express.js?,express.js
Why does detecting an array vs a plain object behave unexpectedly in JavaScript and how do you debug it?,javascript
How do you fix handling optimistic UI updates before an API call resolves in a React application?,react
Why does a CSS animation stuttering on scroll happen and what's the CSS-only solution?,html / css
What is the recommended approach for handling aborting a fetch request with AbortController in vanilla JavaScript?,javascript
What is the best practice for the difference between artisan commands and scheduled tasks in a Laravel application?,php / laravel
What is the correct React pattern to solve the difference between useMemo and useCallback?,react
Why does using worker_threads for CPU-bound tasks occur in Node.js and how do you fix it?,node.js
"In JavaScript, what causes issues with module bundling with ES modules and how would you fix it?",javascript
"In JavaScript, what causes issues with prototype inheritance and how would you fix it?",javascript
Why does the difference between middleware order in Express occur in Node.js and how do you fix it?,node.js
How would you type-safely solve extending an interface from multiple sources?,typescript
How do you correctly implement the difference between app.listen and a custom http server wrapping Express in an Express.js app?,express.js
How would you solve the difference between ACID properties and eventual consistency in SQL?,sql
How do you correctly implement logging incoming requests with morgan in an Express.js app?,express.js
How do you fix handling race conditions when fetching data on prop change in a React application?,react
What would you check first when debugging connecting Express to a PostgreSQL database with a connection pool in Express.js?,express.js
How would you solve the difference between VARCHAR and TEXT column types in SQL?,sql
What is the best practice for handling the difference between a shallow function call stack and recursion depth limit in Python?,python
How would you explain fetching data from MongoDB inside a Next.js server component to debug a Next.js issue?,next.js
How do you fix why a child element ignores the parent's height percentage in CSS?,html / css
Why does the difference between type assertion and type casting cause a type error and how do you resolve it?,typescript
How do you debug mocking an external API call in a unit test in Python?,python
What would you check first when debugging the difference between route-level and application-level middleware in Express.js?,express.js
"In JavaScript, what causes issues with recursion causing a stack overflow and how would you fix it?",javascript
How do you correctly implement the difference between next() and next(err) in middleware in an Express.js app?,express.js
What is the best practice for handling merging two DataFrames on a common column in Python?,python
What is the recommended approach for handling converting a NodeList to an array in vanilla JavaScript?,javascript
What's the best practice for the difference between server components and client components in Next.js?,next.js
What is the best practice for handling the difference between unittest and pytest in Python?,python
What is the correct approach to handling form submissions using server actions in a Next.js app?,next.js
How do you fix infinite loop caused by a useEffect in a React application?,react
What is the correct React pattern to solve structuring folder architecture for a large React app?,react
Why does the difference between class components and functional components occur in React and how do you resolve it?,react
"In JavaScript, what causes issues with template literals with nested expressions and how would you fix it?",javascript
How would you solve why an index isn't being used by the query planner in SQL?,sql
How do you fix lifting state up between sibling components in a React application?,react
Why does handling race conditions between two async calls behave unexpectedly in JavaScript and how do you debug it?,javascript
How do you debug using type hints with Optional and Union in Python?,python
How would you solve the difference between a primary key and a unique key in SQL?,sql
How do you debug the difference between a lambda function and a named function in Python?,python
What's the best practice for handling a 404 page with a custom not-found file in Next.js?,next.js
Why does IIFE usage behave unexpectedly in JavaScript and how do you debug it?,javascript
What's the correct HTML/CSS technique to solve flex-shrink causing items to shrink unexpectedly?,html / css
What's the correct HTML/CSS technique to solve the cascade order between user-agent styles and author styles?,html / css
How do you debug the difference between an abstract base class and a regular class in Python?,python
What would you check when debugging handling file uploads and storing them on a Laravel disk in a Laravel project?,php / laravel
What's the best practice around batching multiple setState calls in React?,react
Why does narrowing a union type inside a conditional cause a type error and how do you resolve it?,typescript
How do you debug streaming a file response to the client in a production Node.js server?,node.js
What's the best practice for the purpose of the route.js file for API routes in Next.js?,next.js
How do you handle the difference between metadata API and the Head component for SEO in Next.js?,next.js
What is the correct approach to revalidating cached data after a mutation in a Next.js app?,next.js
"In JavaScript, what causes issues with the difference between synchronous and asynchronous code execution and how would you fix it?",javascript
How would you resolve the difference between a dataclass and a regular class in Python?,python
What's the correct HTML/CSS technique to solve using object-fit to crop an image inside a fixed box?,html / css
Why does handling versioning of API routes cause issues in an Express.js server and how do you fix it?,express.js
What's the correct way to deal with handling a KeyError when accessing a dictionary in a Python project?,python
Why does the difference between soft deletes and hard deletes in Eloquent cause issues in PHP and how do you fix it?,php / laravel
How do you correctly implement the difference between synchronous and asynchronous middleware errors in an Express.js app?,express.js
Why does protecting routes with a JWT authentication middleware cause issues in an Express.js server and how do you fix it?,express.js
How would you resolve reading a large file without loading it fully into memory in a Node.js application?,node.js
Why does the difference between generateStaticParams and getStaticPaths behave this way in Next.js and how do you fix it?,next.js
How do you handle the difference between static generation and incremental static regeneration in Next.js?,next.js
How do you debug using context managers with the with statement in Python?,python
Why does template literals with nested expressions behave unexpectedly in JavaScript and how do you debug it?,javascript
Why does WeakMap usage for private data behave unexpectedly in JavaScript and how do you debug it?,javascript
What's the correct way to deal with the difference between an abstract base class and a regular class in a Python project?,python
Why does the difference between Composer's require and require-dev cause issues in PHP and how do you fix it?,php / laravel
What is the recommended TypeScript approach for the difference between generics constraints with extends?,typescript
Why does structuring a multi-tenant app with dynamic route segments behave this way in Next.js and how do you fix it?,next.js
What query would you write to address the difference between a subquery and a JOIN?,sql
What's the recommended Laravel approach for handling validation errors in a Laravel form request?,php / laravel
Why does a deadlock occurring between two transactions cause performance issues and how do you fix it?,sql
How would you type-safely solve the difference between type assertion and type casting?,typescript
What's the recommended Laravel approach for the difference between PHP's isset and empty functions?,php / laravel
What would you check first when debugging handling async errors inside an Express route handler in Express.js?,express.js
What's the best practice for structuring a multi-tenant app with dynamic route segments in Next.js?,next.js
How do you handle the difference between client-side navigation and a full page reload with next/link in Next.js?,next.js
What's the correct pattern to avoid bugs related to debugging a variable that is undefined inside a callback in JavaScript?,javascript
Why does the difference between server components and client components behave this way in Next.js and how do you fix it?,next.js
What is the best practice for handling the difference between is and == in Python?,python
What's the correct way to deal with the difference between deep copy and shallow copy in a Python project?,python
What is the best practice for the difference between soft deletes and hard deletes in Eloquent in a Laravel application?,php / laravel
How do you correctly handle why a type error appears only after enabling strict mode in TypeScript?,typescript
Why does structuring folder architecture for a large React app occur in React and how do you resolve it?,react
What is the best approach to handle a CSS animation stuttering on scroll when building a responsive layout?,html / css
What's the correct way to deal with the difference between Django's ORM querysets being lazy versly evaluated in a Python project?,python
How would you type-safely solve using utility types like Partial and Pick?,typescript
What is the correct approach to handling a 404 page with a custom not-found file in a Next.js app?,next.js
What is the best practice for handling handling missing values in a pandas DataFrame in Python?,python
"In JavaScript, what causes issues with using a Map versus a plain object for lookups and how would you fix it?",javascript
Why does the difference between app.use and app.get for defining routes cause issues in an Express.js server and how do you fix it?,express.js
How would you correctly implement iterators and the Symbol.iterator protocol in JavaScript?,javascript
What's the correct way to deal with the difference between a set and a frozenset in a Python project?,python
Why does the difference between a 404 handler and a global error handler cause issues in an Express.js server and how do you fix it?,express.js
How do you debug handling authentication with JWT in a FastAPI app in Python?,python
What's the best practice around handling form validation without a library in React?,react
How do you fix a form label not linking correctly to its input in CSS?,html / css
How do you debug the difference between Buffer and Stream in Node.js in a production Node.js server?,node.js
How do you handle the difference between next/image and a regular img tag in Next.js?,next.js
How do you correctly handle the difference between a Laravel service provider and a facade in PHP/Laravel?,php / laravel
What's the difference-driven fix for the difference between interface and type alias in TypeScript?,typescript
Why does the difference between synchronous middleware and async middleware errors occur in Node.js and how do you fix it?,node.js
Why does CSS specificity war between inline styles and classes happen and what's the CSS-only solution?,html / css
Why does handling race conditions when fetching data on prop change occur in React and how do you resolve it?,react
What is the recommended TypeScript approach for typing a Redux reducer with discriminated unions?,typescript
"In React, what would you check when why an event handler captures an outdated variable happens?",react
What's the correct way to deal with the difference between a lambda function and a named function in a Python project?,python
Why does media queries not applying in the correct order happen and what's the CSS-only solution?,html / css
What is the best practice for handling the difference between __str__ and __repr__ in Python?,python
Why does the difference between declaring types inline versus in a separate file cause a type error and how do you resolve it?,typescript
What's the recommended Laravel approach for the difference between a Laravel policy and a gate?,php / laravel
"In JavaScript, what causes issues with debouncing an input handler and how would you fix it?",javascript
What's the correct way to deal with mutable default arguments causing unexpected behavior in a Python project?,python
How do you handle the difference between static assets in the public folder and imported assets in Next.js?,next.js
What is the best practice for handling the difference between Django's ORM querysets being lazy versly evaluated in Python?,python
How would you explain handling redirects inside middleware to debug a Next.js issue?,next.js
What's the recommended Laravel approach for handling CSRF protection in a Laravel form?,php / laravel
What's the correct pattern to avoid bugs related to event bubbling in JavaScript?,javascript
What is the correct React pattern to solve handling optimistic UI updates before an API call resolves?,react
How do you debug the difference between global and local npm packages in a production Node.js server?,node.js
"In React, what would you check when a key prop warning when rendering a list happens?",react
What's the difference-driven fix for extending an interface from multiple sources in TypeScript?,typescript
Why does the difference between useRef and useState occur in React and how do you resolve it?,react
Why does the difference between the pages router and the app router behave this way in Next.js and how do you fix it?,next.js
What's the correct way to deal with the difference between a generator and a list comprehension in a Python project?,python
Why does using clamp for responsive font sizing happen and what's the CSS-only solution?,html / css
How would you explain optimizing fonts using next/font to debug a Next.js issue?,next.js
Why does handling timeouts for outgoing HTTP requests occur in Node.js and how do you fix it?,node.js
What is the recommended way to handle handling cookies securely in an Express response in Express.js?,express.js
What is the recommended approach for handling the nullish coalescing operator in vanilla JavaScript?,javascript
What's the best practice around the difference between class components and functional components in React?,react
Why does a third-party library missing type definitions cause a type error and how do you resolve it?,typescript
Why does the difference between a virtual environment and a conda environment cause unexpected behavior and how do you fix it in Python?,python
What is the recommended approach for handling the difference between == and === in vanilla JavaScript?,javascript
"In React, what would you check when the difference between React.memo and PureComponent happens?",react
What is the recommended approach for handling prototype inheritance in vanilla JavaScript?,javascript
What is the best approach to handle a background image not covering the full container when building a responsive layout?,html / css
How would you correctly implement prototype inheritance in JavaScript?,javascript
Why does the difference between a list and a tuple cause unexpected behavior and how do you fix it in Python?,python
What's the recommended Laravel approach for the difference between include and require in PHP?,php / laravel
Why does chaining multiple array methods for performance behave unexpectedly in JavaScript and how do you debug it?,javascript
Why does an N+1 query problem in an application cause performance issues and how do you fix it?,sql
Why does using object-fit to crop an image inside a fixed box happen and what's the CSS-only solution?,html / css
What's the correct HTML/CSS technique to solve the difference between em and rem units?,html / css
How do you correctly handle using utility types like Partial and Pick in TypeScript?,typescript
What query would you write to address the difference between database sharding and replication?,sql
What's the best practice for the difference between css modules and global styles in Next.js in Next.js?,next.js
How do you handle the difference between catch-all routes and optional catch-all routes in Next.js?,next.js
How would you correctly implement throttling a scroll handler in JavaScript?,javascript
"In React, what would you check when structuring folder architecture for a large React app happens?",react
What's the best practice for handling loading states with the loading.js file in Next.js?,next.js
Why does the difference between process.nextTick and setImmediate occur in Node.js and how do you fix it?,node.js
Why does handling file paths cross-platform using pathlib cause unexpected behavior and how do you fix it in Python?,python
How would you correctly implement using reduce to flatten an array in JavaScript?,javascript
What is the best approach to handle vertical alignment of inline elements when building a responsive layout?,html / css
Why does the difference between layout.js and template.js behave this way in Next.js and how do you fix it?,next.js
What is the best practice for the difference between Composer's require and require-dev in a Laravel application?,php / laravel
How do you debug handling file paths cross-platform using pathlib in Python?,python
Why does grid items overflowing their container happen and what's the CSS-only solution?,html / css
What is the recommended TypeScript approach for the difference between declaration merging and module augmentation?,typescript
How do you correctly implement handling query parameters versus route parameters in an Express.js app?,express.js
Why does the difference between synchronous and asynchronous fs methods occur in Node.js and how do you fix it?,node.js
What is the recommended approach for handling object destructuring in vanilla JavaScript?,javascript
What is the correct way to deal with the difference between Buffer and Stream in Node.js when building a Node.js backend?,node.js
What would you check first when debugging the difference between synchronous and asynchronous middleware errors in Express.js?,express.js
What is the best practice for dealing with the difference between WHERE and HAVING clauses in a relational database?,sql
What's the best practice for handling handling file uploads with multer in Node.js?,node.js
How would you resolve handling database migrations in Django in Python?,python
Why does handling CSRF protection in a Laravel form cause issues in PHP and how do you fix it?,php / laravel
How do you debug hashing passwords securely with bcrypt in a production Node.js server?,node.js
Why does float-based layouts causing a collapsed parent container happen and what's the CSS-only solution?,html / css
Why does converting a string to a number safely behave unexpectedly in JavaScript and how do you debug it?,javascript
How do you debug the difference between a property decorator and a plain method in Python?,python
How would you resolve connecting Flask to a PostgreSQL database with SQLAlchemy in Python?,python
How do you correctly handle a generic type not inferring correctly in TypeScript?,typescript
What's the correct pattern to avoid bugs related to the difference between let and var in a loop in JavaScript?,javascript
How do you debug handling backpressure in a writable stream in a production Node.js server?,node.js
How would you resolve graceful shutdown of an HTTP server on SIGTERM in a Node.js application?,node.js
Why does a hover effect not working on touch devices happen and what's the CSS-only solution?,html / css
How do you correctly implement handling versioning of API routes in an Express.js app?,express.js
How would you explain setting cache headers for an API route response to debug a Next.js issue?,next.js
How do you handle using dynamic routes with bracket folder names in Next.js?,next.js
What is the correct React pattern to solve the difference between mounting and updating lifecycle phases?,react
How do you debug merging two DataFrames on a common column in Python?,python
What's the best practice around optimizing a long list with virtualization in React?,react
What's the best practice for handling the event loop blocking due to a synchronous CPU-heavy task in Node.js?,node.js
What's the recommended Laravel approach for handling a SQL injection vulnerability in a raw query?,php / laravel
What's the correct HTML/CSS technique to solve an element causing horizontal scroll on mobile?,html / css
Why does the difference between visibility hidden and display none happen and what's the CSS-only solution?,html / css
What is the best practice for handling the difference between a generator and a list comprehension in Python?,python
What is the recommended TypeScript approach for the difference between mapped types and conditional types?,typescript
What is the recommended way to handle protecting routes with a JWT authentication middleware in Express.js?,express.js
What query would you write to address the difference between an inner subquery and a correlated subquery?,sql
Why does the difference between useMemo and useCallback occur in React and how do you resolve it?,react
How would you correctly implement the event loop in JavaScript?,javascript
Why does immutability patterns for state updates behave unexpectedly in JavaScript and how do you debug it?,javascript
What is the correct way to deal with logging errors properly in a production Node app when building a Node.js backend?,node.js
How would you correctly implement serializing a Date object to JSON in JavaScript?,javascript
What would you check when debugging the difference between include and require in PHP in a Laravel project?,php / laravel
What is the correct way to deal with handling backpressure in a writable stream when building a Node.js backend?,node.js
What's the best practice around the difference between useLayoutEffect and useEffect in React?,react
How do you debug reading a large file without loading it fully into memory in a production Node.js server?,node.js
How do you debug the difference between a generator and a list comprehension in Python?,python
How do you correctly implement structuring a REST API with separate controllers and services in an Express.js app?,express.js
How do you debug the difference between middleware order in Express in a production Node.js server?,node.js
What is the recommended way to handle structuring routes using the Express Router in Express.js?,express.js
What is the best approach to handle the difference between rem units and viewport units when building a responsive layout?,html / css
What's the correct pattern to avoid bugs related to the difference between null and undefined in JavaScript?,javascript
Why does optimizing fonts using next/font behave this way in Next.js and how do you fix it?,next.js
"In JavaScript, what causes issues with converting an async function's return value and how would you fix it?",javascript
How would you resolve using type hints with Optional and Union in Python?,python
What's the correct pattern to avoid bugs related to the difference between a function declaration and a function expression in JavaScript?,javascript
Why does the difference between a decorator with arguments and one without cause unexpected behavior and how do you fix it in Python?,python
Why does merging two DataFrames on a common column cause unexpected behavior and how do you fix it in Python?,python
What is the best practice for the difference between PHP's foreach by value and foreach by reference in a Laravel application?,php / laravel
Why does a state update not reflecting immediately in the UI occur in React and how do you resolve it?,react
What's the correct pattern to avoid bugs related to serializing a Date object to JSON in JavaScript?,javascript
How would you correctly implement tail call optimization support in JavaScript?,javascript
Why does the difference between default exports and named exports typing cause a type error and how do you resolve it?,typescript
What is the recommended way to handle handling errors with a centralized error-handling middleware in Express.js?,express.js
What's the best practice for handling query parameters versus route parameters in Express.js?,express.js
Why does the difference between UNION and UNION ALL cause performance issues and how do you fix it?,sql
"What query would you write to address the difference between DELETE, TRUNCATE and DROP?",sql
Why does prop drilling across multiple nested components occur in React and how do you resolve it?,react
How do you fix why nested flexbox containers break alignment in CSS?,html / css
How do you debug using worker_threads for CPU-bound tasks in a production Node.js server?,node.js
What is the recommended approach for handling the 'this' keyword inside a regular function in vanilla JavaScript?,javascript
Why does the difference between eager and lazy evaluation in a generator expression cause unexpected behavior and how do you fix it in Python?,python
How would you resolve the difference between list slicing and the itertools module in Python?,python
How do you debug vectorizing a loop-based computation with NumPy in Python?,python
Why does environment variables not loading from a .env file occur in Node.js and how do you fix it?,node.js
Why does the difference between abstract classes and interfaces cause a type error and how do you resolve it?,typescript
How do you debug the difference between synchronous middleware and async middleware errors in a production Node.js server?,node.js
What would you check when debugging the difference between a Laravel service provider and a facade in a Laravel project?,php / laravel
How would you resolve memory leaks from unclosed database connections in a Node.js application?,node.js
What is the correct React pattern to solve the difference between React.memo and PureComponent?,react
How would you resolve circular dependency errors between modules in a Node.js application?,node.js
Why does the difference between == and === in PHP cause issues in PHP and how do you fix it?,php / laravel
How do you fix handling multiple pieces of state that update together in a React application?,react
Why does the difference between synchronous and asynchronous middleware errors cause issues in an Express.js server and how do you fix it?,express.js
What's the correct way to deal with resolving a circular import between two modules in a Python project?,python
What's the correct HTML/CSS technique to solve the box-sizing property changing layout calculations?,html / css
What is the correct React pattern to solve the difference between server-side rendering and client-side rendering in React?,react
How would you resolve the difference between a pandas Series and a DataFrame in Python?,python
"In React, what would you check when handling optimistic UI updates before an API call resolves happens?",react
Why does using dynamic routes with bracket folder names behave this way in Next.js and how do you fix it?,next.js
What's the best practice for the difference between next/image and a regular img tag in Next.js?,next.js
Why does the difference between synchronous and asyncio-based concurrency cause unexpected behavior and how do you fix it in Python?,python
What is the best practice for handling the difference between exception chaining with raise from and a plain raise in Python?,python
How do you fix the difference between useContext and prop drilling in a React application?,react
What's the best practice around handling multiple pieces of state that update together in React?,react
What's the correct HTML/CSS technique to solve vertical alignment of inline elements?,html / css
How would you correctly implement using a Map versus a plain object for lookups in JavaScript?,javascript
Why does optimizing a query that uses SELECT * cause performance issues and how do you fix it?,sql
What's the correct SQL approach to handle writing a recursive query with a common table expression?,sql
How do you handle the purpose of the route.js file for API routes in Next.js?,next.js
How do you handle deploying a Next.js app with API routes to a serverless platform in Next.js?,next.js
What's the correct HTML/CSS technique to solve a modal not covering the full viewport on mobile?,html / css
How do you debug handling CORS in a Flask API in Python?,python
How do you correctly handle the difference between optional properties and undefined types in TypeScript?,typescript
What is the correct approach to debugging a hydration error caused by mismatched server and client output in a Next.js app?,next.js
What is the recommended way to handle parsing JSON request bodies with express.json in Express.js?,express.js
How would you correctly implement closures in JavaScript?,javascript
What is the recommended approach for handling using a Set to remove duplicates in vanilla JavaScript?,javascript
Why does the difference between a function declaration and a function expression behave unexpectedly in JavaScript and how do you debug it?,javascript
"In JavaScript, what causes issues with the difference between Promise.race and Promise.any and how would you fix it?",javascript
What's the best practice for handling handling timeouts for outgoing HTTP requests in Node.js?,node.js
What is the correct way to deal with structuring error-first callbacks properly when building a Node.js backend?,node.js
How do you correctly handle the difference between Laravel Sanctum and Laravel Passport in PHP/Laravel?,php / laravel
Why does hoisting of let and const behave unexpectedly in JavaScript and how do you debug it?,javascript
How would you resolve structuring a Node.js project with MVC architecture in a Node.js application?,node.js
Why does the difference between React.memo and PureComponent occur in React and how do you resolve it?,react
Why does a component re-rendering too many times occur in React and how do you resolve it?,react
Why does why environment variables aren't available during the build step behave this way in Next.js and how do you fix it?,next.js
What's the correct SQL approach to handle writing a query to calculate a running total?,sql
What's the correct pattern to avoid bugs related to the difference between setTimeout and setInterval in JavaScript?,javascript
How would you correctly implement clearing a setInterval correctly on unmount in JavaScript?,javascript
What is the best practice for the difference between Eloquent ORM and raw SQL queries in Laravel in a Laravel application?,php / laravel
How do you debug the difference between threading.Lock and asyncio.Lock in Python?,python
How would you explain handling loading states with the loading.js file to debug a Next.js issue?,next.js
Why does handling file uploads and storing them on a Laravel disk cause issues in PHP and how do you fix it?,php / laravel
Why does the difference between INSERT and UPSERT (ON CONFLICT) cause performance issues and how do you fix it?,sql
How do you correctly handle extending an interface from multiple sources in TypeScript?,typescript
How do you fix z-index not working as expected in CSS?,html / css
What is the recommended approach for handling the difference between null and undefined in vanilla JavaScript?,javascript
How do you correctly handle the difference between a Laravel migration and a seeder in PHP/Laravel?,php / laravel
Why does handling authentication with JWT in a FastAPI app cause unexpected behavior and how do you fix it in Python?,python
How do you correctly implement connecting Express to a PostgreSQL database with a connection pool in an Express.js app?,express.js
How do you correctly handle the difference between enum and union of string literals in TypeScript?,typescript
What is the best approach to handle an image not maintaining aspect ratio when resized when building a responsive layout?,html / css
What's the correct HTML/CSS technique to solve an image not maintaining aspect ratio when resized?,html / css
Why does the difference between synchronous requests and async httpx calls cause unexpected behavior and how do you fix it in Python?,python
What is the correct approach to why environment variables aren't available during the build step in a Next.js app?,next.js
What is the best practice for handling using a decorator to log function execution time in Python?,python
What's the best practice for handling reading command-line arguments in a Node script in Node.js?,node.js
What is the recommended TypeScript approach for typing an async function's return value correctly?,typescript
What's the correct pattern to avoid bugs related to converting a NodeList to an array in JavaScript?,javascript
What is the best practice for the difference between a Laravel migration and a seeder in a Laravel application?,php / laravel
What is the recommended way to handle the difference between next() and next(err) in middleware in Express.js?,express.js
How do you correctly implement validating request data before it reaches the controller in an Express.js app?,express.js
What is the recommended approach for handling debugging an unhandled promise rejection in vanilla JavaScript?,javascript
What's the recommended Laravel approach for the difference between a Laravel service provider and a facade?,php / laravel
How do you correctly implement handling errors with a centralized error-handling middleware in an Express.js app?,express.js
What is the recommended approach for handling the event loop in vanilla JavaScript?,javascript
How do you handle fetching data in parallel inside a server component in Next.js?,next.js
What is the best approach to handle CSS transitions not triggering on the first render when building a responsive layout?,html / css
How do you debug the difference between list slicing and the itertools module in Python?,python
How would you explain the difference between getStaticProps and getServerSideProps to debug a Next.js issue?,next.js
Why does why an SVG icon doesn't scale with its container happen and what's the CSS-only solution?,html / css
Why does handling a ZeroDivisionError gracefully cause unexpected behavior and how do you fix it in Python?,python
Why does testing an Express route with Jest and Supertest occur in Node.js and how do you fix it?,node.js
Why does handling a fatal error caused by a null property access cause issues in PHP and how do you fix it?,php / laravel
What's the best practice around the difference between Redux and Context API for state management in React?,react
What query would you write to address handling pagination efficiently with OFFSET and LIMIT?,sql
What's the recommended Laravel approach for the difference between soft deletes and hard deletes in Eloquent?,php / laravel
How do you fix the difference between Redux and Context API for state management in a React application?,react
How would you resolve the difference between Django's ORM querysets being lazy versly evaluated in Python?,python
What is the correct approach to the difference between metadata API and the Head component for SEO in a Next.js app?,next.js
Why does rate limiting requests to prevent abuse cause issues in an Express.js server and how do you fix it?,express.js
Why does the difference between a Laravel policy and a gate cause issues in PHP and how do you fix it?,php / laravel
What is the best practice for handling environment configuration with the .env file in Laravel in a Laravel application?,php / laravel
What is the correct React pattern to solve handling multiple pieces of state that update together?,react
Why does context causing unnecessary re-renders across the tree occur in React and how do you resolve it?,react
What's the best practice for handling file uploads with multer in an Express app in Express.js?,express.js
Why does fetching data from MongoDB inside a Next.js server component behave this way in Next.js and how do you fix it?,next.js
How would you resolve the difference between multiprocessing and multithreading in Python?,python
"In React, what would you check when handling multiple pieces of state that update together happens?",react
How do you debug debugging a memory leak using heap snapshots in a production Node.js server?,node.js
What's the correct SQL approach to handle the difference between ACID properties and eventual consistency?,sql
How do you correctly handle the difference between generics constraints with extends in TypeScript?,typescript
What's the best practice for handling rate limiting incoming API requests in Node.js?,node.js
Why does generator functions and yield behave unexpectedly in JavaScript and how do you debug it?,javascript
What is the best practice for handling the difference between eager and lazy evaluation in a generator expression in Python?,python
How would you correctly implement using localStorage vs sessionStorage in JavaScript?,javascript
Why does the difference between mounting and updating lifecycle phases occur in React and how do you resolve it?,react
Why does the difference between useImperativeHandle and forwardRef occur in React and how do you resolve it?,react
Why does the difference between == and === behave unexpectedly in JavaScript and how do you debug it?,javascript
What is the correct way to deal with rate limiting incoming API requests when building a Node.js backend?,node.js
How do you correctly implement handling cookies securely in an Express response in an Express.js app?,express.js
How would you type-safely solve handling strict null checks in a large codebase?,typescript
What's the correct SQL approach to handle the difference between clustered and non-clustered indexes?,sql
What is the best practice for handling queued jobs for a long-running task in Laravel in a Laravel application?,php / laravel
What is the recommended approach for handling chaining multiple array methods for performance in vanilla JavaScript?,javascript
What's the best practice around structuring folder architecture for a large React app in React?,react
What would you check first when debugging handling versioning of API routes in Express.js?,express.js
How would you explain the difference between server actions and traditional API routes to debug a Next.js issue?,next.js
What's the correct way to deal with handling missing values in a pandas DataFrame in a Python project?,python
What's the best practice for validating request data before it reaches the controller in Express.js?,express.js
What query would you write to address handling NULL values in a comparison?,sql
How do you debug the difference between string formatting with f-strings and .format() in Python?,python
Why does handling async errors inside an Express route handler cause issues in an Express.js server and how do you fix it?,express.js
What would you check when debugging the difference between Laravel's API resources and returning a model directly in a Laravel project?,php / laravel
How do you handle the purpose of the app router's page.js and layout.js files in Next.js?,next.js
How do you correctly handle the difference between Laravel's API resources and returning a model directly in PHP/Laravel?,php / laravel
Why does the difference between global and local npm packages occur in Node.js and how do you fix it?,node.js
How would you resolve the difference between a module and a package in Python in Python?,python
"In JavaScript, what causes issues with debugging a variable that is undefined inside a callback and how would you fix it?",javascript
How do you correctly implement setting up session-based authentication with express-session in an Express.js app?,express.js
"In JavaScript, what causes issues with tail call optimization support and how would you fix it?",javascript
How would you solve handling case sensitivity in a text comparison in SQL?,sql
What's the correct pattern to avoid bugs related to using reduce to flatten an array in JavaScript?,javascript
What's the correct way to deal with the difference between a queue and a stack implementation in Python in a Python project?,python
What's the correct HTML/CSS technique to solve a background image not covering the full container?,html / css
How do you handle the difference between streaming and suspense boundaries in the app router in Next.js?,next.js
How would you correctly implement debugging an unhandled promise rejection in JavaScript?,javascript
What is the best practice for handling the difference between a module and a package in Python in Python?,python
What would you check first when debugging logging incoming requests with morgan in Express.js?,express.js
What is the best approach to handle the difference between max-content and fit-content when building a responsive layout?,html / css
How do you correctly handle the difference between interface and type alias in TypeScript?,typescript
How do you debug graceful shutdown of an HTTP server on SIGTERM in a production Node.js server?,node.js
What is the best approach to handle why an SVG icon doesn't scale with its container when building a responsive layout?,html / css
How do you correctly handle typing event handlers correctly in a DOM project in TypeScript?,typescript
Why does the difference between dependencies and devDependencies occur in Node.js and how do you fix it?,node.js
What's the best practice for handling graceful shutdown of an HTTP server on SIGTERM in Node.js?,node.js
How would you correctly implement debugging a variable that is undefined inside a callback in JavaScript?,javascript
How do you debug structuring error-first callbacks properly in a production Node.js server?,node.js
Why does the difference between a Flask blueprint and a single app file cause unexpected behavior and how do you fix it in Python?,python
How would you explain handling environment variables that need to be exposed to the browser to debug a Next.js issue?,next.js
Why does connecting Express to a PostgreSQL database with a connection pool cause issues in an Express.js server and how do you fix it?,express.js
Why does the difference between getStaticProps and getServerSideProps behave this way in Next.js and how do you fix it?,next.js
How do you handle the difference between layout.js and template.js in Next.js?,next.js
How do you debug the difference between Django's ORM querysets being lazy versly evaluated in Python?,python
What is the correct React pattern to solve missing dependencies in a useEffect dependency array?,react
How would you resolve the difference between a property decorator and a plain method in Python?,python
What would you check when debugging eager loading relationships to avoid N+1 queries in Laravel in a Laravel project?,php / laravel
What is the recommended approach for handling converting a string to a number safely in vanilla JavaScript?,javascript
How would you solve the difference between GROUP BY and ORDER BY in SQL?,sql
What is the correct way to deal with circular dependency errors between modules when building a Node.js backend?,node.js
Why does handling a fetch request that never resolves behave unexpectedly in JavaScript and how do you debug it?,javascript
What is the best approach to handle why line-height affects inline element spacing unexpectedly when building a responsive layout?,html / css
How do you fix debugging why useState doesn't merge objects like setState did in a React application?,react
Why does a modal not covering the full viewport on mobile happen and what's the CSS-only solution?,html / css
What's the correct pattern to avoid bugs related to immutability patterns for state updates in JavaScript?,javascript
How would you type-safely solve the difference between satisfies operator and type assertion?,typescript
What is the best practice for dealing with the difference between INNER JOIN and LEFT JOIN in a relational database?,sql
What's the best practice around infinite loop caused by a useEffect in React?,react
Why does the difference between GROUP BY and ORDER BY cause performance issues and how do you fix it?,sql
Why does the difference between class variables and instance variables cause unexpected behavior and how do you fix it in Python?,python
Why does the difference between hydration errors and rendering errors occur in React and how do you resolve it?,react
What's the correct pattern to avoid bugs related to the difference between strict mode and sloppy mode in JavaScript?,javascript
Why does the difference between controlled and uncontrolled inputs occur in React and how do you resolve it?,react
What is the best practice for handling the difference between Flask and Django for building a web app in Python?,python
"In React, what would you check when the difference between hydration errors and rendering errors happens?",react
What would you check first when debugging structuring routes using the Express Router in Express.js?,express.js
Why does lazy loading a component with React.lazy and Suspense occur in React and how do you resolve it?,react
How do you debug handling an exception inside an async function in Python?,python
Why does infinite loop caused by a useEffect occur in React and how do you resolve it?,react
How do you fix sticky positioning not working inside an overflow container in CSS?,html / css
How do you correctly handle the difference between include and require in PHP in PHP/Laravel?,php / laravel
What is the correct React pattern to solve a custom hook not updating when its dependency changes?,react
How do you fix the difference between useState and useReducer in a React application?,react
Why does graceful shutdown of an HTTP server on SIGTERM occur in Node.js and how do you fix it?,node.js
Why does comparing objects for deep equality behave unexpectedly in JavaScript and how do you debug it?,javascript
What's the best practice around the difference between useMemo and useCallback in React?,react
How would you resolve handling WebSocket connections alongside an HTTP server in a Node.js application?,node.js
How would you resolve the difference between synchronous and asynchronous fs methods in a Node.js application?,node.js
What is the correct approach to the difference between server components and client components in a Next.js app?,next.js
How do you correctly handle handling CSRF protection in a Laravel form in PHP/Laravel?,php / laravel
Why does missing dependencies in a useEffect dependency array occur in React and how do you resolve it?,react
What query would you write to address handling case sensitivity in a text comparison?,sql
What would you check first when debugging the order in which middleware functions execute in Express.js?,express.js
Why does resolving a circular import between two modules cause unexpected behavior and how do you fix it in Python?,python
"In JavaScript, what causes issues with arrow functions inside class methods losing binding and how would you fix it?",javascript
What's the correct SQL approach to handle handling case sensitivity in a text comparison?,sql
Why does the difference between edge runtime and node runtime in Next.js behave this way in Next.js and how do you fix it?,next.js
How do you correctly handle structuring a Laravel project using the repository pattern in PHP/Laravel?,php / laravel
What is the recommended approach for handling clearing a setInterval correctly on unmount in vanilla JavaScript?,javascript
What is the best approach to handle a form's autofill styles overriding custom input styles when building a responsive layout?,html / css
Why does the difference between Object.freeze and const behave unexpectedly in JavaScript and how do you debug it?,javascript
What's the best practice for handling structuring error-first callbacks properly in Node.js?,node.js
How would you solve the difference between database sharding and replication in SQL?,sql
How would you explain the difference between server components and client components to debug a Next.js issue?,next.js
What is the correct approach to the difference between next.config.js rewrites and redirects in a Next.js app?,next.js
What is the best practice for the difference between static and instance methods in PHP classes in a Laravel application?,php / laravel
"In JavaScript, what causes issues with the difference between slice and splice and how would you fix it?",javascript
What's the best practice around handling error boundaries for a component tree in React?,react
How would you resolve handling a KeyError when accessing a dictionary in Python?,python
How do you debug handling missing values in a pandas DataFrame in Python?,python
What is the recommended way to handle serving static files from a public directory in Express.js?,express.js
How would you solve using window functions like ROW_NUMBER and RANK in SQL?,sql
How do you fix grid items overflowing their container in CSS?,html / css
What's the best practice for setting up session-based authentication with express-session in Express.js?,express.js
Why does the difference between let and var in a loop behave unexpectedly in JavaScript and how do you debug it?,javascript
What's the best practice around stale state inside a useEffect closure in React?,react
How do you handle handling redirects inside middleware in Next.js?,next.js
What is the recommended way to handle setting up session-based authentication with express-session in Express.js?,express.js
What's the correct pattern to avoid bugs related to the difference between == and === in JavaScript?,javascript
What is the best practice for handling a SQL injection vulnerability in a raw query in a Laravel application?,php / laravel
What is the recommended approach for handling WeakMap usage for private data in vanilla JavaScript?,javascript
What's the best practice for the difference between generateStaticParams and getStaticPaths in Next.js?,next.js
What is the recommended TypeScript approach for why a type error appears only after enabling strict mode?,typescript
Why does typing a Redux reducer with discriminated unions cause a type error and how do you resolve it?,typescript
How would you type-safely solve typing the props of a React component?,typescript
What's the best practice for handling the difference between middleware order in Express in Node.js?,node.js
What is the recommended way to handle the difference between app.listen and a custom http server wrapping Express in Express.js?,express.js
How do you debug handling uncaught exceptions gracefully in a production Node.js server?,node.js
What is the best practice for handling file uploads and storing them on a Laravel disk in a Laravel application?,php / laravel
"In JavaScript, what causes issues with converting a callback-based API to promises and how would you fix it?",javascript
How would you correctly implement converting a callback-based API to promises in JavaScript?,javascript
What's the recommended Laravel approach for handling queued jobs for a long-running task in Laravel?,php / laravel
Why does conditionally rendering a component based on async data occur in React and how do you resolve it?,react
What is the recommended approach for handling the difference between throw and return in a catch block in vanilla JavaScript?,javascript
How would you resolve the difference between a list and a tuple in Python?,python
What is the recommended approach for handling detecting an array vs a plain object in vanilla JavaScript?,javascript
What is the best practice for handling the difference between pandas loc and iloc in Python?,python
How do you debug the difference between a shallow and a deep neural network in Python?,python
Why does the difference between fetch caching defaults in the app router behave this way in Next.js and how do you fix it?,next.js
Why does mutable default arguments causing unexpected behavior cause unexpected behavior and how do you fix it in Python?,python
What is the best approach to handle z-index not working as expected when building a responsive layout?,html / css
Why does why nested flexbox containers break alignment happen and what's the CSS-only solution?,html / css
What's the best practice for handling logging errors properly in a production Node app in Node.js?,node.js
What's the correct HTML/CSS technique to solve a form input not respecting max-width?,html / css
What's the correct way to deal with handling database migrations in Django in a Python project?,python
Why does promise chaining behave unexpectedly in JavaScript and how do you debug it?,javascript
"In React, what would you check when lazy loading a component with React.lazy and Suspense happens?",react
Why does debugging a hydration error caused by mismatched server and client output behave this way in Next.js and how do you fix it?,next.js
What's the best practice for handling the difference between dependencies and devDependencies in Node.js?,node.js
What's the correct pattern to avoid bugs related to debugging an unhandled promise rejection in JavaScript?,javascript
Why does the difference between metadata API and the Head component for SEO behave this way in Next.js and how do you fix it?,next.js
How do you debug the Global Interpreter Lock limiting CPU-bound threads in Python?,python
How do you debug the difference between a shallow function call stack and recursion depth limit in Python?,python
"In JavaScript, what causes issues with filtering out duplicate values from an array and how would you fix it?",javascript
What query would you write to address writing a query to calculate a running total?,sql
"Why does the difference between res.send, res.json and res.end cause issues in an Express.js server and how do you fix it?",express.js
How do you fix structuring folder architecture for a large React app in a React application?,react
Why does scoping issues inside a for loop with setTimeout behave unexpectedly in JavaScript and how do you debug it?,javascript
What is the recommended way to handle handling versioning of API routes in Express.js?,express.js
Why does rate limiting incoming API requests occur in Node.js and how do you fix it?,node.js
What's the best practice around the difference between hydration errors and rendering errors in React?,react
How do you fix using aspect-ratio property for responsive video embeds in CSS?,html / css
What is the recommended approach for handling closures in vanilla JavaScript?,javascript
Why does the difference between throw and return in a catch block behave unexpectedly in JavaScript and how do you debug it?,javascript
What's the best practice for handling validating request bodies before hitting the database in Node.js?,node.js
How would you solve the difference between an inner subquery and a correlated subquery in SQL?,sql
Why does the difference between Redux and Context API for state management occur in React and how do you resolve it?,react
How do you correctly handle the difference between a Laravel controller and a resource controller in PHP/Laravel?,php / laravel
How would you resolve handling large CSV files without loading them fully into memory in Python?,python
How do you debug handling WebSocket connections alongside an HTTP server in a production Node.js server?,node.js
What is the correct React pattern to solve the difference between Redux and Context API for state management?,react
Why does memory leaks from unclosed database connections occur in Node.js and how do you fix it?,node.js
How do you correctly implement the difference between route-level and application-level middleware in an Express.js app?,express.js
How do you handle the difference between css modules and global styles in Next.js in Next.js?,next.js
What's the best practice for setting up CORS correctly for a frontend making cross-origin requests in Express.js?,express.js
What's the best practice for handling errors with a centralized error-handling middleware in Express.js?,express.js
Why does using Promise.all versus Promise.allSettled behave unexpectedly in JavaScript and how do you debug it?,javascript
What is the recommended approach for handling promise chaining in vanilla JavaScript?,javascript
What's the correct pattern to avoid bugs related to the 'this' keyword inside an arrow function in JavaScript?,javascript
What's the best practice for debugging a hydration error caused by mismatched server and client output in Next.js?,next.js
Why does the difference between local component state and global state occur in React and how do you resolve it?,react
How would you type-safely solve the difference between any and unknown?,typescript
"How would you resolve the difference between spawn, exec and fork in child_process in a Node.js application?",node.js
What's the best practice for structuring a REST API with separate controllers and services in Express.js?,express.js
Why does caching API responses with Redis in a Node app occur in Node.js and how do you fix it?,node.js
What is the best practice for dealing with the difference between database sharding and replication in a relational database?,sql
What is the correct way to deal with validating request bodies before hitting the database when building a Node.js backend?,node.js
How do you debug the difference between NumPy broadcasting rules in Python?,python
How would you resolve the difference between string formatting with f-strings and .format() in Python?,python
Why does aborting a fetch request with AbortController behave unexpectedly in JavaScript and how do you debug it?,javascript
"In JavaScript, what causes issues with NaN comparisons and how would you fix it?",javascript
What is the recommended approach for handling sorting an array of objects by a property in vanilla JavaScript?,javascript
What's the correct HTML/CSS technique to solve media queries not applying in the correct order?,html / css
What's the correct pattern to avoid bugs related to the difference between slice and splice in JavaScript?,javascript
What's the best practice for handling async errors inside an Express route handler in Express.js?,express.js
How would you explain fetching data in parallel inside a server component to debug a Next.js issue?,next.js
Why does the difference between next/image and a regular img tag behave this way in Next.js and how do you fix it?,next.js
What would you check when debugging the difference between Laravel middleware and form request validation in a Laravel project?,php / laravel
What's the best practice around conditionally rendering a component based on async data in React?,react
How would you correctly implement optional chaining on a deeply nested object in JavaScript?,javascript
What's the correct way to deal with the Global Interpreter Lock limiting CPU-bound threads in a Python project?,python
"In JavaScript, what causes issues with closures and how would you fix it?",javascript
"In JavaScript, what causes issues with the 'this' keyword inside an arrow function and how would you fix it?",javascript
Why does hashing passwords securely with bcrypt occur in Node.js and how do you fix it?,node.js
What is the correct React pattern to solve avoiding unnecessary API calls on every re-render?,react
How do you correctly handle typing an async function's return value correctly in TypeScript?,typescript
What is the correct approach to using dynamic routes with bracket folder names in a Next.js app?,next.js
What is the correct React pattern to solve the difference between fragment and div wrapper elements?,react
What is the recommended approach for handling the difference between setTimeout and setInterval in vanilla JavaScript?,javascript
What's the correct SQL approach to handle the difference between INNER JOIN and LEFT JOIN?,sql
Why does debugging a memory leak using heap snapshots occur in Node.js and how do you fix it?,node.js
What query would you write to address optimizing a query that uses SELECT *?,sql
What's the best practice for handling cookies securely in an Express response in Express.js?,express.js
What's the best practice for handling an unhandled promise rejection crashing the server in Node.js?,node.js
What's the correct way to deal with the difference between is and == in a Python project?,python
What is the best practice for the difference between PHP's isset and empty functions in a Laravel application?,php / laravel
What's the best practice for handling the difference between process.env and config files in Node.js?,node.js
How do you handle handling environment variables that need to be exposed to the browser in Next.js?,next.js
What's the correct pattern to avoid bugs related to the spread operator on objects in JavaScript?,javascript
What's the best practice for why environment variables aren't available during the build step in Next.js?,next.js
How would you explain the difference between the pages router and the app router to debug a Next.js issue?,next.js
Why does the difference between useLayoutEffect and useEffect occur in React and how do you resolve it?,react
"In JavaScript, what causes issues with the difference between Array.from and the spread operator and how would you fix it?",javascript
What is the correct React pattern to solve a form input losing focus after every keystroke?,react
How do you handle setting up middleware for authentication in Next.js in Next.js?,next.js
How would you solve the difference between UNION and UNION ALL in SQL?,sql
How would you type-safely solve typing event handlers correctly in a DOM project?,typescript
"In React, what would you check when portals rendering outside the parent DOM hierarchy happens?",react
How do you handle the difference between server components and client components in Next.js?,next.js
How do you fix the difference between useLayoutEffect and useEffect in a React application?,react
How would you correctly implement the difference between setTimeout and setInterval in JavaScript?,javascript
How do you fix a background image not covering the full container in CSS?,html / css
What is the recommended way to handle the difference between route-level and application-level middleware in Express.js?,express.js
Why does the difference between PHP's isset and empty functions cause issues in PHP and how do you fix it?,php / laravel
"In JavaScript, what causes issues with chaining multiple array methods for performance and how would you fix it?",javascript
Why does handling timezone-aware datetime objects correctly cause unexpected behavior and how do you fix it in Python?,python
What's the best practice around a form input losing focus after every keystroke in React?,react
How would you correctly implement debouncing an input handler in JavaScript?,javascript
What is the best practice for dealing with the difference between a view and a materialized view in a relational database?,sql
What's the correct pattern to avoid bugs related to aborting a fetch request with AbortController in JavaScript?,javascript
Why does typing the props of a React component cause a type error and how do you resolve it?,typescript
What would you check when debugging the difference between a Laravel event listener and an observer in a Laravel project?,php / laravel
What is the best practice for handling the difference between a lambda function and a named function in Python?,python
Why does the difference between a shallow function call stack and recursion depth limit cause unexpected behavior and how do you fix it in Python?,python
How do you correctly handle the difference between artisan commands and scheduled tasks in PHP/Laravel?,php / laravel
What's the difference-driven fix for the difference between readonly and const in TypeScript in TypeScript?,typescript
"What's the best practice for handling the difference between spawn, exec and fork in child_process in Node.js?",node.js
What's the correct pattern to avoid bugs related to filtering out duplicate values from an array in JavaScript?,javascript
How do you correctly handle the difference between PHP's foreach by value and foreach by reference in PHP/Laravel?,php / laravel
Why does the difference between map and forEach behave unexpectedly in JavaScript and how do you debug it?,javascript
What's the correct SQL approach to handle the difference between horizontal and vertical partitioning?,sql
"In React, what would you check when the difference between useRef and useState happens?",react
What is the best practice for handling the difference between a property decorator and a plain method in Python?,python
What is the recommended approach for handling filtering out duplicate values from an array in vanilla JavaScript?,javascript
How do you correctly handle the difference between never and void return types in TypeScript?,typescript
How do you debug the difference between a Flask blueprint and a single app file in Python?,python
What is the best approach to handle using object-fit to crop an image inside a fixed box when building a responsive layout?,html / css
What is the recommended approach for handling debugging why a function runs before data has loaded in vanilla JavaScript?,javascript
What's the correct HTML/CSS technique to solve collapsing margins between sibling elements?,html / css
How do you handle the difference between fetch caching defaults in the app router in Next.js?,next.js
How would you resolve the difference between a lambda function and a named function in Python?,python
What's the correct pattern to avoid bugs related to debouncing an input handler in JavaScript?,javascript
What is the recommended way to handle the difference between a 404 handler and a global error handler in Express.js?,express.js
How do you correctly implement the difference between PATCH and PUT in a REST route in an Express.js app?,express.js
Why does handling validation errors in a Laravel form request cause issues in PHP and how do you fix it?,php / laravel
What is the correct approach to setting up middleware for authentication in Next.js in a Next.js app?,next.js
Why does using type hints with Optional and Union cause unexpected behavior and how do you fix it in Python?,python
What's the correct HTML/CSS technique to solve the difference between visibility hidden and display none?,html / css
What query would you write to address the difference between WHERE and HAVING clauses?,sql
How do you fix the difference between mounting and updating lifecycle phases in a React application?,react
How do you debug caching API responses with Redis in a Node app in a production Node.js server?,node.js
How do you fix a component re-rendering too many times in a React application?,react
Why does filtering out duplicate values from an array behave unexpectedly in JavaScript and how do you debug it?,javascript
Why does the difference between Buffer and Stream in Node.js occur in Node.js and how do you fix it?,node.js
What's the correct HTML/CSS technique to solve float-based layouts causing a collapsed parent container?,html / css
How do you debug circular dependency errors between modules in a production Node.js server?,node.js
How would you resolve reading command-line arguments in a Node script in a Node.js application?,node.js
How do you fix text overflowing without ellipsis truncation in CSS?,html / css
How do you debug the difference between a set and a frozenset in Python?,python
What is the correct approach to the difference between edge runtime and node runtime in Next.js in a Next.js app?,next.js
How do you fix the difference between max-content and fit-content in CSS?,html / css
Why does handling file uploads with multer in an Express app cause issues in an Express.js server and how do you fix it?,express.js
How would you explain why environment variables aren't available during the build step to debug a Next.js issue?,next.js
What's the correct pattern to avoid bugs related to the temporal dead zone in JavaScript?,javascript
What is the correct approach to the difference between static generation and incremental static regeneration in a Next.js app?,next.js
Why does the difference between inline-block and block display happen and what's the CSS-only solution?,html / css
What's the correct way to deal with handling CORS in a Flask API in a Python project?,python
How do you debug the difference between try/except and try/finally in Python?,python
Why does array destructuring behave unexpectedly in JavaScript and how do you debug it?,javascript
What would you check when debugging the difference between Laravel Sanctum and Laravel Passport in a Laravel project?,php / laravel
Why does handling side effects only on component mount occur in React and how do you resolve it?,react
Why does handling NULL values in a comparison cause performance issues and how do you fix it?,sql
What's the recommended Laravel approach for the difference between session-based auth and Sanctum token auth in Laravel?,php / laravel
What's the correct HTML/CSS technique to solve a hover effect not working on touch devices?,html / css
"In React, what would you check when lifting state up between sibling components happens?",react
How would you solve the difference between clustered and non-clustered indexes in SQL?,sql
What's the correct HTML/CSS technique to solve a button losing focus outline for accessibility?,html / css
What is the correct approach to handling loading states with the loading.js file in a Next.js app?,next.js
How would you correctly implement the spread operator on objects in JavaScript?,javascript
Why does debugging why a function runs before data has loaded behave unexpectedly in JavaScript and how do you debug it?,javascript
What query would you write to address the difference between ACID properties and eventual consistency?,sql
Why does structuring a REST API with separate controllers and services cause issues in an Express.js server and how do you fix it?,express.js
"How do you correctly implement the difference between res.send, res.json and res.end in an Express.js app?",express.js
What is the recommended approach for handling the difference between slice and splice in vanilla JavaScript?,javascript
How do you fix portals rendering outside the parent DOM hierarchy in a React application?,react
What is the best approach to handle a form label not linking correctly to its input when building a responsive layout?,html / css
What's the correct pattern to avoid bugs related to circular imports between ES modules in JavaScript?,javascript
How would you correctly implement scoping issues inside a for loop with setTimeout in JavaScript?,javascript
How would you solve the difference between OLTP and OLAP database design in SQL?,sql
How would you resolve the difference between a virtual environment and a conda environment in Python?,python
What's the best practice for the difference between app.use and app.get for defining routes in Express.js?,express.js
What is the correct approach to the difference between server actions and traditional API routes in a Next.js app?,next.js
What's the correct pattern to avoid bugs related to parsing a malformed JSON string safely in JavaScript?,javascript
Why does why a type error appears only after enabling strict mode cause a type error and how do you resolve it?,typescript
What's the best practice around a state update not reflecting immediately in the UI in React?,react
What's the correct HTML/CSS technique to solve a print stylesheet not hiding navigation elements?,html / css
What is the recommended TypeScript approach for extending an interface from multiple sources?,typescript
How would you resolve the difference between synchronous middleware and async middleware errors in a Node.js application?,node.js
What's the best practice around the difference between shallow rendering and full DOM rendering in tests in React?,react
What's the correct way to deal with the difference between a pandas Series and a DataFrame in a Python project?,python
How would you resolve the event loop blocking due to a synchronous CPU-heavy task in a Node.js application?,node.js
How do you fix the difference between local component state and global state in a React application?,react
What's the best practice for handling the difference between require and import in Node.js in Node.js?,node.js
How do you correctly handle the difference between Blade templates and returning JSON from a controller in PHP/Laravel?,php / laravel
Why does a form input losing focus after every keystroke occur in React and how do you resolve it?,react
How do you debug handling timezone-aware datetime objects correctly in Python?,python
How would you correctly implement currying a function in JavaScript?,javascript
What is the best practice for handling the Global Interpreter Lock limiting CPU-bound threads in Python?,python
How do you correctly handle typing a function that accepts a variable number of arguments in TypeScript?,typescript
Why does the difference between list slicing and the itertools module cause unexpected behavior and how do you fix it in Python?,python
"What is the correct way to deal with the difference between spawn, exec and fork in child_process when building a Node.js backend?",node.js
How do you debug structuring a Node.js project with MVC architecture in a production Node.js server?,node.js
How do you handle handling internationalized routing in Next.js in Next.js?,next.js
Why does the Global Interpreter Lock limiting CPU-bound threads cause unexpected behavior and how do you fix it in Python?,python
How would you explain the difference between client-side navigation and a full page reload with next/link to debug a Next.js issue?,next.js
How do you debug the difference between a virtual environment and a conda environment in Python?,python
What is the recommended approach for handling event bubbling in vanilla JavaScript?,javascript
What is the recommended way to handle setting up CORS correctly for a frontend making cross-origin requests in Express.js?,express.js
How would you resolve merging two DataFrames on a common column in Python?,python
How do you fix why an SVG icon doesn't scale with its container in CSS?,html / css
How would you correctly implement the difference between Object.freeze and const in JavaScript?,javascript
How do you debug the difference between a pandas Series and a DataFrame in Python?,python
What's the correct pattern to avoid bugs related to the nullish coalescing operator in JavaScript?,javascript
Why does handling missing values in a pandas DataFrame cause unexpected behavior and how do you fix it in Python?,python
How do you fix the difference between useRef and useState in a React application?,react
How would you resolve resolving a circular import between two modules in Python?,python
Why does optional chaining on a deeply nested object behave unexpectedly in JavaScript and how do you debug it?,javascript
"In React, what would you check when conditionally rendering a component based on async data happens?",react
How do you fix the difference between useImperativeHandle and forwardRef in a React application?,react
What's the recommended Laravel approach for eager loading relationships to avoid N+1 queries in Laravel?,php / laravel
What is the best approach to handle vendor prefixes needed for cross-browser support when building a responsive layout?,html / css
What is the best practice for handling the difference between synchronous views and async views in Django in Python?,python
What's the difference-driven fix for a third-party library missing type definitions in TypeScript?,typescript
What is the correct way to deal with handling WebSocket connections alongside an HTTP server when building a Node.js backend?,node.js
What's the best practice for handling internationalized routing in Next.js in Next.js?,next.js
"In JavaScript, what causes issues with optional chaining on a deeply nested object and how would you fix it?",javascript
How would you type-safely solve the difference between enum and union of string literals?,typescript
Why does the cascade order between user-agent styles and author styles happen and what's the CSS-only solution?,html / css
How would you resolve the difference between pandas loc and iloc in Python?,python
How would you explain the difference between layout.js and template.js to debug a Next.js issue?,next.js
What would you check first when debugging setting security headers using helmet in Express.js?,express.js
What's the best practice for handling handling uncaught exceptions gracefully in Node.js?,node.js
What is the recommended way to handle handling query parameters versus route parameters in Express.js?,express.js
What is the correct approach to deploying a Next.js app with API routes to a serverless platform in a Next.js app?,next.js
What's the correct way to deal with handling large CSV files without loading them fully into memory in a Python project?,python
What's the recommended Laravel approach for the difference between Composer's require and require-dev?,php / laravel
"In React, what would you check when the difference between useMemo and useCallback happens?",react
"In React, what would you check when handling side effects only on component mount happens?",react
What's the best practice for the difference between layout.js and template.js in Next.js?,next.js
"In React, what would you check when a ref returning null on the first render happens?",react
What is the recommended approach for handling parsing a malformed JSON string safely in vanilla JavaScript?,javascript
How do you fix the difference between fragment and div wrapper elements in a React application?,react
Why does setting up route model binding in Laravel cause issues in PHP and how do you fix it?,php / laravel
How do you debug the difference between unittest and pytest in Python?,python
How would you explain revalidating cached data after a mutation to debug a Next.js issue?,next.js
What is the correct approach to fetching data in parallel inside a server component in a Next.js app?,next.js
Why does using context managers with the with statement cause unexpected behavior and how do you fix it in Python?,python
What is the best practice for handling handling CORS in a Flask API in Python?,python
What would you check when debugging handling CSRF protection in a Laravel form in a Laravel project?,php / laravel
Why does protecting an API route so only authenticated users can access it behave this way in Next.js and how do you fix it?,next.js
Why does reading a large file without loading it fully into memory occur in Node.js and how do you fix it?,node.js
"In JavaScript, what causes issues with converting a string to a number safely and how would you fix it?",javascript
What is the recommended approach for handling the difference between Promise.race and Promise.any in vanilla JavaScript?,javascript
What's the best practice for handling handling WebSocket connections alongside an HTTP server in Node.js?,node.js
Why does using async/await inside a for loop without blocking occur in Node.js and how do you fix it?,node.js
What query would you write to address a query running slowly due to a missing index?,sql
How do you debug handling a KeyError when accessing a dictionary in Python?,python
What's the best practice for handling redirects inside middleware in Next.js?,next.js
What is the best practice for handling the difference between NumPy broadcasting rules in Python?,python
What is the recommended way to handle structuring a REST API with separate controllers and services in Express.js?,express.js
What's the best practice for the difference between a 404 handler and a global error handler in Express.js?,express.js
How do you handle why data fetched in a server component isn't updating on the client in Next.js?,next.js
What's the correct SQL approach to handle the difference between a foreign key constraint and a check constraint?,sql
What's the best practice for handling the difference between process.nextTick and setImmediate in Node.js?,node.js
What's the correct way to deal with using context managers with the with statement in a Python project?,python
What's the correct pattern to avoid bugs related to recursion causing a stack overflow in JavaScript?,javascript
What's the correct way to deal with the difference between a decorator with arguments and one without in a Python project?,python
What is the recommended TypeScript approach for resolving a circular type reference error?,typescript
What is the recommended approach for handling serializing a Date object to JSON in vanilla JavaScript?,javascript
How do you correctly handle a third-party library missing type definitions in TypeScript?,typescript
What is the best practice for handling the difference between threading.Lock and asyncio.Lock in Python?,python
How do you debug clustering a Node.js app across CPU cores in a production Node.js server?,node.js
How do you handle fetching data from MongoDB inside a Next.js server component in Next.js?,next.js
Why does a sticky header overlapping content below it happen and what's the CSS-only solution?,html / css
What's the best practice around the difference between useContext and prop drilling in React?,react
"In JavaScript, what causes issues with the event loop and how would you fix it?",javascript
How would you resolve the difference between a set and a frozenset in Python?,python
"In React, what would you check when a child component not receiving updated props happens?",react
What query would you write to address an N+1 query problem in an application?,sql
What's the best practice for handling resolving version conflicts in package-lock.json in Node.js?,node.js
What's the correct way to deal with the difference between try/except and try/finally in a Python project?,python
How do you debug mutable default arguments causing unexpected behavior in Python?,python
Why does structuring a Laravel project using the repository pattern cause issues in PHP and how do you fix it?,php / laravel
Why does the difference between interface and type alias cause a type error and how do you resolve it?,typescript
Why does a key prop warning when rendering a list occur in React and how do you resolve it?,react
Why does handling large CSV files without loading them fully into memory cause unexpected behavior and how do you fix it in Python?,python
What query would you write to address locking rows for update inside a transaction?,sql
Why does setting up middleware for authentication in Next.js behave this way in Next.js and how do you fix it?,next.js
What's the correct HTML/CSS technique to solve the difference between inline-block and block display?,html / css
What is the best practice for handling resolving a circular import between two modules in Python?,python
How would you solve writing a query to calculate a running total in SQL?,sql
Why does the difference between REST and GraphQL when building a Node API occur in Node.js and how do you fix it?,node.js
Why does using :not selector to exclude elements happen and what's the CSS-only solution?,html / css
How do you fix a custom hook not updating when its dependency changes in a React application?,react
How would you resolve the difference between npm and npx in a Node.js application?,node.js
How would you correctly implement handling race conditions between two async calls in JavaScript?,javascript
What is the correct React pattern to solve infinite loop caused by a useEffect?,react
Why does the difference between absolute and fixed positioning happen and what's the CSS-only solution?,html / css
What's the recommended Laravel approach for the difference between Laravel Sanctum and Laravel Passport?,php / laravel
What's the correct pattern to avoid bugs related to prototype inheritance in JavaScript?,javascript
Why does the difference between css modules and global styles in Next.js behave this way in Next.js and how do you fix it?,next.js
"In JavaScript, what causes issues with hoisting of var declarations and how would you fix it?",javascript
What is the correct approach to the difference between hydration mismatch errors and rendering errors in a Next.js app?,next.js
How do you debug the difference between a decorator with arguments and one without in Python?,python
What is the recommended way to handle handling async errors inside an Express route handler in Express.js?,express.js
How do you debug the difference between synchronous requests and async httpx calls in Python?,python
Why does the difference between deep copy and shallow copy cause unexpected behavior and how do you fix it in Python?,python
How would you explain the difference between catch-all routes and optional catch-all routes to debug a Next.js issue?,next.js
How would you resolve connecting to MongoDB with connection pooling in a Node.js application?,node.js
What is the recommended way to handle the difference between PATCH and PUT in a REST route in Express.js?,express.js
Why does the difference between PHP's foreach by value and foreach by reference cause issues in PHP and how do you fix it?,php / laravel
What is the best practice for the difference between a Laravel service provider and a facade in a Laravel application?,php / laravel
How do you fix a ref returning null on the first render in a React application?,react
Why does the difference between a Laravel event listener and an observer cause issues in PHP and how do you fix it?,php / laravel
What's the correct pattern to avoid bugs related to module bundling with ES modules in JavaScript?,javascript
What is the correct way to deal with testing an Express route with Jest and Supertest when building a Node.js backend?,node.js
What's the correct way to deal with the difference between synchronous views and async views in Django in a Python project?,python
What's the best practice around a key prop warning when rendering a list in React?,react
How would you resolve the difference between a queue and a stack implementation in Python in Python?,python
How would you solve the difference between INSERT and UPSERT (ON CONFLICT) in SQL?,sql
"In React, what would you check when the difference between server-side rendering and client-side rendering in React happens?",react
How do you debug setting up JWT-based authentication in Node.js in a production Node.js server?,node.js
Why does the difference between static generation and incremental static regeneration behave this way in Next.js and how do you fix it?,next.js
How do you debug connecting to MongoDB with connection pooling in a production Node.js server?,node.js
What is the best approach to handle collapsing margins between sibling elements when building a responsive layout?,html / css
What's the correct way to deal with the difference between __init__ and __new__ in a Python project?,python
What's the correct HTML/CSS technique to solve a custom checkbox not being accessible via keyboard?,html / css
What is the correct React pattern to solve a child component not receiving updated props?,react
What is the correct way to deal with the difference between global and local npm packages when building a Node.js backend?,node.js
How do you debug the difference between exception chaining with raise from and a plain raise in Python?,python
What's the correct way to deal with the difference between a shallow function call stack and recursion depth limit in a Python project?,python
Why does throttling a scroll handler behave unexpectedly in JavaScript and how do you debug it?,javascript
How would you correctly implement the 'this' keyword inside an arrow function in JavaScript?,javascript
What is the correct way to deal with the difference between REST and GraphQL when building a Node API when building a Node.js backend?,node.js
How would you explain deploying a Next.js app with API routes to a serverless platform to debug a Next.js issue?,next.js
How do you fix using object-fit to crop an image inside a fixed box in CSS?,html / css
What is the best approach to handle the cascade order between user-agent styles and author styles when building a responsive layout?,html / css
What is the correct approach to the difference between the pages router and the app router in a Next.js app?,next.js
How would you solve optimizing a query that uses SELECT * in SQL?,sql
Why does the difference between derived state and stored state occur in React and how do you resolve it?,react
What would you check when debugging the difference between artisan commands and scheduled tasks in a Laravel project?,php / laravel
How would you resolve the difference between a shallow and a deep neural network in Python?,python
How would you explain debugging a hydration error caused by mismatched server and client output to debug a Next.js issue?,next.js
What query would you write to address the difference between horizontal and vertical partitioning?,sql
Why does portals rendering outside the parent DOM hierarchy occur in React and how do you resolve it?,react
"In React, what would you check when optimizing a long list with virtualization happens?",react
What's the correct SQL approach to handle an N+1 query problem in an application?,sql
What is the best practice for dealing with the difference between a composite key and a surrogate key in a relational database?,sql
What is the recommended approach for handling tail call optimization support in vanilla JavaScript?,javascript
How do you correctly handle the difference between default exports and named exports typing in TypeScript?,typescript
How would you explain handling form submissions using server actions to debug a Next.js issue?,next.js
How would you correctly implement aborting a fetch request with AbortController in JavaScript?,javascript
What would you check when debugging the difference between Eloquent ORM and raw SQL queries in Laravel in a Laravel project?,php / laravel
What is the best approach to handle using CSS variables for a theme switch when building a responsive layout?,html / css
How would you resolve handling CORS errors in an Express-based API in a Node.js application?,node.js
How would you resolve the difference between args and kwargs in Python?,python
"In JavaScript, what causes issues with aborting a fetch request with AbortController and how would you fix it?",javascript
What is the recommended way to handle the order in which middleware functions execute in Express.js?,express.js
How do you correctly handle setting up route model binding in Laravel in PHP/Laravel?,php / laravel
What is the correct React pattern to solve portals rendering outside the parent DOM hierarchy?,react
What is the recommended approach for handling using Promise.all versus Promise.allSettled in vanilla JavaScript?,javascript
How do you fix the cascade order between user-agent styles and author styles in CSS?,html / css
How do you fix a button losing focus outline for accessibility in CSS?,html / css
Why does the difference between synchronous views and async views in Django cause unexpected behavior and how do you fix it in Python?,python
What's the best practice for the difference between next.config.js rewrites and redirects in Next.js?,next.js
What is the best practice for handling mutable default arguments causing unexpected behavior in Python?,python
How would you correctly implement converting an async function's return value in JavaScript?,javascript
What's the difference-driven fix for the difference between mapped types and conditional types in TypeScript?,typescript
How do you correctly implement the difference between body-parser and the built-in express.json middleware in an Express.js app?,express.js
What's the recommended Laravel approach for the difference between Laravel middleware and form request validation?,php / laravel
What is the recommended approach for handling the difference between Array.from and the spread operator in vanilla JavaScript?,javascript
How do you handle the difference between next.config.js rewrites and redirects in Next.js?,next.js
What is the best approach to handle a button losing focus outline for accessibility when building a responsive layout?,html / css
What is the correct way to deal with handling file uploads with multer when building a Node.js backend?,node.js
How do you fix vendor prefixes needed for cross-browser support in CSS?,html / css
Why does parsing a malformed JSON string safely behave unexpectedly in JavaScript and how do you debug it?,javascript
How do you correctly handle the difference between declaration merging and module augmentation in TypeScript?,typescript
What's the correct way to deal with handling a ZeroDivisionError gracefully in a Python project?,python
Why does circular dependency errors between modules occur in Node.js and how do you fix it?,node.js
What is the best practice for handling the difference between list slicing and the itertools module in Python?,python
What is the best practice for the difference between session-based auth and Sanctum token auth in Laravel in a Laravel application?,php / laravel
How do you correctly handle the difference between type assertion and type casting in TypeScript?,typescript
What is the correct React pattern to solve conditionally rendering a component based on async data?,react
What's the correct SQL approach to handle normalizing a database schema to third normal form?,sql
Why does the difference between string formatting with f-strings and .format() cause unexpected behavior and how do you fix it in Python?,python
Why does handling form validation without a library occur in React and how do you resolve it?,react
What's the recommended Laravel approach for the difference between PHP's foreach by value and foreach by reference?,php / laravel
What's the best practice around the difference between React.memo and PureComponent in React?,react
Why does handling database migrations in Django cause unexpected behavior and how do you fix it in Python?,python
What's the correct pattern to avoid bugs related to clearing a setInterval correctly on unmount in JavaScript?,javascript
How do you fix the difference between class components and functional components in a React application?,react
How do you fix the difference between useEffect cleanup and componentWillUnmount in a React application?,react
What is the best practice for structuring a Laravel project using the repository pattern in a Laravel application?,php / laravel
How do you fix the difference between visibility hidden and display none in CSS?,html / css
What is the best practice for handling debugging a memory leak in a long-running Python script in Python?,python
How do you correctly handle handling validation errors in a Laravel form request in PHP/Laravel?,php / laravel
How would you resolve testing an Express route with Jest and Supertest in a Node.js application?,node.js
"In React, what would you check when prop drilling across multiple nested components happens?",react
What's the difference-driven fix for the difference between abstract classes and interfaces in TypeScript?,typescript
Why does the difference between @staticmethod and @classmethod cause unexpected behavior and how do you fix it in Python?,python
How do you handle the difference between server actions and traditional API routes in Next.js?,next.js
What's the best practice for handling handling CORS errors in an Express-based API in Node.js?,node.js
How would you resolve the difference between is and == in Python?,python
Why does handling pagination efficiently with OFFSET and LIMIT cause performance issues and how do you fix it?,sql
What's the best practice for handling testing an Express route with Jest and Supertest in Node.js?,node.js
What's the difference-driven fix for typing event handlers correctly in a DOM project in TypeScript?,typescript
How do you fix missing dependencies in a useEffect dependency array in a React application?,react
What is the best practice for handling the difference between synchronous and asyncio-based concurrency in Python?,python
Why does using semantic HTML tags instead of generic divs happen and what's the CSS-only solution?,html / css
Why does a form input not respecting max-width happen and what's the CSS-only solution?,html / css
How do you fix a fixed-position element not sticking on mobile Safari in CSS?,html / css
What's the correct pattern to avoid bugs related to using a Map versus a plain object for lookups in JavaScript?,javascript
Why does the difference between WHERE and HAVING clauses cause performance issues and how do you fix it?,sql
"What is the recommended way to handle the difference between res.send, res.json and res.end in Express.js?",express.js
Why does deploying a Next.js app with API routes to a serverless platform behave this way in Next.js and how do you fix it?,next.js
What is the correct approach to setting cache headers for an API route response in a Next.js app?,next.js
What's the correct SQL approach to handle the difference between GROUP BY and ORDER BY?,sql
Why does the difference between max-content and fit-content happen and what's the CSS-only solution?,html / css
How do you debug the difference between multiprocessing and multithreading in Python?,python
What is the best practice for handling the difference between deep copy and shallow copy in Python?,python
What is the correct way to deal with clustering a Node.js app across CPU cores when building a Node.js backend?,node.js
How do you correctly implement the difference between app.use and app.get for defining routes in an Express.js app?,express.js
Why does text overflowing without ellipsis truncation happen and what's the CSS-only solution?,html / css
How would you correctly implement filtering out duplicate values from an array in JavaScript?,javascript
Why does the difference between require and import in Node.js occur in Node.js and how do you fix it?,node.js
What would you check when debugging the difference between a one-to-many and a many-to-many Eloquent relationship in a Laravel project?,php / laravel
Why does setting up JWT-based authentication in Node.js occur in Node.js and how do you fix it?,node.js
What is the correct React pattern to solve handling error boundaries for a component tree?,react
"In React, what would you check when stale state inside a useEffect closure happens?",react
What is the correct way to deal with streaming a file response to the client when building a Node.js backend?,node.js
What's the difference-driven fix for the difference between never and void return types in TypeScript?,typescript
Why does the difference between any and unknown cause a type error and how do you resolve it?,typescript
What would you check first when debugging validating request data before it reaches the controller in Express.js?,express.js
What is the recommended approach for handling the difference between Object.freeze and const in vanilla JavaScript?,javascript
What is the best practice for handling handling a KeyError when accessing a dictionary in Python?,python
How do you fix handling form validation without a library in a React application?,react
What's the correct way to deal with handling authentication with JWT in a FastAPI app in a Python project?,python
Why does the difference between a set and a frozenset cause unexpected behavior and how do you fix it in Python?,python
How do you debug the difference between process.env and config files in a production Node.js server?,node.js
How would you resolve the difference between try/except and try/finally in Python?,python
How do you handle the difference between generateStaticParams and getStaticPaths in Next.js?,next.js
What's the correct pattern to avoid bugs related to converting a string to a number safely in JavaScript?,javascript
"In JavaScript, what causes issues with the difference between strict mode and sloppy mode and how would you fix it?",javascript
"In JavaScript, what causes issues with the difference between null and undefined and how would you fix it?",javascript
Why does the difference between never and void return types cause a type error and how do you resolve it?,typescript
What's the correct pattern to avoid bugs related to garbage collection of detached DOM nodes in JavaScript?,javascript
What would you check when debugging the difference between a Laravel controller and a resource controller in a Laravel project?,php / laravel
What is the recommended TypeScript approach for the difference between abstract classes and interfaces?,typescript
What query would you write to address writing a recursive query with a common table expression?,sql
What is the best approach to handle a fixed-position element not sticking on mobile Safari when building a responsive layout?,html / css
What's the best practice for the difference between res.redirect and res.render in Express.js?,express.js
What is the best practice for dealing with writing a query to find duplicate rows in a table in a relational database?,sql
What query would you write to address the difference between a composite key and a surrogate key?,sql
What's the correct SQL approach to handle the difference between WHERE and HAVING clauses?,sql
How do you fix batching multiple setState calls in a React application?,react
What is the correct React pattern to solve the difference between useState and useReducer?,react
Why does the difference between artisan commands and scheduled tasks cause issues in PHP and how do you fix it?,php / laravel
How would you correctly implement immutability patterns for state updates in JavaScript?,javascript
How do you debug handling file uploads with multer in a production Node.js server?,node.js
How do you correctly handle the difference between Composer's require and require-dev in PHP/Laravel?,php / laravel
What is the recommended approach for handling module bundling with ES modules in vanilla JavaScript?,javascript
What is the recommended TypeScript approach for the difference between type assertion and type casting?,typescript
How would you type-safely solve narrowing a union type inside a conditional?,typescript
How do you fix conditionally rendering a component based on async data in a React application?,react
What's the correct pattern to avoid bugs related to throttling a scroll handler in JavaScript?,javascript
What's the best practice around lifting state up between sibling components in React?,react
"In JavaScript, what causes issues with scoping issues inside a for loop with setTimeout and how would you fix it?",javascript
What's the difference-driven fix for the difference between optional properties and undefined types in TypeScript?,typescript
What would you check when debugging the difference between soft deletes and hard deletes in Eloquent in a Laravel project?,php / laravel
Why does the difference between optional properties and undefined types cause a type error and how do you resolve it?,typescript
Why does the difference between npm and npx occur in Node.js and how do you fix it?,node.js
How would you explain the difference between metadata API and the Head component for SEO to debug a Next.js issue?,next.js
What is the correct approach to the difference between next/image and a regular img tag in a Next.js app?,next.js
What is the best practice for dealing with writing a recursive query with a common table expression in a relational database?,sql
Why does a ref returning null on the first render occur in React and how do you resolve it?,react
What is the correct approach to the difference between generateStaticParams and getStaticPaths in a Next.js app?,next.js
What's the correct pattern to avoid bugs related to the difference between throw and return in a catch block in JavaScript?,javascript
What would you check when debugging handling queued jobs for a long-running task in Laravel in a Laravel project?,php / laravel
What's the correct way to deal with the difference between NumPy broadcasting rules in a Python project?,python
How do you correctly handle the difference between structural typing and nominal typing in TypeScript?,typescript
What is the best practice for the difference between a one-to-many and a many-to-many Eloquent relationship in a Laravel application?,php / laravel
What is the recommended approach for handling comparing objects for deep equality in vanilla JavaScript?,javascript
How do you handle structuring a multi-tenant app with dynamic route segments in Next.js?,next.js
What's the best practice around handling race conditions when fetching data on prop change in React?,react
How do you handle the difference between hydration mismatch errors and rendering errors in Next.js?,next.js
What's the best practice for handling why a Node process doesn't exit after the script finishes in Node.js?,node.js
Why does the difference between a Laravel migration and a seeder cause issues in PHP and how do you fix it?,php / laravel
How do you handle handling loading states with the loading.js file in Next.js?,next.js
What's the correct pattern to avoid bugs related to detecting an array vs a plain object in JavaScript?,javascript
What would you check when debugging structuring a Laravel project using the repository pattern in a Laravel project?,php / laravel
How do you correctly implement protecting routes with a JWT authentication middleware in an Express.js app?,express.js
Why does serving static files from a public directory cause issues in an Express.js server and how do you fix it?,express.js
What's the correct way to deal with the difference between a dataclass and a regular class in a Python project?,python
What is the correct React pattern to solve handling race conditions when fetching data on prop change?,react
What's the correct HTML/CSS technique to solve using aspect-ratio property for responsive video embeds?,html / css
What query would you write to address using window functions like ROW_NUMBER and RANK?,sql
What's the correct pattern to avoid bugs related to the difference between map and forEach in JavaScript?,javascript
Why does the difference between a module and a package in Python cause unexpected behavior and how do you fix it in Python?,python
How do you fix the box-sizing property changing layout calculations in CSS?,html / css
Why does sorting an array of objects by a property behave unexpectedly in JavaScript and how do you debug it?,javascript
What's the best practice around the difference between controlled and uncontrolled inputs in React?,react
What's the best practice for serving static files from a public directory in Express.js?,express.js
What's the best practice for the difference between static generation and incremental static regeneration in Next.js?,next.js
What would you check when debugging handling pagination with Eloquent's paginate method in a Laravel project?,php / laravel
What's the best practice around missing dependencies in a useEffect dependency array in React?,react
What's the best practice for optimizing fonts using next/font in Next.js?,next.js
How would you solve writing a recursive query with a common table expression in SQL?,sql
What's the best practice for handling memory leaks from unclosed database connections in Node.js?,node.js
What would you check first when debugging structuring a REST API with separate controllers and services in Express.js?,express.js
How do you debug resolving a circular import between two modules in Python?,python
How do you fix specificity conflicts between two CSS classes in CSS?,html / css
How do you debug the difference between npm and npx in a production Node.js server?,node.js
How do you handle the difference between edge runtime and node runtime in Next.js in Next.js?,next.js
How do you fix CSS transitions not triggering on the first render in CSS?,html / css
How would you explain the difference between next/image and a regular img tag to debug a Next.js issue?,next.js
Why does the difference between streaming and suspense boundaries in the app router behave this way in Next.js and how do you fix it?,next.js
How would you correctly implement callback hell in JavaScript?,javascript
Why does setting cache headers for an API route response behave this way in Next.js and how do you fix it?,next.js
"In React, what would you check when handling race conditions when fetching data on prop change happens?",react
Why does the difference between INNER JOIN and LEFT JOIN cause performance issues and how do you fix it?,sql
"In React, what would you check when the difference between useImperativeHandle and forwardRef happens?",react
What is the correct approach to handling redirects inside middleware in a Next.js app?,next.js
Why does the difference between useContext and prop drilling occur in React and how do you resolve it?,react
Why does logging incoming requests with morgan cause issues in an Express.js server and how do you fix it?,express.js
What is the best practice for handling CSRF protection in a Laravel form in a Laravel application?,php / laravel
What's the best practice for handling streaming a file response to the client in Node.js?,node.js
What would you check first when debugging the difference between res.redirect and res.render in Express.js?,express.js
What's the best practice for protecting an API route so only authenticated users can access it in Next.js?,next.js
What is the best practice for dealing with the difference between GROUP BY and ORDER BY in a relational database?,sql
What is the best approach to handle the difference between visibility hidden and display none when building a responsive layout?,html / css
Why does the difference between next() and next(err) in middleware cause issues in an Express.js server and how do you fix it?,express.js
What is the correct way to deal with debugging a memory leak using heap snapshots when building a Node.js backend?,node.js
What is the correct way to deal with why a Node process doesn't exit after the script finishes when building a Node.js backend?,node.js
Why does a custom hook not updating when its dependency changes occur in React and how do you resolve it?,react
How do you debug the difference between FastAPI's dependency injection and manual instantiation in Python?,python
What is the best practice for handling the difference between a dataclass and a regular class in Python?,python
Why does the difference between pandas loc and iloc cause unexpected behavior and how do you fix it in Python?,python
What is the correct React pattern to solve why an event handler captures an outdated variable?,react
Why does reading command-line arguments in a Node script occur in Node.js and how do you fix it?,node.js
How do you fix context causing unnecessary re-renders across the tree in a React application?,react
How do you fix using CSS variables for a theme switch in CSS?,html / css
"In JavaScript, what causes issues with debugging an unhandled promise rejection and how would you fix it?",javascript
What is the correct approach to handling environment variables that need to be exposed to the browser in a Next.js app?,next.js
What is the best practice for dealing with the difference between a subquery and a JOIN in a relational database?,sql
What is the recommended way to handle the difference between res.redirect and res.render in Express.js?,express.js
How would you resolve streaming a file response to the client in a Node.js application?,node.js
What's the best practice for handling hashing passwords securely with bcrypt in Node.js?,node.js
What's the correct pattern to avoid bugs related to iterators and the Symbol.iterator protocol in JavaScript?,javascript
What is the recommended TypeScript approach for the difference between optional properties and undefined types?,typescript
Why does the purpose of the route.js file for API routes behave this way in Next.js and how do you fix it?,next.js
What's the correct HTML/CSS technique to solve why an SVG icon doesn't scale with its container?,html / css
What's the best practice for the difference between getStaticProps and getServerSideProps in Next.js?,next.js
Why does handling internationalized routing in Next.js behave this way in Next.js and how do you fix it?,next.js
Why does event bubbling behave unexpectedly in JavaScript and how do you debug it?,javascript
Why does passing a callback function to a child without breaking memoization occur in React and how do you resolve it?,react
How would you explain protecting an API route so only authenticated users can access it to debug a Next.js issue?,next.js
How do you debug the difference between monolithic and microservice Node architectures in a production Node.js server?,node.js
Why does prototype inheritance behave unexpectedly in JavaScript and how do you debug it?,javascript
Why does lifting state up between sibling components occur in React and how do you resolve it?,react
What is the correct React pattern to solve the difference between useLayoutEffect and useEffect?,react
What is the recommended approach for handling arrow functions inside class methods losing binding in vanilla JavaScript?,javascript
How do you fix the difference between useMemo and useCallback in a React application?,react
Why does the difference between an abstract base class and a regular class cause unexpected behavior and how do you fix it in Python?,python
"In JavaScript, what causes issues with callback hell and how would you fix it?",javascript
How would you correctly implement generator functions and yield in JavaScript?,javascript
Why does handling multiple pieces of state that update together occur in React and how do you resolve it?,react
What query would you write to address writing a query to find duplicate rows in a table?,sql
What is the best practice for dealing with the difference between clustered and non-clustered indexes in a relational database?,sql
How do you correctly handle eager loading relationships to avoid N+1 queries in Laravel in PHP/Laravel?,php / laravel
What's the correct HTML/CSS technique to solve CSS transitions not triggering on the first render?,html / css
How would you correctly implement the difference between map and forEach in JavaScript?,javascript
What is the recommended approach for handling generator functions and yield in vanilla JavaScript?,javascript
"In JavaScript, what causes issues with the difference between Object.freeze and const and how would you fix it?",javascript
What is the correct way to deal with handling uncaught exceptions gracefully when building a Node.js backend?,node.js
How do you fix why an event handler captures an outdated variable in a React application?,react
What is the best practice for dealing with the difference between UNION and UNION ALL in a relational database?,sql
What's the best practice for the difference between server actions and traditional API routes in Next.js?,next.js
How would you resolve the difference between a generator and a list comprehension in Python?,python
What is the recommended approach for handling memory leaks from event listeners in vanilla JavaScript?,javascript
How would you correctly implement event delegation in JavaScript?,javascript
"In React, what would you check when the difference between Redux Toolkit and plain Redux happens?",react
Why does the difference between process.env and config files occur in Node.js and how do you fix it?,node.js
Why does handling error boundaries for a component tree occur in React and how do you resolve it?,react
Why does the difference between unittest and pytest cause unexpected behavior and how do you fix it in Python?,python
What's the correct way to deal with using a decorator to log function execution time in a Python project?,python
How do you fix a modal not covering the full viewport on mobile in CSS?,html / css
What's the best practice for handling using async/await inside a for loop without blocking in Node.js?,node.js
Why does the 'this' keyword inside a regular function behave unexpectedly in JavaScript and how do you debug it?,javascript
How do you correctly handle handling a SQL injection vulnerability in a raw query in PHP/Laravel?,php / laravel
Why does handling CORS in a Flask API cause unexpected behavior and how do you fix it in Python?,python
What's the best practice for the difference between hydration mismatch errors and rendering errors in Next.js?,next.js
How would you correctly implement comparing objects for deep equality in JavaScript?,javascript
What's the correct way to deal with the difference between FastAPI's dependency injection and manual instantiation in a Python project?,python
What's the correct HTML/CSS technique to solve using :not selector to exclude elements?,html / css
Why does the difference between fragment and div wrapper elements occur in React and how do you resolve it?,react
What is the correct React pattern to solve optimizing a long list with virtualization?,react
What is the recommended TypeScript approach for using type guards to narrow an unknown value?,typescript
"In React, what would you check when the difference between useState and useReducer happens?",react
How would you resolve handling file uploads with multer in a Node.js application?,node.js
What's the best practice for fetching data in parallel inside a server component in Next.js?,next.js
Why does the difference between Laravel middleware and form request validation cause issues in PHP and how do you fix it?,php / laravel
Why does an unhandled promise rejection crashing the server occur in Node.js and how do you fix it?,node.js
Why does the spread operator on arrays behave unexpectedly in JavaScript and how do you debug it?,javascript
Why does cleaning up a subscription inside useEffect occur in React and how do you resolve it?,react
How do you handle handling a 404 page with a custom not-found file in Next.js?,next.js
What is the correct React pattern to solve debugging why a component doesn't unmount properly?,react
What is the recommended approach for handling the temporal dead zone in vanilla JavaScript?,javascript
Why does the difference between a shallow and a deep neural network cause unexpected behavior and how do you fix it in Python?,python
What's the best practice around passing a callback function to a child without breaking memoization in React?,react
What's the correct pattern to avoid bugs related to hoisting of var declarations in JavaScript?,javascript
How would you correctly implement converting a string to a number safely in JavaScript?,javascript
What is the recommended way to handle the difference between app.param and route parameters in Express.js?,express.js
What query would you write to address the difference between a foreign key constraint and a check constraint?,sql
Why does the nullish coalescing operator behave unexpectedly in JavaScript and how do you debug it?,javascript
How would you explain handling a 404 page with a custom not-found file to debug a Next.js issue?,next.js
How do you correctly handle the difference between static and instance methods in PHP classes in PHP/Laravel?,php / laravel
"In React, what would you check when handling form validation without a library happens?",react
How would you type-safely solve the difference between optional properties and undefined types?,typescript
What is the correct React pattern to solve batching multiple setState calls?,react
What's the difference-driven fix for the difference between structural typing and nominal typing in TypeScript?,typescript
What's the best practice for parsing JSON request bodies with express.json in Express.js?,express.js
How would you type-safely solve a third-party library missing type definitions?,typescript
What's the correct way to deal with mocking an external API call in a unit test in a Python project?,python
What's the correct way to deal with using type hints with Optional and Union in a Python project?,python
What is the recommended approach for handling using reduce to flatten an array in vanilla JavaScript?,javascript
How do you fix optimizing a long list with virtualization in a React application?,react
How do you correctly implement the order in which middleware functions execute in an Express.js app?,express.js
What's the correct way to deal with debugging a memory leak in a long-running Python script in a Python project?,python
Why does the difference between Blade templates and returning JSON from a controller cause issues in PHP and how do you fix it?,php / laravel
What is the correct way to deal with the difference between dependencies and devDependencies when building a Node.js backend?,node.js
How would you explain setting up middleware for authentication in Next.js to debug a Next.js issue?,next.js
"In JavaScript, what causes issues with memory leaks from event listeners and how would you fix it?",javascript
What's the best practice for rate limiting requests to prevent abuse in Express.js?,express.js
How do you debug the difference between class variables and instance variables in Python?,python
Why does the event loop blocking due to a synchronous CPU-heavy task occur in Node.js and how do you fix it?,node.js
Why does the difference between args and kwargs cause unexpected behavior and how do you fix it in Python?,python
Why does the spread operator on objects behave unexpectedly in JavaScript and how do you debug it?,javascript
What is the best practice for handling handling authentication with JWT in a FastAPI app in Python?,python
Why does the difference between OLTP and OLAP database design cause performance issues and how do you fix it?,sql
What's the difference-driven fix for the difference between declaring types inline versus in a separate file in TypeScript?,typescript
How do you fix media queries not applying in the correct order in CSS?,html / css
How do you correctly implement setting up CORS correctly for a frontend making cross-origin requests in an Express.js app?,express.js
Why does iterators and the Symbol.iterator protocol behave unexpectedly in JavaScript and how do you debug it?,javascript
What's the best practice for connecting Express to a PostgreSQL database with a connection pool in Express.js?,express.js
Why does the difference between a property decorator and a plain method cause unexpected behavior and how do you fix it in Python?,python
What's the difference-driven fix for typing an object with dynamic keys using an index signature in TypeScript?,typescript
How would you resolve vectorizing a loop-based computation with NumPy in Python?,python
What is the correct React pattern to solve the difference between shallow rendering and full DOM rendering in tests?,react
How would you solve the difference between INNER JOIN and LEFT JOIN in SQL?,sql
What's the correct pattern to avoid bugs related to detecting memory-heavy re-renders caused by inline functions in JavaScript?,javascript
Why does grid-template-areas not aligning correctly happen and what's the CSS-only solution?,html / css
Why does hoisting of var declarations behave unexpectedly in JavaScript and how do you debug it?,javascript
Why does memory leaks from event listeners behave unexpectedly in JavaScript and how do you debug it?,javascript
Why does the difference between a dataclass and a regular class cause unexpected behavior and how do you fix it in Python?,python
What is the recommended TypeScript approach for the difference between enum and union of string literals?,typescript
What is the best practice for handling mocking an external API call in a unit test in Python?,python
What is the recommended way to handle setting security headers using helmet in Express.js?,express.js
How would you resolve using context managers with the with statement in Python?,python
How would you correctly implement IIFE usage in JavaScript?,javascript
What would you check first when debugging serving static files from a public directory in Express.js?,express.js
How would you correctly implement memory leaks from event listeners in JavaScript?,javascript
Why does the difference between hydration mismatch errors and rendering errors behave this way in Next.js and how do you fix it?,next.js
How do you debug the difference between pandas loc and iloc in Python?,python
What is the correct way to deal with the difference between npm and npx when building a Node.js backend?,node.js
How do you correctly handle the difference between mapped types and conditional types in TypeScript?,typescript
What is the best practice for dealing with handling case sensitivity in a text comparison in a relational database?,sql
What's the best practice around cleaning up a subscription inside useEffect in React?,react
Why does the difference between build-time rendering and request-time rendering behave this way in Next.js and how do you fix it?,next.js
How do you handle setting cache headers for an API route response in Next.js?,next.js
Why does the difference between next.config.js rewrites and redirects behave this way in Next.js and how do you fix it?,next.js
What is the best practice for eager loading relationships to avoid N+1 queries in Laravel in a Laravel application?,php / laravel
What is the best practice for handling the difference between a set and a frozenset in Python?,python
How would you resolve rate limiting incoming API requests in a Node.js application?,node.js
Why does extending an interface from multiple sources cause a type error and how do you resolve it?,typescript
How would you resolve handling a ZeroDivisionError gracefully in Python?,python
Why does the purpose of the app router's page.js and layout.js files behave this way in Next.js and how do you fix it?,next.js
What's the correct HTML/CSS technique to solve why nested flexbox containers break alignment?,html / css
What's the recommended Laravel approach for structuring a Laravel project using the repository pattern?,php / laravel
What's the correct pattern to avoid bugs related to using a Set to remove duplicates in JavaScript?,javascript
What is the best practice for handling the difference between a decorator with arguments and one without in Python?,python
How do you fix a CSS animation stuttering on scroll in CSS?,html / css
How do you fix lazy loading a component with React.lazy and Suspense in a React application?,react
Why does handling case sensitivity in a text comparison cause performance issues and how do you fix it?,sql
What's the correct pattern to avoid bugs related to microtasks vs macrotasks in JavaScript?,javascript
Why does handling a KeyError when accessing a dictionary cause unexpected behavior and how do you fix it in Python?,python
How would you type-safely solve typing a function that accepts a variable number of arguments?,typescript
How would you resolve caching API responses with Redis in a Node app in a Node.js application?,node.js
Why does the difference between readonly and const in TypeScript cause a type error and how do you resolve it?,typescript
What's the correct way to deal with the difference between unittest and pytest in a Python project?,python
What's the correct pattern to avoid bugs related to the 'this' keyword inside a regular function in JavaScript?,javascript
What is the correct React pattern to solve the difference between class components and functional components?,react
How would you type-safely solve the difference between tsconfig strict mode options?,typescript
What's the best practice for the difference between next() and next(err) in middleware in Express.js?,express.js
What's the best practice for handling form submissions using server actions in Next.js?,next.js
How do you correctly implement serving static files from a public directory in an Express.js app?,express.js
What is the best practice for dealing with normalizing a database schema to third normal form in a relational database?,sql
"What is the best practice for dealing with the difference between DELETE, TRUNCATE and DROP in a relational database?",sql
"What would you check first when debugging the difference between res.send, res.json and res.end in Express.js?",express.js
What is the best practice for handling validation errors in a Laravel form request in a Laravel application?,php / laravel
Why does locking rows for update inside a transaction cause performance issues and how do you fix it?,sql
What would you check first when debugging the difference between app.param and route parameters in Express.js?,express.js
What's the best practice for the difference between app.listen and a custom http server wrapping Express in Express.js?,express.js
How would you resolve the difference between @staticmethod and @classmethod in Python?,python
What is the best approach to handle the difference between inline-block and block display when building a responsive layout?,html / css
"In JavaScript, what causes issues with using Promise.all versus Promise.allSettled and how would you fix it?",javascript
Why does handling CORS errors in an Express-based API occur in Node.js and how do you fix it?,node.js
How do you debug the difference between Flask and Django for building a web app in Python?,python
How do you fix the difference between Redux Toolkit and plain Redux in a React application?,react
Why does the difference between a pandas Series and a DataFrame cause unexpected behavior and how do you fix it in Python?,python
How do you debug validating request data in a FastAPI endpoint with Pydantic in Python?,python
Why does callback hell behave unexpectedly in JavaScript and how do you debug it?,javascript
Why does debouncing an input handler behave unexpectedly in JavaScript and how do you debug it?,javascript
Why does the difference between threading.Lock and asyncio.Lock cause unexpected behavior and how do you fix it in Python?,python
Why does the difference between Array.from and the spread operator behave unexpectedly in JavaScript and how do you debug it?,javascript
How do you correctly handle handling strict null checks in a large codebase in TypeScript?,typescript
What's the best practice for the difference between catch-all routes and optional catch-all routes in Next.js?,next.js
Why does why data fetched in a server component isn't updating on the client behave this way in Next.js and how do you fix it?,next.js
What's the difference-driven fix for the difference between type assertion and type casting in TypeScript?,typescript
Why does the difference between FastAPI's dependency injection and manual instantiation cause unexpected behavior and how do you fix it in Python?,python
How do you fix a custom checkbox not being accessible via keyboard in CSS?,html / css
How do you fix avoiding unnecessary API calls on every re-render in a React application?,react
Why does z-index not working as expected happen and what's the CSS-only solution?,html / css
Why does the difference between body-parser and the built-in express.json middleware cause issues in an Express.js server and how do you fix it?,express.js
"Why does the difference between DELETE, TRUNCATE and DROP cause performance issues and how do you fix it?",sql
Why does handling a many-to-many relationship with a junction table cause performance issues and how do you fix it?,sql
How would you resolve handling timeouts for outgoing HTTP requests in a Node.js application?,node.js
Why does debugging why a component doesn't unmount properly occur in React and how do you resolve it?,react
What's the correct way to deal with the difference between pandas loc and iloc in a Python project?,python
"How would you solve the difference between DELETE, TRUNCATE and DROP in SQL?",sql
How would you resolve an unhandled promise rejection crashing the server in a Node.js application?,node.js
What's the difference-driven fix for narrowing a union type inside a conditional in TypeScript?,typescript
How would you resolve the difference between JSON serialization and pickling in Python?,python
What is the correct way to deal with resolving version conflicts in package-lock.json when building a Node.js backend?,node.js
How would you resolve handling authentication with JWT in a FastAPI app in Python?,python
Why does a custom checkbox not being accessible via keyboard happen and what's the CSS-only solution?,html / css
What's the correct HTML/CSS technique to solve a form's autofill styles overriding custom input styles?,html / css
How do you debug the difference between args and kwargs in Python?,python
What's the correct way to deal with the difference between a module and a package in Python in a Python project?,python
What is the recommended TypeScript approach for typing an object with dynamic keys using an index signature?,typescript
How would you type-safely solve the difference between readonly and const in TypeScript?,typescript
How do you correctly handle the difference between a Laravel policy and a gate in PHP/Laravel?,php / laravel
What's the correct way to deal with connecting Flask to a PostgreSQL database with SQLAlchemy in a Python project?,python
What's the correct pattern to avoid bugs related to WeakMap usage for private data in JavaScript?,javascript
"In JavaScript, what causes issues with serializing a Date object to JSON and how would you fix it?",javascript
How would you resolve clustering a Node.js app across CPU cores in a Node.js application?,node.js
How would you resolve handling timezone-aware datetime objects correctly in Python?,python
What is the recommended approach for handling the difference between let and var in a loop in vanilla JavaScript?,javascript
What is the correct React pattern to solve cleaning up a subscription inside useEffect?,react
How do you correctly handle handling queued jobs for a long-running task in Laravel in PHP/Laravel?,php / laravel
Why does handling an exception inside an async function cause unexpected behavior and how do you fix it in Python?,python
How do you handle the difference between build-time rendering and request-time rendering in Next.js?,next.js
"In React, what would you check when batching multiple setState calls happens?",react
How would you solve handling a many-to-many relationship with a junction table in SQL?,sql
How would you correctly implement parsing a malformed JSON string safely in JavaScript?,javascript
How do you handle protecting an API route so only authenticated users can access it in Next.js?,next.js
What is the best practice for the difference between Laravel's API resources and returning a model directly in a Laravel application?,php / laravel
What is the recommended TypeScript approach for typing a function that accepts a variable number of arguments?,typescript
What is the best practice for handling the difference between JSON serialization and pickling in Python?,python
How would you resolve the difference between a shallow function call stack and recursion depth limit in Python?,python
What would you check first when debugging the difference between body-parser and the built-in express.json middleware in Express.js?,express.js
How do you fix the difference between synthetic events and native DOM events in a React application?,react
What's the difference-driven fix for handling strict null checks in a large codebase in TypeScript?,typescript
What query would you write to address why an index isn't being used by the query planner?,sql
"In React, what would you check when a state update not reflecting immediately in the UI happens?",react
What's the best practice for handling environment variables not loading from a .env file in Node.js?,node.js
How do you fix a child component not receiving updated props in a React application?,react
What's the difference-driven fix for typing an async function's return value correctly in TypeScript?,typescript
What is the best practice for handling the difference between synchronous requests and async httpx calls in Python?,python
What is the correct React pattern to solve handling side effects only on component mount?,react
How do you fix using clamp for responsive font sizing in CSS?,html / css
How do you handle the difference between the pages router and the app router in Next.js?,next.js
Why does the difference between is and == cause unexpected behavior and how do you fix it in Python?,python
How would you solve the difference between COMMIT and ROLLBACK in a transaction in SQL?,sql
What is the best practice for handling the difference between a Flask blueprint and a single app file in Python?,python
What is the best approach to handle sticky positioning not working inside an overflow container when building a responsive layout?,html / css
Why does a form's autofill styles overriding custom input styles happen and what's the CSS-only solution?,html / css
Why does debugging an unhandled promise rejection behave unexpectedly in JavaScript and how do you debug it?,javascript
How do you debug the difference between synchronous and asynchronous fs methods in a production Node.js server?,node.js
What's the best practice around debugging why a component doesn't unmount properly in React?,react
What is the best approach to handle a custom checkbox not being accessible via keyboard when building a responsive layout?,html / css
How would you resolve the difference between unittest and pytest in Python?,python
What is the recommended way to handle the difference between body-parser and the built-in express.json middleware in Express.js?,express.js
Why does the difference between PATCH and PUT in a REST route cause issues in an Express.js server and how do you fix it?,express.js
What is the correct approach to the difference between static assets in the public folder and imported assets in a Next.js app?,next.js
How do you fix grid-template-areas not aligning correctly in CSS?,html / css
How do you correctly implement structuring routes using the Express Router in an Express.js app?,express.js
What's the correct pattern to avoid bugs related to sorting an array of objects by a property in JavaScript?,javascript
How do you debug the difference between a module and a package in Python in Python?,python
How do you handle handling form submissions using server actions in Next.js?,next.js
Why does the difference between Redux Toolkit and plain Redux occur in React and how do you resolve it?,react
What's the best practice for handling the difference between Buffer and Stream in Node.js in Node.js?,node.js
How would you resolve the difference between class variables and instance variables in Python?,python
How do you debug the difference between eager and lazy evaluation in a generator expression in Python?,python
How would you type-safely solve the difference between default exports and named exports typing?,typescript
What is the recommended approach for handling handling a fetch request that never resolves in vanilla JavaScript?,javascript
How do you fix handling side effects only on component mount in a React application?,react
What is the best practice for dealing with a query running slowly due to a missing index in a relational database?,sql
Why does vectorizing a loop-based computation with NumPy cause unexpected behavior and how do you fix it in Python?,python
What's the best practice for the difference between fetch caching defaults in the app router in Next.js?,next.js
What's the correct way to deal with merging two DataFrames on a common column in a Python project?,python
Why does a fixed-position element not sticking on mobile Safari happen and what's the CSS-only solution?,html / css
How would you resolve debugging a memory leak using heap snapshots in a Node.js application?,node.js
What is the correct way to deal with caching API responses with Redis in a Node app when building a Node.js backend?,node.js
"In React, what would you check when a custom hook not updating when its dependency changes happens?",react
How would you resolve the difference between NumPy broadcasting rules in Python?,python
Why does using utility types like Partial and Pick cause a type error and how do you resolve it?,typescript
How would you type-safely solve resolving a circular type reference error?,typescript
How do you debug using a decorator to log function execution time in Python?,python
What is the best practice for handling handling timezone-aware datetime objects correctly in Python?,python
How do you debug the difference between JSON serialization and pickling in Python?,python
How do you correctly implement setting security headers using helmet in an Express.js app?,express.js
Why does validating request data before it reaches the controller cause issues in an Express.js server and how do you fix it?,express.js
Why does the difference between include and require in PHP cause issues in PHP and how do you fix it?,php / laravel
How do you handle why environment variables aren't available during the build step in Next.js?,next.js
Why does handling file uploads with multer occur in Node.js and how do you fix it?,node.js
What is the best practice for the difference between a Laravel event listener and an observer in a Laravel application?,php / laravel
Why does the difference between database sharding and replication cause performance issues and how do you fix it?,sql
How do you correctly handle the difference between satisfies operator and type assertion in TypeScript?,typescript
How do you fix the difference between rem units and viewport units in CSS?,html / css
How do you fix prop drilling across multiple nested components in a React application?,react
Why does logging errors properly in a production Node app occur in Node.js and how do you fix it?,node.js
What is the best practice for handling a fatal error caused by a null property access in a Laravel application?,php / laravel
What is the correct React pattern to solve the difference between controlled and uncontrolled inputs?,react
"In React, what would you check when the difference between useEffect cleanup and componentWillUnmount happens?",react
What would you check when debugging the difference between == and === in PHP in a Laravel project?,php / laravel
What is the recommended TypeScript approach for the difference between readonly and const in TypeScript?,typescript
What's the best practice around debugging why useState doesn't merge objects like setState did in React?,react
What is the correct approach to the difference between catch-all routes and optional catch-all routes in a Next.js app?,next.js
How would you resolve debugging a memory leak in a long-running Python script in Python?,python
What's the best practice for the difference between PATCH and PUT in a REST route in Express.js?,express.js
What's the correct pattern to avoid bugs related to the spread operator on arrays in JavaScript?,javascript
What query would you write to address a deadlock occurring between two transactions?,sql
What's the difference-driven fix for the difference between any and unknown in TypeScript?,typescript
"In React, what would you check when the difference between class components and functional components happens?",react
What is the correct approach to the difference between client-side navigation and a full page reload with next/link in a Next.js app?,next.js
What is the best practice for handling the difference between a pandas Series and a DataFrame in Python?,python
Why does the difference between client-side navigation and a full page reload with next/link behave this way in Next.js and how do you fix it?,next.js
What is the recommended TypeScript approach for the difference between structural typing and nominal typing?,typescript
What's the correct pattern to avoid bugs related to NaN comparisons in JavaScript?,javascript
How do you debug reading command-line arguments in a Node script in a production Node.js server?,node.js
Why does structuring a Node.js project with MVC architecture occur in Node.js and how do you fix it?,node.js
What's the correct way to deal with the difference between a Flask blueprint and a single app file in a Python project?,python
What is the recommended way to handle rate limiting requests to prevent abuse in Express.js?,express.js
How do you correctly handle resolving a circular type reference error in TypeScript?,typescript
What's the best practice for structuring routes using the Express Router in Express.js?,express.js
What's the correct pattern to avoid bugs related to optional chaining on a deeply nested object in JavaScript?,javascript
What is the best practice for handling the difference between a shallow and a deep neural network in Python?,python
What's the best practice for handling caching API responses with Redis in a Node app in Node.js?,node.js
What's the best practice around the difference between synthetic events and native DOM events in React?,react
What would you check first when debugging setting up CORS correctly for a frontend making cross-origin requests in Express.js?,express.js
Why does setting up session-based authentication with express-session cause issues in an Express.js server and how do you fix it?,express.js
What is the best practice for handling connecting Flask to a PostgreSQL database with SQLAlchemy in Python?,python
Why does eager loading relationships to avoid N+1 queries in Laravel cause issues in PHP and how do you fix it?,php / laravel
Why does the difference between enum and union of string literals cause a type error and how do you resolve it?,typescript
Why does the difference between Flask and Django for building a web app cause unexpected behavior and how do you fix it in Python?,python
What's the correct way to deal with the difference between a shallow and a deep neural network in a Python project?,python
Why does the difference between COMMIT and ROLLBACK in a transaction cause performance issues and how do you fix it?,sql
What's the recommended Laravel approach for handling file uploads and storing them on a Laravel disk?,php / laravel
How would you correctly implement rest parameters in JavaScript?,javascript
What is the best approach to handle using :not selector to exclude elements when building a responsive layout?,html / css
How would you type-safely solve the difference between mapped types and conditional types?,typescript
What's the best practice for handling the difference between global and local npm packages in Node.js?,node.js
"In React, what would you check when the difference between useContext and prop drilling happens?",react
What is the correct React pattern to solve debugging why useState doesn't merge objects like setState did?,react
Why does recursion causing a stack overflow behave unexpectedly in JavaScript and how do you debug it?,javascript
Why does clustering a Node.js app across CPU cores occur in Node.js and how do you fix it?,node.js
What's the recommended Laravel approach for handling pagination with Eloquent's paginate method?,php / laravel
How would you explain the difference between static assets in the public folder and imported assets to debug a Next.js issue?,next.js
How would you explain the difference between generateStaticParams and getStaticPaths to debug a Next.js issue?,next.js
What is the recommended way to handle the difference between synchronous and asynchronous middleware errors in Express.js?,express.js
What is the recommended approach for handling throttling a scroll handler in vanilla JavaScript?,javascript
What is the correct approach to handling internationalized routing in Next.js in a Next.js app?,next.js
"In JavaScript, what causes issues with the difference between shallow and deep freezing an object and how would you fix it?",javascript
What is the recommended approach for handling debugging a variable that is undefined inside a callback in vanilla JavaScript?,javascript
Why does the difference between em and rem units happen and what's the CSS-only solution?,html / css
What's the best practice for handling reading a large file without loading it fully into memory in Node.js?,node.js
What's the correct pattern to avoid bugs related to handling a fetch request that never resolves in JavaScript?,javascript
How would you explain the purpose of the app router's page.js and layout.js files to debug a Next.js issue?,next.js
What is the correct React pattern to solve a key prop warning when rendering a list?,react
Why does handling environment variables that need to be exposed to the browser behave this way in Next.js and how do you fix it?,next.js
How would you correctly implement microtasks vs macrotasks in JavaScript?,javascript
What's the correct pattern to avoid bugs related to the difference between Array.from and the spread operator in JavaScript?,javascript
How do you fix a flexbox container not wrapping items in CSS?,html / css
What is the correct way to deal with structuring a Node.js project with MVC architecture when building a Node.js backend?,node.js
How do you fix float-based layouts causing a collapsed parent container in CSS?,html / css
What is the correct React pattern to solve lifting state up between sibling components?,react
How would you solve a deadlock occurring between two transactions in SQL?,sql
Why does connecting Flask to a PostgreSQL database with SQLAlchemy cause unexpected behavior and how do you fix it in Python?,python
What's the best practice for handling the difference between REST and GraphQL when building a Node API in Node.js?,node.js
What's the best practice around why an event handler captures an outdated variable in React?,react
What's the difference-driven fix for typing a Redux reducer with discriminated unions in TypeScript?,typescript
What's the best practice around context causing unnecessary re-renders across the tree in React?,react
What's the difference-driven fix for the difference between satisfies operator and type assertion in TypeScript?,typescript
Why does handling environment configuration with the .env file in Laravel cause issues in PHP and how do you fix it?,php / laravel
What query would you write to address the difference between a view and a materialized view?,sql
Why does the difference between exception chaining with raise from and a plain raise cause unexpected behavior and how do you fix it in Python?,python
"In JavaScript, what causes issues with handling a fetch request that never resolves and how would you fix it?",javascript
What is the recommended approach for handling debouncing an input handler in vanilla JavaScript?,javascript
Why does connecting to MongoDB with connection pooling occur in Node.js and how do you fix it?,node.js
"In JavaScript, what causes issues with object destructuring and how would you fix it?",javascript
How would you type-safely solve the difference between structural typing and nominal typing?,typescript
What's the correct way to deal with the difference between @staticmethod and @classmethod in a Python project?,python
What's the best practice for the difference between synchronous and asynchronous middleware errors in Express.js?,express.js
Why does why line-height affects inline element spacing unexpectedly happen and what's the CSS-only solution?,html / css
Why does handling a SQL injection vulnerability in a raw query cause issues in PHP and how do you fix it?,php / laravel
How do you fix cleaning up a subscription inside useEffect in a React application?,react
What's the correct way to deal with the difference between multiprocessing and multithreading in a Python project?,python
What is the recommended approach for handling microtasks vs macrotasks in vanilla JavaScript?,javascript
Why does typing an async function's return value correctly cause a type error and how do you resolve it?,typescript
What's the best practice for fetching data from MongoDB inside a Next.js server component in Next.js?,next.js
What's the best practice for setting cache headers for an API route response in Next.js?,next.js
"In JavaScript, what causes issues with the temporal dead zone and how would you fix it?",javascript
What's the best practice around the difference between local component state and global state in React?,react
What is the correct React pattern to solve prop drilling across multiple nested components?,react
What query would you write to address the difference between INSERT and UPSERT (ON CONFLICT)?,sql
How do you fix the difference between hydration errors and rendering errors in a React application?,react
"In React, what would you check when passing a callback function to a child without breaking memoization happens?",react
"In React, what would you check when debugging why useState doesn't merge objects like setState did happens?",react
What is the best practice for handling the difference between FastAPI's dependency injection and manual instantiation in Python?,python
How do you debug handling a ZeroDivisionError gracefully in Python?,python
What's the correct pattern to avoid bugs related to event delegation in JavaScript?,javascript
How do you fix a hover effect not working on touch devices in CSS?,html / css
How do you fix the difference between server-side rendering and client-side rendering in React in a React application?,react
What's the best practice for handling setting up JWT-based authentication in Node.js in Node.js?,node.js
What is the best practice for handling the difference between class variables and instance variables in Python?,python
What is the best practice for dealing with the difference between INSERT and UPSERT (ON CONFLICT) in a relational database?,sql
Why does the difference between null and undefined behave unexpectedly in JavaScript and how do you debug it?,javascript
How would you correctly implement the difference between synchronous and asynchronous code execution in JavaScript?,javascript
How do you correctly handle using type guards to narrow an unknown value in TypeScript?,typescript
Why does shallow copying an array behave unexpectedly in JavaScript and how do you debug it?,javascript
What's the correct way to deal with vectorizing a loop-based computation with NumPy in a Python project?,python
How do you fix a form input losing focus after every keystroke in a React application?,react
"In React, what would you check when the difference between controlled and uncontrolled inputs happens?",react
What's the recommended Laravel approach for the difference between Eloquent ORM and raw SQL queries in Laravel?,php / laravel
What is the recommended approach for handling the difference between strict mode and sloppy mode in vanilla JavaScript?,javascript
How would you resolve the difference between FastAPI's dependency injection and manual instantiation in Python?,python
What's the correct HTML/CSS technique to solve sticky positioning not working inside an overflow container?,html / css
"In JavaScript, what causes issues with currying a function and how would you fix it?",javascript
How would you resolve the difference between dependencies and devDependencies in a Node.js application?,node.js
Why does stale state inside a useEffect closure occur in React and how do you resolve it?,react
What's the correct pattern to avoid bugs related to the event loop in JavaScript?,javascript
Why does setting up CORS correctly for a frontend making cross-origin requests cause issues in an Express.js server and how do you fix it?,express.js
How do you correctly handle the difference between a Laravel event listener and an observer in PHP/Laravel?,php / laravel
What would you check when debugging the difference between a Laravel policy and a gate in a Laravel project?,php / laravel
What's the correct SQL approach to handle the difference between database sharding and replication?,sql
What is the recommended TypeScript approach for typing event handlers correctly in a DOM project?,typescript
"In JavaScript, what causes issues with using a Set to remove duplicates and how would you fix it?",javascript
What is the recommended TypeScript approach for the difference between any and unknown?,typescript
What's the recommended Laravel approach for the difference between == and === in PHP?,php / laravel
What is the correct React pattern to solve the difference between hydration errors and rendering errors?,react
What is the recommended TypeScript approach for narrowing a union type inside a conditional?,typescript
"In JavaScript, what causes issues with generator functions and yield and how would you fix it?",javascript
What's the correct SQL approach to handle a deadlock occurring between two transactions?,sql
Why does the difference between synchronous and asynchronous code execution behave unexpectedly in JavaScript and how do you debug it?,javascript
Why does writing a query to find duplicate rows in a table cause performance issues and how do you fix it?,sql
Why does the difference between VARCHAR and TEXT column types cause performance issues and how do you fix it?,sql
"In JavaScript, what causes issues with shallow copying an array and how would you fix it?",javascript
How would you resolve mocking an external API call in a unit test in Python?,python
How do you correctly handle the difference between a one-to-many and a many-to-many Eloquent relationship in PHP/Laravel?,php / laravel
"What's the best practice for the difference between res.send, res.json and res.end in Express.js?",express.js
What's the correct HTML/CSS technique to solve centering a div both vertically and horizontally?,html / css
Why does handling cookies securely in an Express response cause issues in an Express.js server and how do you fix it?,express.js
What's the correct pattern to avoid bugs related to generator functions and yield in JavaScript?,javascript
Why does the difference between ACID properties and eventual consistency cause performance issues and how do you fix it?,sql
Why does the difference between structural typing and nominal typing cause a type error and how do you resolve it?,typescript
How do you debug handling large CSV files without loading them fully into memory in Python?,python
What is the best approach to handle a print stylesheet not hiding navigation elements when building a responsive layout?,html / css
Why does using aspect-ratio property for responsive video embeds happen and what's the CSS-only solution?,html / css
Why does the difference between Laravel Sanctum and Laravel Passport cause issues in PHP and how do you fix it?,php / laravel
Why does the difference between NumPy broadcasting rules cause unexpected behavior and how do you fix it in Python?,python
How do you fix a sticky header overlapping content below it in CSS?,html / css
What's the recommended Laravel approach for the difference between artisan commands and scheduled tasks?,php / laravel
How would you type-safely solve the difference between interface and type alias?,typescript
Why does module bundling with ES modules behave unexpectedly in JavaScript and how do you debug it?,javascript
How would you correctly implement arrow functions inside class methods losing binding in JavaScript?,javascript
What is the recommended TypeScript approach for typing the props of a React component?,typescript
"In JavaScript, what causes issues with the difference between a function declaration and a function expression and how would you fix it?",javascript
Why does optimizing a long list with virtualization occur in React and how do you resolve it?,react
What's the best practice for the difference between app.param and route parameters in Express.js?,express.js
How do you correctly handle typing the props of a React component in TypeScript?,typescript
What is the best practice for handling handling database migrations in Django in Python?,python
How would you resolve handling CORS in a Flask API in Python?,python
What's the correct pattern to avoid bugs related to object destructuring in JavaScript?,javascript
What's the best practice for setting up middleware for authentication in Next.js in Next.js?,next.js
How do you correctly handle handling pagination with Eloquent's paginate method in PHP/Laravel?,php / laravel
What's the best practice for handling the difference between synchronous middleware and async middleware errors in Node.js?,node.js
How do you fix the difference between em and rem units in CSS?,html / css
Why does the difference between server actions and traditional API routes behave this way in Next.js and how do you fix it?,next.js
What is the recommended TypeScript approach for the difference between satisfies operator and type assertion?,typescript
What's the correct SQL approach to handle the difference between INSERT and UPSERT (ON CONFLICT)?,sql
How would you type-safely solve why a type error appears only after enabling strict mode?,typescript
Why does the order in which middleware functions execute cause issues in an Express.js server and how do you fix it?,express.js
How do you correctly handle the difference between == and === in PHP in PHP/Laravel?,php / laravel
Why does a child component not receiving updated props occur in React and how do you resolve it?,react
Why does handling form submissions using server actions behave this way in Next.js and how do you fix it?,next.js
What would you check first when debugging parsing JSON request bodies with express.json in Express.js?,express.js
What's the correct SQL approach to handle optimizing a query that uses SELECT *?,sql
What's the correct HTML/CSS technique to solve responsive typography scaling with container queries?,html / css
What would you check when debugging the difference between PHP's isset and empty functions in a Laravel project?,php / laravel
How would you correctly implement the difference between strict mode and sloppy mode in JavaScript?,javascript
How do you fix vertical alignment of inline elements in CSS?,html / css
How do you debug handling CORS errors in an Express-based API in a production Node.js server?,node.js
How do you handle debugging a hydration error caused by mismatched server and client output in Next.js?,next.js
What's the best practice around the difference between useState and useReducer in React?,react
What's the correct way to deal with handling file paths cross-platform using pathlib in a Python project?,python
What's the correct way to deal with the difference between a virtual environment and a conda environment in a Python project?,python
How would you correctly implement async/await error handling in JavaScript?,javascript
What's the correct way to deal with the difference between string formatting with f-strings and .format() in a Python project?,python
What is the correct way to deal with graceful shutdown of an HTTP server on SIGTERM when building a Node.js backend?,node.js
What would you check first when debugging setting up session-based authentication with express-session in Express.js?,express.js
What's the correct SQL approach to handle the difference between a subquery and a JOIN?,sql
What would you check first when debugging the difference between a 404 handler and a global error handler in Express.js?,express.js
What is the best practice for handling the difference between __init__ and __new__ in Python?,python
What is the best practice for the difference between a Laravel policy and a gate in a Laravel application?,php / laravel
What is the correct way to deal with connecting to MongoDB with connection pooling when building a Node.js backend?,node.js
What's the correct SQL approach to handle the difference between UNION and UNION ALL?,sql
"In JavaScript, what causes issues with rest parameters and how would you fix it?",javascript
What is the correct approach to the purpose of the route.js file for API routes in a Next.js app?,next.js
What's the recommended Laravel approach for the difference between a Laravel controller and a resource controller?,php / laravel
What is the correct way to deal with handling CORS errors in an Express-based API when building a Node.js backend?,node.js
What would you check first when debugging handling query parameters versus route parameters in Express.js?,express.js
Why does avoiding unnecessary API calls on every re-render occur in React and how do you resolve it?,react
How do you handle revalidating cached data after a mutation in Next.js?,next.js
How would you resolve the difference between REST and GraphQL when building a Node API in a Node.js application?,node.js
What is the recommended approach for handling array destructuring in vanilla JavaScript?,javascript
How do you correctly handle typing a Redux reducer with discriminated unions in TypeScript?,typescript
How would you resolve handling environment variables securely in a Python project in Python?,python
What's the difference-driven fix for a generic type not inferring correctly in TypeScript?,typescript
How do you debug using async/await inside a for loop without blocking in a production Node.js server?,node.js
How do you fix a state update not reflecting immediately in the UI in a React application?,react
What's the best practice for handling handling backpressure in a writable stream in Node.js?,node.js
What is the recommended way to handle handling file uploads with multer in an Express app in Express.js?,express.js
What is the best practice for dealing with writing a query to calculate a running total in a relational database?,sql
"How do you debug the difference between spawn, exec and fork in child_process in a production Node.js server?",node.js
"In React, what would you check when missing dependencies in a useEffect dependency array happens?",react
Why does why a Node process doesn't exit after the script finishes occur in Node.js and how do you fix it?,node.js
Why does the difference between slice and splice behave unexpectedly in JavaScript and how do you debug it?,javascript
Why does the difference between a Laravel controller and a resource controller cause issues in PHP and how do you fix it?,php / laravel
How do you fix passing a callback function to a child without breaking memoization in a React application?,react
What's the correct way to deal with handling environment variables securely in a Python project in a Python project?,python
"In JavaScript, what causes issues with comparing objects for deep equality and how would you fix it?",javascript
What's the correct HTML/CSS technique to solve the difference between rem units and viewport units?,html / css
Why does using a Map versus a plain object for lookups behave unexpectedly in JavaScript and how do you debug it?,javascript
What's the best practice for why data fetched in a server component isn't updating on the client in Next.js?,next.js
How do you correctly handle the difference between Eloquent ORM and raw SQL queries in Laravel in PHP/Laravel?,php / laravel
How would you correctly implement recursion causing a stack overflow in JavaScript?,javascript
What would you check when debugging the difference between a Laravel migration and a seeder in a Laravel project?,php / laravel
What is the best practice for the difference between a Laravel controller and a resource controller in a Laravel application?,php / laravel
What's the best practice around a ref returning null on the first render in React?,react
Why does the difference between shallow rendering and full DOM rendering in tests occur in React and how do you resolve it?,react
What's the best practice for the difference between streaming and suspense boundaries in the app router in Next.js?,next.js
Why does the difference between a Laravel service provider and a facade cause issues in PHP and how do you fix it?,php / laravel
What's the correct HTML/CSS technique to solve using clamp for responsive font sizing?,html / css
Why does why a child element ignores the parent's height percentage happen and what's the CSS-only solution?,html / css
What's the correct way to deal with the difference between a property decorator and a plain method in a Python project?,python
Why does handling redirects inside middleware behave this way in Next.js and how do you fix it?,next.js
What is the recommended TypeScript approach for handling strict null checks in a large codebase?,typescript
What's the best practice for handling using worker_threads for CPU-bound tasks in Node.js?,node.js
Why does why an event handler captures an outdated variable occur in React and how do you resolve it?,react
How do you correctly implement the difference between app.param and route parameters in an Express.js app?,express.js
What is the recommended approach for handling detecting memory-heavy re-renders caused by inline functions in vanilla JavaScript?,javascript
How do you debug connecting Flask to a PostgreSQL database with SQLAlchemy in Python?,python
How do you correctly handle the difference between session-based auth and Sanctum token auth in Laravel in PHP/Laravel?,php / laravel
How would you resolve why a Node process doesn't exit after the script finishes in a Node.js application?,node.js
How would you explain the difference between hydration mismatch errors and rendering errors to debug a Next.js issue?,next.js
What's the correct SQL approach to handle the difference between VARCHAR and TEXT column types?,sql
What would you check first when debugging handling errors with a centralized error-handling middleware in Express.js?,express.js
What's the recommended Laravel approach for handling a fatal error caused by a null property access?,php / laravel
"In React, what would you check when the difference between useLayoutEffect and useEffect happens?",react
What's the correct pattern to avoid bugs related to closures in JavaScript?,javascript
Why does responsive typography scaling with container queries happen and what's the CSS-only solution?,html / css
How would you resolve validating request bodies before hitting the database in a Node.js application?,node.js
What query would you write to address the difference between OLTP and OLAP database design?,sql
Why does the difference between Eloquent ORM and raw SQL queries in Laravel cause issues in PHP and how do you fix it?,php / laravel
What is the best practice for the difference between == and === in PHP in a Laravel application?,php / laravel
What is the best practice for dealing with the difference between COMMIT and ROLLBACK in a transaction in a relational database?,sql
What's the correct way to deal with the difference between exception chaining with raise from and a plain raise in a Python project?,python
How would you resolve the difference between __str__ and __repr__ in Python?,python
Why does the difference between catch-all routes and optional catch-all routes behave this way in Next.js and how do you fix it?,next.js
How would you solve handling pagination efficiently with OFFSET and LIMIT in SQL?,sql
What's the best practice for handling the difference between monolithic and microservice Node architectures in Node.js?,node.js
What's the best practice around the difference between fragment and div wrapper elements in React?,react
"In JavaScript, what causes issues with event delegation and how would you fix it?",javascript
Why does revalidating cached data after a mutation behave this way in Next.js and how do you fix it?,next.js
How do you correctly handle the difference between tsconfig strict mode options in TypeScript?,typescript
What is the best practice for handling the difference between an abstract base class and a regular class in Python?,python
What's the correct pattern to avoid bugs related to rest parameters in JavaScript?,javascript
What's the recommended Laravel approach for the difference between Blade templates and returning JSON from a controller?,php / laravel
What's the best practice for handling circular dependency errors between modules in Node.js?,node.js
What would you check first when debugging the difference between app.use and app.get for defining routes in Express.js?,express.js
What's the correct HTML/CSS technique to solve grid items overflowing their container?,html / css
What query would you write to address the difference between COMMIT and ROLLBACK in a transaction?,sql
How would you resolve handling an exception inside an async function in Python?,python
How do you fix stale state inside a useEffect closure in a React application?,react
"In JavaScript, what causes issues with the difference between throw and return in a catch block and how would you fix it?",javascript
Why does a background image not covering the full container happen and what's the CSS-only solution?,html / css
What's the best practice around the difference between useEffect cleanup and componentWillUnmount in React?,react
What's the correct HTML/CSS technique to solve a CSS animation stuttering on scroll?,html / css
What's the correct pattern to avoid bugs related to the difference between synchronous and asynchronous code execution in JavaScript?,javascript
Why does the difference between app.param and route parameters cause issues in an Express.js server and how do you fix it?,express.js
What is the recommended way to handle connecting Express to a PostgreSQL database with a connection pool in Express.js?,express.js
What is the recommended TypeScript approach for the difference between default exports and named exports typing?,typescript
What's the best practice for handling connecting to MongoDB with connection pooling in Node.js?,node.js
What's the difference-driven fix for the difference between generics constraints with extends in TypeScript?,typescript
What's the best practice for revalidating cached data after a mutation in Next.js?,next.js
Why does clearing a setInterval correctly on unmount behave unexpectedly in JavaScript and how do you debug it?,javascript
What's the correct way to deal with the difference between synchronous requests and async httpx calls in a Python project?,python
How would you correctly implement the 'this' keyword inside a regular function in JavaScript?,javascript
What is the correct approach to structuring a multi-tenant app with dynamic route segments in a Next.js app?,next.js
How do you debug testing an Express route with Jest and Supertest in a production Node.js server?,node.js
What's the best practice around a custom hook not updating when its dependency changes in React?,react
Why does handling backpressure in a writable stream occur in Node.js and how do you fix it?,node.js
How do you correctly implement handling file uploads with multer in an Express app in an Express.js app?,express.js
How do you fix CSS Grid auto-placement behaving unexpectedly in CSS?,html / css
What's the best practice for the difference between build-time rendering and request-time rendering in Next.js?,next.js
What is the best practice for dealing with the difference between an inner subquery and a correlated subquery in a relational database?,sql
What's the correct SQL approach to handle the difference between a primary key and a unique key?,sql
What is the correct approach to the difference between build-time rendering and request-time rendering in a Next.js app?,next.js
Why does the difference between useState and useReducer occur in React and how do you resolve it?,react
What's the recommended Laravel approach for the difference between static and instance methods in PHP classes?,php / laravel
What's the difference-driven fix for why a type error appears only after enabling strict mode in TypeScript?,typescript
What is the recommended approach for handling currying a function in vanilla JavaScript?,javascript
What's the correct way to deal with the difference between class variables and instance variables in a Python project?,python
What is the best practice for handling handling environment variables securely in a Python project in Python?,python
What's the best practice for using dynamic routes with bracket folder names in Next.js?,next.js
How would you resolve handling file paths cross-platform using pathlib in Python?,python
What's the correct SQL approach to handle handling NULL values in a comparison?,sql
What would you check first when debugging handling cookies securely in an Express response in Express.js?,express.js
Why does the difference between synthetic events and native DOM events occur in React and how do you resolve it?,react
"In React, what would you check when infinite loop caused by a useEffect happens?",react
What is the recommended approach for handling async/await error handling in vanilla JavaScript?,javascript
How would you correctly implement handling a fetch request that never resolves in JavaScript?,javascript
How do you debug the difference between require and import in Node.js in a production Node.js server?,node.js
What's the best practice for deploying a Next.js app with API routes to a serverless platform in Next.js?,next.js
"Why does the difference between spawn, exec and fork in child_process occur in Node.js and how do you fix it?",node.js
What's the difference-driven fix for resolving a circular type reference error in TypeScript?,typescript
How do you handle optimizing fonts using next/font in Next.js?,next.js
Why does the difference between a one-to-many and a many-to-many Eloquent relationship cause issues in PHP and how do you fix it?,php / laravel
Why does handling environment variables securely in a Python project cause unexpected behavior and how do you fix it in Python?,python
Why does streaming a file response to the client occur in Node.js and how do you fix it?,node.js
How would you explain the difference between streaming and suspense boundaries in the app router to debug a Next.js issue?,next.js
What's the best practice for handling versioning of API routes in Express.js?,express.js
How do you correctly handle the difference between Laravel middleware and form request validation in PHP/Laravel?,php / laravel
How would you correctly implement the temporal dead zone in JavaScript?,javascript
"In JavaScript, what causes issues with the difference between == and === and how would you fix it?",javascript
How do you debug the difference between dependencies and devDependencies in a production Node.js server?,node.js
What's the best practice for the difference between route-level and application-level middleware in Express.js?,express.js
What is the recommended TypeScript approach for the difference between interface and type alias?,typescript
How do you debug the difference between process.nextTick and setImmediate in a production Node.js server?,node.js
How do you correctly handle typing an object with dynamic keys using an index signature in TypeScript?,typescript
How do you debug the difference between a dataclass and a regular class in Python?,python
How do you fix collapsing margins between sibling elements in CSS?,html / css
What is the best approach to handle CSS Grid auto-placement behaving unexpectedly when building a responsive layout?,html / css
Why does the difference between horizontal and vertical partitioning cause performance issues and how do you fix it?,sql
How do you correctly implement rate limiting requests to prevent abuse in an Express.js app?,express.js
What is the correct way to deal with reading a large file without loading it fully into memory when building a Node.js backend?,node.js
What is the correct approach to optimizing fonts using next/font in a Next.js app?,next.js
What's the correct SQL approach to handle the difference between a view and a materialized view?,sql
"In React, what would you check when handling error boundaries for a component tree happens?",react
"In JavaScript, what causes issues with iterators and the Symbol.iterator protocol and how would you fix it?",javascript
What's the best practice for setting security headers using helmet in Express.js?,express.js
How do you debug the difference between a list and a tuple in Python?,python
How would you correctly implement NaN comparisons in JavaScript?,javascript
How do you correctly handle handling a fatal error caused by a null property access in PHP/Laravel?,php / laravel
Why does NaN comparisons behave unexpectedly in JavaScript and how do you debug it?,javascript
Why does the difference between __str__ and __repr__ cause unexpected behavior and how do you fix it in Python?,python
What's the correct way to deal with the difference between eager and lazy evaluation in a generator expression in a Python project?,python
What is the correct React pattern to solve the difference between useEffect cleanup and componentWillUnmount?,react
Why does the difference between a generator and a list comprehension cause unexpected behavior and how do you fix it in Python?,python
What is the correct React pattern to solve the difference between useContext and prop drilling?,react
"In React, what would you check when the difference between fragment and div wrapper elements happens?",react
How would you type-safely solve using type guards to narrow an unknown value?,typescript
What is the correct approach to the difference between layout.js and template.js in a Next.js app?,next.js
Why does typing a function that accepts a variable number of arguments cause a type error and how do you resolve it?,typescript
How would you correctly implement array destructuring in JavaScript?,javascript
What is the correct way to deal with reading command-line arguments in a Node script when building a Node.js backend?,node.js
How would you resolve structuring error-first callbacks properly in a Node.js application?,node.js
Why does debugging a memory leak in a long-running Python script cause unexpected behavior and how do you fix it in Python?,python
What is the best practice for handling handling an exception inside an async function in Python?,python
Why does the difference between satisfies operator and type assertion cause a type error and how do you resolve it?,typescript
What's the best practice around the difference between useRef and useState in React?,react
What's the correct SQL approach to handle the difference between OLTP and OLAP database design?,sql
What's the best practice for handling clustering a Node.js app across CPU cores in Node.js?,node.js
Why does why an index isn't being used by the query planner cause performance issues and how do you fix it?,sql
What's the recommended Laravel approach for the difference between a Laravel migration and a seeder?,php / laravel
Why does parsing JSON request bodies with express.json cause issues in an Express.js server and how do you fix it?,express.js
What is the best practice for handling the difference between a queue and a stack implementation in Python in Python?,python
Why does handling query parameters versus route parameters cause issues in an Express.js server and how do you fix it?,express.js
What's the recommended Laravel approach for setting up route model binding in Laravel?,php / laravel
How do you debug the difference between synchronous views and async views in Django in Python?,python
Why does validating request bodies before hitting the database occur in Node.js and how do you fix it?,node.js
Why does resolving version conflicts in package-lock.json occur in Node.js and how do you fix it?,node.js
How would you resolve handling uncaught exceptions gracefully in a Node.js application?,node.js
What is the best practice for the difference between include and require in PHP in a Laravel application?,php / laravel
What is the correct way to deal with the difference between process.nextTick and setImmediate when building a Node.js backend?,node.js
Why does structuring error-first callbacks properly occur in Node.js and how do you fix it?,node.js
Why does a table not being responsive on small screens happen and what's the CSS-only solution?,html / css
What is the best practice for the difference between Laravel middleware and form request validation in a Laravel application?,php / laravel
What's the best practice for the difference between the pages router and the app router in Next.js?,next.js
Why does handling pagination with Eloquent's paginate method cause issues in PHP and how do you fix it?,php / laravel
Why does handling errors with a centralized error-handling middleware cause issues in an Express.js server and how do you fix it?,express.js
What is the best practice for handling validating request data in a FastAPI endpoint with Pydantic in Python?,python
What's the best practice for the purpose of the app router's page.js and layout.js files in Next.js?,next.js
What's the correct way to deal with the difference between Flask and Django for building a web app in a Python project?,python
Why does validating request data in a FastAPI endpoint with Pydantic cause unexpected behavior and how do you fix it in Python?,python
Why does mocking an external API call in a unit test cause unexpected behavior and how do you fix it in Python?,python
Why does handling a 404 page with a custom not-found file behave this way in Next.js and how do you fix it?,next.js
How do you fix the difference between derived state and stored state in a React application?,react
Why does the difference between mapped types and conditional types cause a type error and how do you resolve it?,typescript
"In React, what would you check when the difference between mounting and updating lifecycle phases happens?",react
Why does using type guards to narrow an unknown value cause a type error and how do you resolve it?,typescript
What's the correct SQL approach to handle writing a query to find duplicate rows in a table?,sql
Why does a print stylesheet not hiding navigation elements happen and what's the CSS-only solution?,html / css
How do you debug the difference between is and == in Python?,python
What's the best practice around portals rendering outside the parent DOM hierarchy in React?,react
How would you type-safely solve typing a Redux reducer with discriminated unions?,typescript
What's the correct SQL approach to handle the difference between a composite key and a surrogate key?,sql
What's the best practice for the difference between static assets in the public folder and imported assets in Next.js?,next.js
Why does handling optimistic UI updates before an API call resolves occur in React and how do you resolve it?,react
How do you correctly handle narrowing a union type inside a conditional in TypeScript?,typescript
What's the correct HTML/CSS technique to solve the difference between absolute and fixed positioning?,html / css
Why does handling strict null checks in a large codebase cause a type error and how do you resolve it?,typescript
How would you correctly implement debugging why a function runs before data has loaded in JavaScript?,javascript
Why does the difference between app.listen and a custom http server wrapping Express cause issues in an Express.js server and how do you fix it?,express.js
Why does deep cloning an object behave unexpectedly in JavaScript and how do you debug it?,javascript
Why does the difference between static and instance methods in PHP classes cause issues in PHP and how do you fix it?,php / laravel
Why does the difference between route-level and application-level middleware cause issues in an Express.js server and how do you fix it?,express.js
What is the best practice for handling using type hints with Optional and Union in Python?,python
What is the best practice for dealing with an N+1 query problem in an application in a relational database?,sql
What is the correct approach to why data fetched in a server component isn't updating on the client in a Next.js app?,next.js
How would you resolve the difference between a Flask blueprint and a single app file in Python?,python
What query would you write to address normalizing a database schema to third normal form?,sql
What is the correct React pattern to solve the difference between useRef and useState?,react
What would you check when debugging handling validation errors in a Laravel form request in a Laravel project?,php / laravel
How do you correctly implement parsing JSON request bodies with express.json in an Express.js app?,express.js
What is the correct React pattern to solve the difference between derived state and stored state?,react
How do you fix flex-shrink causing items to shrink unexpectedly in CSS?,html / css
"In React, what would you check when avoiding unnecessary API calls on every re-render happens?",react
How would you resolve the difference between Buffer and Stream in Node.js in a Node.js application?,node.js
What is the best practice for dealing with the difference between OLTP and OLAP database design in a relational database?,sql
What's the correct pattern to avoid bugs related to hoisting of let and const in JavaScript?,javascript
What's the correct HTML/CSS technique to solve why a child element ignores the parent's height percentage?,html / css
How would you correctly implement WeakMap usage for private data in JavaScript?,javascript
How do you correctly implement handling async errors inside an Express route handler in an Express.js app?,express.js
What is the recommended TypeScript approach for the difference between tsconfig strict mode options?,typescript
"In JavaScript, what causes issues with circular imports between ES modules and how would you fix it?",javascript
How do you debug the event loop blocking due to a synchronous CPU-heavy task in a production Node.js server?,node.js
How would you explain the difference between next.config.js rewrites and redirects to debug a Next.js issue?,next.js
How would you resolve mutable default arguments causing unexpected behavior in Python?,python
What is the best approach to handle CSS specificity war between inline styles and classes when building a responsive layout?,html / css
What's the best practice around handling side effects only on component mount in React?,react
How do you debug the difference between a queue and a stack implementation in Python in Python?,python
How would you resolve the difference between deep copy and shallow copy in Python?,python
How would you explain the difference between static generation and incremental static regeneration to debug a Next.js issue?,next.js
What is the best practice for the difference between Blade templates and returning JSON from a controller in a Laravel application?,php / laravel
Why does the difference between try/except and try/finally cause unexpected behavior and how do you fix it in Python?,python
What is the recommended TypeScript approach for a third-party library missing type definitions?,typescript
Why does an image not maintaining aspect ratio when resized happen and what's the CSS-only solution?,html / css
What is the best practice for dealing with locking rows for update inside a transaction in a relational database?,sql
What is the best practice for handling handling file paths cross-platform using pathlib in Python?,python
"Why does the difference between call, apply and bind behave unexpectedly in JavaScript and how do you debug it?",javascript
How do you correctly implement the difference between res.redirect and res.render in an Express.js app?,express.js
What's the best practice for handling structuring a Node.js project with MVC architecture in Node.js?,node.js
What is the recommended TypeScript approach for the difference between declaring types inline versus in a separate file?,typescript
What is the recommended TypeScript approach for the difference between never and void return types?,typescript
How would you resolve the difference between threading.Lock and asyncio.Lock in Python?,python
What is the best practice for handling the difference between multiprocessing and multithreading in Python?,python
How would you explain why data fetched in a server component isn't updating on the client to debug a Next.js issue?,next.js
How do you debug rate limiting incoming API requests in a production Node.js server?,node.js
How would you solve normalizing a database schema to third normal form in SQL?,sql
What's the best practice for the difference between metadata API and the Head component for SEO in Next.js?,next.js
What is the recommended approach for handling template literals with nested expressions in vanilla JavaScript?,javascript
What is the correct approach to protecting an API route so only authenticated users can access it in a Next.js app?,next.js
How do you correctly implement the difference between a 404 handler and a global error handler in an Express.js app?,express.js
What's the correct way to deal with handling an exception inside an async function in a Python project?,python
What would you check first when debugging the difference between PATCH and PUT in a REST route in Express.js?,express.js
How would you resolve the Global Interpreter Lock limiting CPU-bound threads in Python?,python
How would you resolve the difference between require and import in Node.js in a Node.js application?,node.js
How do you correctly handle the difference between any and unknown in TypeScript?,typescript
"In React, what would you check when cleaning up a subscription inside useEffect happens?",react
Why does using localStorage vs sessionStorage behave unexpectedly in JavaScript and how do you debug it?,javascript
How would you explain using dynamic routes with bracket folder names to debug a Next.js issue?,next.js
What is the correct React pattern to solve stale state inside a useEffect closure?,react
What's the best practice around the difference between server-side rendering and client-side rendering in React in React?,react
"In JavaScript, what causes issues with hoisting of let and const and how would you fix it?",javascript
How do you debug the difference between @staticmethod and @classmethod in Python?,python
What's the correct SQL approach to handle a query running slowly due to a missing index?,sql
How do you debug validating request bodies before hitting the database in a production Node.js server?,node.js
How would you type-safely solve typing an object with dynamic keys using an index signature?,typescript
What would you check first when debugging rate limiting requests to prevent abuse in Express.js?,express.js
Why does a query running slowly due to a missing index cause performance issues and how do you fix it?,sql
Why does typing an object with dynamic keys using an index signature cause a type error and how do you resolve it?,typescript
What is the best practice for dealing with handling a many-to-many relationship with a junction table in a relational database?,sql
How do you debug the difference between __init__ and __new__ in Python?,python
What is the best practice for dealing with the difference between a primary key and a unique key in a relational database?,sql
What's the best practice around the difference between Redux Toolkit and plain Redux in React?,react
How would you explain the difference between edge runtime and node runtime in Next.js to debug a Next.js issue?,next.js
How do you debug the difference between REST and GraphQL when building a Node API in a production Node.js server?,node.js
What is the best practice for handling the difference between a list and a tuple in Python?,python
What's the best practice for the order in which middleware functions execute in Express.js?,express.js
How do you handle the difference between getStaticProps and getServerSideProps in Next.js?,next.js
What is the correct React pattern to solve the difference between useImperativeHandle and forwardRef?,react
What is the best approach to handle centering a div both vertically and horizontally when building a responsive layout?,html / css
How do you fix a key prop warning when rendering a list in a React application?,react
What is the correct approach to the difference between fetch caching defaults in the app router in a Next.js app?,next.js
Why does batching multiple setState calls occur in React and how do you resolve it?,react
What's the correct pattern to avoid bugs related to memory leaks from event listeners in JavaScript?,javascript
How would you type-safely solve the difference between generics constraints with extends?,typescript
How would you resolve the difference between __init__ and __new__ in Python?,python
How would you explain handling internationalized routing in Next.js to debug a Next.js issue?,next.js
How do you fix CSS specificity war between inline styles and classes in CSS?,html / css
What's the correct SQL approach to handle the difference between COMMIT and ROLLBACK in a transaction?,sql
What's the difference-driven fix for using type guards to narrow an unknown value in TypeScript?,typescript
What is the best practice for dealing with the difference between ACID properties and eventual consistency in a relational database?,sql
What is the best practice for handling vectorizing a loop-based computation with NumPy in Python?,python
Why does the difference between useEffect cleanup and componentWillUnmount occur in React and how do you resolve it?,react
What is the recommended way to handle the difference between app.use and app.get for defining routes in Express.js?,express.js
"In JavaScript, what causes issues with clearing a setInterval correctly on unmount and how would you fix it?",javascript
"In JavaScript, what causes issues with the spread operator on arrays and how would you fix it?",javascript
What is the best practice for the difference between Laravel Sanctum and Laravel Passport in a Laravel application?,php / laravel
"In JavaScript, what causes issues with immutability patterns for state updates and how would you fix it?",javascript
Why does the difference between clustered and non-clustered indexes cause performance issues and how do you fix it?,sql
"In React, what would you check when the difference between Redux and Context API for state management happens?",react
How would you solve an N+1 query problem in an application in SQL?,sql
What's the best practice for handling environment variables that need to be exposed to the browser in Next.js?,next.js
How do you fix a form's autofill styles overriding custom input styles in CSS?,html / css
"In JavaScript, what causes issues with the difference between setTimeout and setInterval and how would you fix it?",javascript
Why does setting security headers using helmet cause issues in an Express.js server and how do you fix it?,express.js
How do you fix handling error boundaries for a component tree in a React application?,react
How would you type-safely solve the difference between declaration merging and module augmentation?,typescript
What's the best practice around the difference between mounting and updating lifecycle phases in React?,react
What's the correct way to deal with the difference between __str__ and __repr__ in a Python project?,python
What's the best practice around a component re-rendering too many times in React?,react
What is the correct React pattern to solve the difference between synthetic events and native DOM events?,react
What's the recommended Laravel approach for handling environment configuration with the .env file in Laravel?,php / laravel
Why does the difference between shallow and deep freezing an object behave unexpectedly in JavaScript and how do you debug it?,javascript
What's the correct pattern to avoid bugs related to promise chaining in JavaScript?,javascript
What is the correct approach to the difference between getStaticProps and getServerSideProps in a Next.js app?,next.js
What is the correct approach to the purpose of the app router's page.js and layout.js files in a Next.js app?,next.js
How would you explain the purpose of the route.js file for API routes to debug a Next.js issue?,next.js
Why does the difference between a queue and a stack implementation in Python cause unexpected behavior and how do you fix it in Python?,python
How would you resolve resolving version conflicts in package-lock.json in a Node.js application?,node.js
What's the difference-driven fix for typing a function that accepts a variable number of arguments in TypeScript?,typescript
How do you debug the difference between deep copy and shallow copy in Python?,python
How would you solve handling NULL values in a comparison in SQL?,sql
How would you solve the difference between a composite key and a surrogate key in SQL?,sql
"In React, what would you check when the difference between local component state and global state happens?",react
How would you correctly implement sorting an array of objects by a property in JavaScript?,javascript
What is the correct way to deal with the difference between middleware order in Express when building a Node.js backend?,node.js
How would you type-safely solve the difference between declaring types inline versus in a separate file?,typescript
What's the best practice around prop drilling across multiple nested components in React?,react
What's the correct HTML/CSS technique to solve CSS Grid auto-placement behaving unexpectedly?,html / css
What would you check when debugging handling environment configuration with the .env file in Laravel in a Laravel project?,php / laravel
How would you type-safely solve a generic type not inferring correctly?,typescript
How would you correctly implement template literals with nested expressions in JavaScript?,javascript
What is the correct React pattern to solve passing a callback function to a child without breaking memoization?,react
How would you correctly implement the difference between slice and splice in JavaScript?,javascript
What's the recommended Laravel approach for the difference between a one-to-many and a many-to-many Eloquent relationship?,php / laravel
"In React, what would you check when the difference between derived state and stored state happens?",react
How would you resolve the difference between eager and lazy evaluation in a generator expression in Python?,python
What is the correct React pattern to solve a ref returning null on the first render?,react
What is the recommended way to handle logging incoming requests with morgan in Express.js?,express.js
How would you resolve handling backpressure in a writable stream in a Node.js application?,node.js
What's the recommended Laravel approach for the difference between Laravel's API resources and returning a model directly?,php / laravel
Why does the difference between strict mode and sloppy mode behave unexpectedly in JavaScript and how do you debug it?,javascript
What's the best practice around handling optimistic UI updates before an API call resolves in React?,react
"In JavaScript, what causes issues with using reduce to flatten an array and how would you fix it?",javascript
What's the correct way to deal with validating request data in a FastAPI endpoint with Pydantic in a Python project?,python
Why does async/await error handling behave unexpectedly in JavaScript and how do you debug it?,javascript
What is the recommended TypeScript approach for a generic type not inferring correctly?,typescript
How would you resolve the difference between middleware order in Express in a Node.js application?,node.js
"What's the correct SQL approach to handle the difference between DELETE, TRUNCATE and DROP?",sql
What is the correct approach to the difference between streaming and suspense boundaries in the app router in a Next.js app?,next.js
How would you explain the difference between css modules and global styles in Next.js to debug a Next.js issue?,next.js
Why does the difference between JSON serialization and pickling cause unexpected behavior and how do you fix it in Python?,python
How do you debug debugging a memory leak in a long-running Python script in Python?,python
How would you explain structuring a multi-tenant app with dynamic route segments to debug a Next.js issue?,next.js
What's the correct SQL approach to handle handling pagination efficiently with OFFSET and LIMIT?,sql
What is the correct way to deal with environment variables not loading from a .env file when building a Node.js backend?,node.js
How do you correctly handle handling file uploads and storing them on a Laravel disk in PHP/Laravel?,php / laravel
"In JavaScript, what causes issues with IIFE usage and how would you fix it?",javascript
"In React, what would you check when the difference between shallow rendering and full DOM rendering in tests happens?",react
How would you type-safely solve typing an async function's return value correctly?,typescript
What is the best approach to handle a hover effect not working on touch devices when building a responsive layout?,html / css
How do you debug environment variables not loading from a .env file in a production Node.js server?,node.js
Why does the difference between an inner subquery and a correlated subquery cause performance issues and how do you fix it?,sql
What is the best practice for dealing with the difference between VARCHAR and TEXT column types in a relational database?,sql
What's the best practice around lazy loading a component with React.lazy and Suspense in React?,react
What is the best practice for setting up route model binding in Laravel in a Laravel application?,php / laravel
What's the correct pattern to avoid bugs related to converting an async function's return value in JavaScript?,javascript
What is the recommended approach for handling rest parameters in vanilla JavaScript?,javascript
Why does the difference between a view and a materialized view cause performance issues and how do you fix it?,sql
What is the correct way to deal with setting up JWT-based authentication in Node.js when building a Node.js backend?,node.js
How would you resolve the difference between synchronous and asyncio-based concurrency in Python?,python
How would you solve the difference between a foreign key constraint and a check constraint in SQL?,sql
Why does the difference between a foreign key constraint and a check constraint cause performance issues and how do you fix it?,sql
What would you check when debugging the difference between session-based auth and Sanctum token auth in Laravel in a Laravel project?,php / laravel
How would you solve the difference between a subquery and a JOIN in SQL?,sql
What's the correct HTML/CSS technique to solve the difference between max-content and fit-content?,html / css
How would you resolve the difference between a decorator with arguments and one without in Python?,python
Why does the box-sizing property changing layout calculations happen and what's the CSS-only solution?,html / css
Why does the difference between Laravel's API resources and returning a model directly cause issues in PHP and how do you fix it?,php / laravel
What is the recommended way to handle validating request data before it reaches the controller in Express.js?,express.js
How do you correctly handle the difference between declaring types inline versus in a separate file in TypeScript?,typescript
Why does the difference between session-based auth and Sanctum token auth in Laravel cause issues in PHP and how do you fix it?,php / laravel
"In React, what would you check when the difference between synthetic events and native DOM events happens?",react
How would you resolve the difference between an abstract base class and a regular class in Python?,python
What is the best approach to handle using semantic HTML tags instead of generic divs when building a responsive layout?,html / css
What is the best practice for handling the difference between string formatting with f-strings and .format() in Python?,python
How would you resolve handling missing values in a pandas DataFrame in Python?,python
What is the correct way to deal with the difference between require and import in Node.js when building a Node.js backend?,node.js
"In React, what would you check when context causing unnecessary re-renders across the tree happens?",react
Why does the difference between static assets in the public folder and imported assets behave this way in Next.js and how do you fix it?,next.js
Why does the difference between Django's ORM querysets being lazy versly evaluated cause unexpected behavior and how do you fix it in Python?,python
What is the correct React pattern to solve handling form validation without a library?,react
What would you check when debugging the difference between Composer's require and require-dev in a Laravel project?,php / laravel
Why does handling uncaught exceptions gracefully occur in Node.js and how do you fix it?,node.js
Why does serializing a Date object to JSON behave unexpectedly in JavaScript and how do you debug it?,javascript
Why does converting an async function's return value behave unexpectedly in JavaScript and how do you debug it?,javascript
"In JavaScript, what causes issues with handling race conditions between two async calls and how would you fix it?",javascript
How do you debug an unhandled promise rejection crashing the server in a production Node.js server?,node.js
How would you solve locking rows for update inside a transaction in SQL?,sql
What is the correct way to deal with an unhandled promise rejection crashing the server when building a Node.js backend?,node.js
"In JavaScript, what causes issues with converting a NodeList to an array and how would you fix it?",javascript
How would you solve the difference between WHERE and HAVING clauses in SQL?,sql
How would you resolve environment variables not loading from a .env file in a Node.js application?,node.js
Why does handling queued jobs for a long-running task in Laravel cause issues in PHP and how do you fix it?,php / laravel
"What is the recommended approach for handling the difference between call, apply and bind in vanilla JavaScript?",javascript
What's the difference-driven fix for the difference between default exports and named exports typing in TypeScript?,typescript
How would you type-safely solve the difference between never and void return types?,typescript
What's the best practice around the difference between useImperativeHandle and forwardRef in React?,react
Why does the difference between a lambda function and a named function cause unexpected behavior and how do you fix it in Python?,python
"In JavaScript, what causes issues with the 'this' keyword inside a regular function and how would you fix it?",javascript
What's the best practice around avoiding unnecessary API calls on every re-render in React?,react
How do you fix the difference between controlled and uncontrolled inputs in a React application?,react
What's the correct way to deal with the difference between list slicing and the itertools module in a Python project?,python
What would you check first when debugging the difference between next() and next(err) in middleware in Express.js?,express.js
What is the correct React pattern to solve the difference between Redux Toolkit and plain Redux?,react
Why does the difference between res.redirect and res.render cause issues in an Express.js server and how do you fix it?,express.js
What is the best practice for handling handling a ZeroDivisionError gracefully in Python?,python
How would you resolve using worker_threads for CPU-bound tasks in a Node.js application?,node.js
What is the recommended approach for handling iterators and the Symbol.iterator protocol in vanilla JavaScript?,javascript
What is the correct approach to the difference between css modules and global styles in Next.js in a Next.js app?,next.js
Why does the difference between server-side rendering and client-side rendering in React occur in React and how do you resolve it?,react
How do you fix responsive typography scaling with container queries in CSS?,html / css
What query would you write to address the difference between VARCHAR and TEXT column types?,sql
Why does the difference between a composite key and a surrogate key cause performance issues and how do you fix it?,sql
"In React, what would you check when a form input losing focus after every keystroke happens?",react
What is the best practice for dealing with optimizing a query that uses SELECT * in a relational database?,sql
What is the best approach to handle why nested flexbox containers break alignment when building a responsive layout?,html / css
What is the recommended approach for handling the difference between shallow and deep freezing an object in vanilla JavaScript?,javascript
What would you check first when debugging the difference between app.listen and a custom http server wrapping Express in Express.js?,express.js
Why does Promise.all reject immediately when only one auxiliary API request fails?,javascript
How do you handle unhandled promise rejections without crashing the entire browser process?,javascript
Why does an async function return a Promise object instead of the direct resolved value when called synchronously?,javascript
How do you cancel an ongoing fetch request when a user navigates away using AbortController?,javascript
Why is a Promise constructor executor executed synchronously instead of asynchronously?,javascript
How do you prevent microtask queue starvation caused by continuous recursive queueMicrotask calls?,javascript
Why does Promise.allSettled return an array of status objects instead of throwing errors directly?,javascript
How do you implement an exponential backoff retry mechanism using async and await in vanilla JavaScript?,javascript
Why does awaiting a non-promise value still defer execution to the microtask queue?,javascript
How do you prevent race conditions when multiple async functions update the same shared object?,javascript
Why does Promise.race resolve with undefined when passed an empty array?,javascript
How do you handle errors thrown inside an async generator function during iteration?,javascript
Why does try-catch fail to intercept errors thrown inside a setTimeout callback inside an async function?,javascript
How do you run multiple asynchronous tasks with a concurrency limit using native JavaScript?,javascript
Why does chaining multiple then handlers without returning a value cause the subsequent promise to resolve to undefined?,javascript
How do you inspect the internal state of a pending Promise in Chrome DevTools?,javascript
Why does an unhandled rejection event listener not trigger if the rejection is handled in a later tick?,javascript
How do you convert callback-based legacy browser APIs into native Promise-based functions?,javascript
Why does returning Promise.resolve inside a try block execute the finally block before resolving?,javascript
How do you ensure all background async logging requests finish before window unload?,javascript
Why does top-level await block the execution of importing modules in an ES module graph?,javascript
How do you debounce an async search input to prevent outdated responses from overwriting newer search results?,javascript
Why does calling resolve twice inside a Promise constructor have no effect on the second call?,javascript
How do you implement a timeout wrapper that rejects if a fetch request takes longer than five seconds?,javascript
Why does Promise.any reject with an AggregateError when all supplied promises fail?,javascript
How do you properly await asynchronous array iterations without using forEach loops?,javascript
Why does Array.prototype.map return an array of pending promises when passed an async callback?,javascript
How do you manage cross-tab state synchronization using BroadcastChannel and async messages?,javascript
Why does an async IIFE cause unhandled rejection warnings if it throws an error and lacks a catch block?,javascript
How do you coordinate multiple asynchronous web worker responses using MessageChannel?,javascript
Why is a rejected promise in a Promise.allSettled list marked with status 'rejected' instead of thrown?,javascript
How do you cancel a pending debounce timer when a user rapidly toggles form inputs?,javascript
Why does await Promise.reject throw an uncaught exception if not enclosed in a try-catch block?,javascript
How do you stream and decode chunked JSON data over HTTP using ReadableStream and TextDecoder?,javascript
Why does executing long async tasks on the main thread still freeze UI scrolling and animations?,javascript
How do you throttle high-frequency mousemove events while guaranteeing the final position is processed?,javascript
Why does an async arrow function lack its own arguments object?,javascript
How do you prevent duplicate concurrent API requests for the same resource using an in-memory promise cache?,javascript
Why does Promise.resolve with a thenable object behave differently than with a standard object?,javascript
How do you pause and resume an async task pipeline using JavaScript Generators?,javascript
Why does async function execution pause at the await keyword while allowing the event loop to continue?,javascript
How do you handle memory leaks caused by abandoned Promise references in long-lived single-page applications?,javascript
Why does passing an async function to addEventListener swallow uncaught exceptions thrown inside it?,javascript
How do you structure an async pipeline to process an array of items sequentially one after another?,javascript
Why does Promise.prototype.finally receive no arguments when executed?,javascript
Why does `this` evaluate to undefined inside a strict-mode function invoked without a call site object?,javascript
How do you fix `this` losing its reference when passing an object method as a callback to an event listener?,javascript
Why do variables declared with `var` hoist to the top of function scope while `let` and `const` enter the Temporal Dead Zone?,javascript
How do you avoid memory leaks caused by accidental closures retaining large parent-scope DOM elements?,javascript
Why does modifying an outer variable inside a nested closure produce unpredictable side effects across invocations?,javascript
How do you create truly private object properties using JavaScript WeakMap or ES2022 private fields?,javascript
Why does `Function.prototype.bind` create an immutable bound function that cannot be rebound with another context?,javascript
How do you dynamically set the execution context of a function using `call` versus `apply`?,javascript
Why does an arrow function retain the `this` binding of its enclosing lexical context regardless of how it is called?,javascript
How do you resolve issues where loop variables in a `for(var i=0; i<n; i++)` share the same reference inside async callbacks?,javascript
Why does `eval()` execute in the local scope and cause potential variable shadowing and performance degradation?,javascript
How do you detect if a JavaScript function is invoked with the `new` keyword using `new.target`?,javascript
Why does object destructuring with default values fail to trigger defaults when a property is explicitly set to `null`?,javascript
How do you prevent variable pollution in global scope when executing dynamic third-party scripts?,javascript
Why does `Object.freeze` fail to prevent mutations to deeply nested child objects?,javascript
How do you implement deep object cloning that safely handles circular references without throwing stack overflow errors?,javascript
Why does accessing a property on `Object.create(null)` throw a TypeError when calling `hasOwnProperty`?,javascript
How do you safely iterate over an object's own enumerable properties without picking up prototype chain additions?,javascript
Why does `typeof null` return 'object' in JavaScript instead of 'null'?,javascript
How do you prevent prototype pollution when merging user-supplied JSON objects into application state?,javascript
Why does shadowing an outer variable inside a block scope cause a ReferenceError if accessed before its declaration?,javascript
How do you use `Reflect.ownKeys` to retrieve both string and Symbol keys from an object?,javascript
Why does modifying `Array.prototype` lead to unexpected bugs across third-party vendor libraries?,javascript
How do you implement a currying function that accepts variable argument lengths dynamically?,javascript
Why does `instanceof` return false when comparing an object created inside an iframe with the parent window constructor?,javascript
How do you create an immutable configuration object using `Object.seal` versus `Object.freeze`?,javascript
Why does destructuring assignment fail with a TypeError when the source object is undefined or null?,javascript
How do you ensure a singleton pattern persists across multiple module imports in a client application?,javascript
Why does using `with` statements result in unpredictable variable lookups and strict-mode syntax errors?,javascript
How do you dynamically compute object keys during inline object literal initialization?,javascript
Why does an explicit return of a primitive value from a constructor function get ignored when instantiated with `new`?,javascript
How do you protect sensitive in-memory user tokens from being accessed by malicious browser extensions?,javascript
Why does `arguments.callee` throw a TypeError in ECMAScript strict mode?,javascript
How do you safely inspect whether an object property exists without triggering its custom getter function?,javascript
Why does `let` declaration inside a `switch` block require explicit block braces to prevent cross-case redeclaration errors?,javascript
How do you implement a custom iterable object using `Symbol.iterator`?,javascript
Why does `Object.assign` invoke getters and setters during property copying rather than copying descriptor definitions?,javascript
How do you copy property descriptors including non-enumerable flags from one object to another?,javascript
Why does deleting a property declared with `var` return false and fail silently in non-strict mode?,javascript
How do you create an object that warns when nonexistent properties are accessed using `Proxy`?,javascript
Why does `Function.prototype.toString` reveal implementation details of native functions as '[native code]'?,javascript
How do you prevent infinite recursion when using a Proxy `get` trap that references the target property?,javascript
Why does setting `__proto__` directly cause severe V8 hidden class de-optimizations?,javascript
How do you safely access deeply nested optional properties using optional chaining without crashing on null parents?,javascript
Why does the nullish coalescing operator `??` treat boolean `false` and number `0` as truthy values?,javascript
Why does `event.stopPropagation()` fail to stop other listeners attached to the exact same DOM element from executing?,javascript
How do you prevent event listener memory leaks when removing dynamic elements from the DOM?,javascript
Why does `event.preventDefault()` inside a touchmove event throw a console error in passive-by-default mobile browsers?,javascript
How do you implement event delegation on a table container to handle click events for dynamically generated rows?,javascript
Why does `innerHTML` execution ignore `<script>` tags injected into the document body?,javascript
How do you safely sanitize user-supplied HTML strings before appending them to the DOM without using heavy libraries?,javascript
Why does reading `offsetWidth` immediately after setting `style.width` trigger synchronous layout reflow?,javascript
How do you observe element dimension changes accurately using `ResizeObserver` instead of window resize events?,javascript
Why does `IntersectionObserver` fail to detect elements scrolling inside a container with `overflow: scroll` unless `root` is specified?,javascript
How do you prevent a form submit button from submitting twice when a user double-clicks rapidly?,javascript
Why does `document.querySelector` fail with a DOMException when querying IDs containing colon characters?,javascript
How do you dynamically load external JavaScript files asynchronously and execute a callback upon completion?,javascript
Why does `window.postMessage` fail to send complex objects containing circular references or functions?,javascript
How do you capture error events from cross-origin scripts using `crossorigin` attributes and CORS headers?,javascript
Why does modifying DOM styles in a high-frequency `requestAnimationFrame` loop cause frame drops if calculations are heavy?,javascript
How do you copy rich text or HTML content to the user's clipboard using the Clipboard API?,javascript
Why does `sessionStorage` lose its data when a user opens the same URL in a new browser tab?,javascript
How do you detect when a user switches tabs or minimizes the browser window using the Page Visibility API?,javascript
Why does `localStorage.setItem` throw a `QuotaExceededError` in private browsing mode or when storage limits are reached?,javascript
How do you manage client-side offline storage using the `IndexedDB` transaction lifecycle?,javascript
Why does `Element.scrollIntoView({ behavior: 'smooth' })` get interrupted if the user scrolls manually during the animation?,javascript
How do you handle drag and drop file uploads with HTML5 Drag and Drop API while preventing default browser file navigation?,javascript
Why does a canvas element become tainted and throw security errors when calling `toDataURL` after drawing cross-origin images?,javascript
How do you prevent background page scrolling when an interactive modal dialog overlay is active?,javascript
Why does `window.getComputedStyle` return resolved pixel values instead of percentages for relative CSS units?,javascript
How do you intercept back and forward browser navigation events using `history.pushState` and `window.onpopstate`?,javascript
Why does `Node.cloneNode(true)` fail to copy JavaScript event listeners attached via `addEventListener`?,javascript
How do you use `MutationObserver` to detect attribute changes on dynamically rendered third-party widgets?,javascript
Why does calling `focus()` on an element immediately after making it visible fail if the browser has not finished reflowing?,javascript
How do you play audio automatically upon user interaction without violating browser autoplay audio context policies?,javascript
Why does `document.write` wipe out the entire DOM if executed after the HTML document has fully loaded?,javascript
How do you calculate the precise viewport coordinates of a DOM element accounting for scroll offsets?,javascript
Why does the `change` event on a text input fire only when the input loses focus rather than on every keystroke?,javascript
How do you capture keyboard shortcut key combinations reliably across different operating system keymaps?,javascript
Why does dispatching a custom `CustomEvent` fail to bubble up the DOM tree if `bubbles: true` is omitted from the event options?,javascript
"How do you implement virtual scrolling to render lists with over 50,000 items smoothly in the DOM?",javascript
Why does `navigator.sendBeacon` succeed during page unload when standard asynchronous `fetch` requests get cancelled?,javascript
How do you inspect active event listeners attached to a DOM node using Chrome DevTools `getEventListeners`?,javascript
Why does `NodeList.forEach` work in modern browsers while `HTMLCollection` lacks a native `forEach` method?,javascript
How do you create and attach a Shadow DOM root to encapsulate CSS styles from leaking into the global document?,javascript
Why does `window.addEventListener('scroll')` without passive flags degrade scrolling performance on mobile devices?,javascript
How do you validate email addresses using native browser form validation without writing regular expressions?,javascript
Why does `matchMedia` listener fail to trigger if the media query string contains invalid CSS syntax?,javascript
How do you access camera and microphone video streams in JavaScript using `navigator.mediaDevices.getUserMedia`?,javascript
Why does `PerformanceObserver` miss paint timing metrics if registered after the initial page paint event has completed?,javascript
How do you implement infinite scrolling without layout jump when prepending historical messages to a chat container?,javascript
Why does calling `element.remove()` fail to free memory if a global variable still holds a reference to the element?,javascript
How do you measure First Contentful Paint and Largest Contentful Paint metrics using native JavaScript Web Vitals API?,javascript
Why does setting `window.location.hash` trigger a hashchange event without causing a full browser page refresh?,javascript
How do you communicate bidirectionally between a web worker and the main thread using `postMessage`?,javascript
Why does `0.1 + 0.2 === 0.3` evaluate to false due to IEEE 754 floating-point arithmetic representation?,javascript
How do you compare two JavaScript objects for deep structural equality without third-party libraries?,javascript
"Why does `[10, 5, 20, 1].sort()` sort numbers as strings resulting in `[1, 10, 20, 5]` without a comparator?",javascript
How do you implement an LRU cache data structure in JavaScript using Map to maintain insertion order?,javascript
Why does `BigInt(10) + 10` throw a TypeError instead of performing automatic type coercion?,javascript
How do you convert a flat array of hierarchical comments with `parentId` into a nested tree structure?,javascript
Why does `Math.max()` with no arguments return `-Infinity` while `Math.min()` returns `Infinity`?,javascript
How do you generate cryptographically secure random values using `crypto.getRandomValues` instead of `Math.random`?,javascript
"Why does `JSON.stringify` omit object properties that have values of `undefined`, functions, or Symbols?",javascript
How do you flatten a multi-dimensional nested array to an arbitrary depth using `Array.prototype.flat`?,javascript
Why does `Array(5).map(...)` fail to execute the mapping callback on empty uninitialized array slots?,javascript
How do you check if an object is an instance of a specific class when the constructor name is minified in production?,javascript
"Why does `parseInt('0xF', 16)` parse hexadecimal correctly while `parseInt('08')` historically caused octal confusion?",javascript
How do you remove duplicate primitive values from an array efficiently using `Set`?,javascript
Why does `Number.MIN_VALUE` represent the smallest positive number closest to zero rather than a negative number?,javascript
How do you safely parse untrusted JSON input containing dates into actual JavaScript `Date` instances using a reviver function?,javascript
Why does `isNaN('hello')` return true while `Number.isNaN('hello')` returns false?,javascript
How do you calculate the exact difference in calendar days between two JavaScript `Date` objects accounting for Daylight Saving Time?,javascript
Why does modifying an array during a `for...in` loop lead to skipped indexes and unexpected property traversal?,javascript
How do you shuffle an array randomly with uniform distribution using the Fisher-Yates shuffle algorithm?,javascript
"Why does `Object.is(-0, +0)` return false while `-0 === +0` returns true?",javascript
How do you serialize and deserialize a JavaScript `Map` and `Set` to JSON format?,javascript
Why does `Array.from({ length: 5 })` create an array with five undefined elements while `new Array(5)` creates empty slots?,javascript
How do you reverse a string in JavaScript while properly preserving Unicode surrogate pairs and emoji characters?,javascript
Why does `1 < 2 < 3` return true while `3 > 2 > 1` returns false due to relational operator chaining?,javascript
How do you implement a priority queue in JavaScript using a binary min-heap?,javascript
Why does `typeof NaN` evaluate to 'number' despite representing Not-a-Number?,javascript
How do you format monetary numbers to specific locale currency strings using `Intl.NumberFormat`?,javascript
Why does `Object.keys()` return integer property keys sorted in ascending numeric order before string keys?,javascript
How do you split a large array into fixed-size smaller chunks without mutating the original array?,javascript
Why does `String.prototype.replace` replace only the first occurrence unless a global regular expression or `replaceAll` is used?,javascript
How do you find the intersection of two arrays with distinct elements using `Set.prototype.filter`?,javascript
Why does unary plus `+[]` evaluate to `0` while `+{}` evaluates to `NaN`?,javascript
How do you validate whether a string is valid JSON without wrapping `JSON.parse` in a try-catch block?,javascript
Why does `Array.prototype.slice` without arguments create a shallow copy of an array rather than a deep copy?,javascript
How do you implement memoization for an expensive recursive mathematical function in JavaScript?,javascript
Why does `Boolean(new Boolean(false))` evaluate to true instead of false?,javascript
How do you count the frequency of characters in a string using `Array.prototype.reduce`?,javascript
Why does `typeof null` evaluate to 'object' while `typeof undefined` evaluates to 'undefined'?,javascript
How do you implement a generator that yields Fibonacci numbers on demand without exhausting call stack limits?,javascript
How do you implement handling dropped WebSocket connections and reconnecting with backoff in modern vanilla JavaScript?,javascript
How do you implement managing cache invalidation during service worker update lifecycle in modern vanilla JavaScript?,javascript
How do you implement migrating database schema versions inside onupgradeneeded event in modern vanilla JavaScript?,javascript
How do you implement transferring ArrayBuffers using zero-copy Transferable Objects in modern vanilla JavaScript?,javascript
How do you implement handling automated reconnection and parsing multi-line event payloads in modern vanilla JavaScript?,javascript
How do you implement passing attributes and handling observedAttributes callback lifecycle in modern vanilla JavaScript?,javascript
How do you implement styling inner shadow DOM elements from parent stylesheets with CSS parts in modern vanilla JavaScript?,javascript
How do you implement syncing query parameters with UI filter state without page reloads in modern vanilla JavaScript?,javascript
How do you implement notifying all browser tabs when a user logs out in one tab in modern vanilla JavaScript?,javascript
How do you implement observing dynamic DOM insertions to bind event handlers on third-party widgets in modern vanilla JavaScript?,javascript
How do you implement lazy loading responsive images only when entering the visible viewport threshold in modern vanilla JavaScript?,javascript
How do you implement adjusting complex chart SVG layouts when container element resizes in modern vanilla JavaScript?,javascript
How do you implement handling asynchronous writeText permission denials in non-secure HTTP contexts in modern vanilla JavaScript?,javascript
How do you implement pausing background video streaming and animations when the tab is inactive in modern vanilla JavaScript?,javascript
How do you implement sending analytical metrics safely during window beforeunload events in modern vanilla JavaScript?,javascript
How do you implement measuring time to first byte and DOM content loaded timestamps accurately in modern vanilla JavaScript?,javascript
How do you implement reading user-selected CSV files chunk-by-chunk using FileReader and chunk slicing in modern vanilla JavaScript?,javascript
How do you implement piping readable data streams through a TransformStream to compress payloads in modern vanilla JavaScript?,javascript
How do you implement controlling CSS keyframe animations programmatically with pause and reverse in modern vanilla JavaScript?,javascript
How do you implement formatting localized dates and relative times using Intl.RelativeTimeFormat in modern vanilla JavaScript?,javascript
How do you implement requesting browser push notification permissions and displaying notification toasts in modern vanilla JavaScript?,javascript
How do you implement handling position error timeout and accuracy degradation on mobile browsers in modern vanilla JavaScript?,javascript
How do you implement generating SHA-256 cryptographic hashes from user strings in vanilla JavaScript in modern vanilla JavaScript?,javascript
How do you implement parsing and appending multi-value query strings without manually encoding URIs in modern vanilla JavaScript?,javascript
"How do you implement handling touch, stylus, and mouse pointer cancellation during drag operations in modern vanilla JavaScript?",javascript
How do you implement decoding raw audio data buffers and handling hardware audio output switches in modern vanilla JavaScript?,javascript
How do you implement polling controller input state inside a continuous game loop in modern vanilla JavaScript?,javascript
How do you implement capturing display media streams and handling user cancel stream events in modern vanilla JavaScript?,javascript
How do you implement querying camera and microphone permission status without prompting the user in modern vanilla JavaScript?,javascript
How do you implement handling webglcontextlost and restoring vertex buffer state upon recovery in modern vanilla JavaScript?,javascript
Why does handling dropped WebSocket connections and reconnecting with backoff fail when executed in strict mode browser environments?,javascript
Why does managing cache invalidation during service worker update lifecycle fail when executed in strict mode browser environments?,javascript
Why does migrating database schema versions inside onupgradeneeded event fail when executed in strict mode browser environments?,javascript
Why does transferring ArrayBuffers using zero-copy Transferable Objects fail when executed in strict mode browser environments?,javascript
Why does handling automated reconnection and parsing multi-line event payloads fail when executed in strict mode browser environments?,javascript
Why does passing attributes and handling observedAttributes callback lifecycle fail when executed in strict mode browser environments?,javascript
Why does styling inner shadow DOM elements from parent stylesheets with CSS parts fail when executed in strict mode browser environments?,javascript
Why does syncing query parameters with UI filter state without page reloads fail when executed in strict mode browser environments?,javascript
Why does notifying all browser tabs when a user logs out in one tab fail when executed in strict mode browser environments?,javascript
Why does observing dynamic DOM insertions to bind event handlers on third-party widgets fail when executed in strict mode browser environments?,javascript
Why does lazy loading responsive images only when entering the visible viewport threshold fail when executed in strict mode browser environments?,javascript
Why does adjusting complex chart SVG layouts when container element resizes fail when executed in strict mode browser environments?,javascript
Why does handling asynchronous writeText permission denials in non-secure HTTP contexts fail when executed in strict mode browser environments?,javascript
Why does pausing background video streaming and animations when the tab is inactive fail when executed in strict mode browser environments?,javascript
Why does sending analytical metrics safely during window beforeunload events fail when executed in strict mode browser environments?,javascript
Why does measuring time to first byte and DOM content loaded timestamps accurately fail when executed in strict mode browser environments?,javascript
Why does reading user-selected CSV files chunk-by-chunk using FileReader and chunk slicing fail when executed in strict mode browser environments?,javascript
Why does piping readable data streams through a TransformStream to compress payloads fail when executed in strict mode browser environments?,javascript
Why does controlling CSS keyframe animations programmatically with pause and reverse fail when executed in strict mode browser environments?,javascript
Why does formatting localized dates and relative times using Intl.RelativeTimeFormat fail when executed in strict mode browser environments?,javascript
Why does requesting browser push notification permissions and displaying notification toasts fail when executed in strict mode browser environments?,javascript
Why does handling position error timeout and accuracy degradation on mobile browsers fail when executed in strict mode browser environments?,javascript
Why does generating SHA-256 cryptographic hashes from user strings in vanilla JavaScript fail when executed in strict mode browser environments?,javascript
Why does parsing and appending multi-value query strings without manually encoding URIs fail when executed in strict mode browser environments?,javascript
"Why does handling touch, stylus, and mouse pointer cancellation during drag operations fail when executed in strict mode browser environments?",javascript
Why does decoding raw audio data buffers and handling hardware audio output switches fail when executed in strict mode browser environments?,javascript
Why does polling controller input state inside a continuous game loop fail when executed in strict mode browser environments?,javascript
Why does capturing display media streams and handling user cancel stream events fail when executed in strict mode browser environments?,javascript
Why does querying camera and microphone permission status without prompting the user fail when executed in strict mode browser environments?,javascript
Why does handling webglcontextlost and restoring vertex buffer state upon recovery fail when executed in strict mode browser environments?,javascript
What is the best way to handle handling dropped WebSocket connections and reconnecting with backoff in client-side web development?,javascript
What is the best way to handle managing cache invalidation during service worker update lifecycle in client-side web development?,javascript
What is the best way to handle migrating database schema versions inside onupgradeneeded event in client-side web development?,javascript
What is the best way to handle transferring ArrayBuffers using zero-copy Transferable Objects in client-side web development?,javascript
What is the best way to handle handling automated reconnection and parsing multi-line event payloads in client-side web development?,javascript
What is the best way to handle passing attributes and handling observedAttributes callback lifecycle in client-side web development?,javascript
What is the best way to handle styling inner shadow DOM elements from parent stylesheets with CSS parts in client-side web development?,javascript
What is the best way to handle syncing query parameters with UI filter state without page reloads in client-side web development?,javascript
What is the best way to handle notifying all browser tabs when a user logs out in one tab in client-side web development?,javascript
What is the best way to handle observing dynamic DOM insertions to bind event handlers on third-party widgets in client-side web development?,javascript
What is the best way to handle lazy loading responsive images only when entering the visible viewport threshold in client-side web development?,javascript
What is the best way to handle adjusting complex chart SVG layouts when container element resizes in client-side web development?,javascript
What is the best way to handle handling asynchronous writeText permission denials in non-secure HTTP contexts in client-side web development?,javascript
What is the best way to handle pausing background video streaming and animations when the tab is inactive in client-side web development?,javascript
What is the best way to handle sending analytical metrics safely during window beforeunload events in client-side web development?,javascript
What is the best way to handle measuring time to first byte and DOM content loaded timestamps accurately in client-side web development?,javascript
What is the best way to handle reading user-selected CSV files chunk-by-chunk using FileReader and chunk slicing in client-side web development?,javascript
What is the best way to handle piping readable data streams through a TransformStream to compress payloads in client-side web development?,javascript
What is the best way to handle controlling CSS keyframe animations programmatically with pause and reverse in client-side web development?,javascript
What is the best way to handle formatting localized dates and relative times using Intl.RelativeTimeFormat in client-side web development?,javascript
What is the best way to handle requesting browser push notification permissions and displaying notification toasts in client-side web development?,javascript
What is the best way to handle handling position error timeout and accuracy degradation on mobile browsers in client-side web development?,javascript
What is the best way to handle generating SHA-256 cryptographic hashes from user strings in vanilla JavaScript in client-side web development?,javascript
What is the best way to handle parsing and appending multi-value query strings without manually encoding URIs in client-side web development?,javascript
"What is the best way to handle handling touch, stylus, and mouse pointer cancellation during drag operations in client-side web development?",javascript
What is the best way to handle decoding raw audio data buffers and handling hardware audio output switches in client-side web development?,javascript
What is the best way to handle polling controller input state inside a continuous game loop in client-side web development?,javascript
What is the best way to handle capturing display media streams and handling user cancel stream events in client-side web development?,javascript
What is the best way to handle querying camera and microphone permission status without prompting the user in client-side web development?,javascript
What is the best way to handle handling webglcontextlost and restoring vertex buffer state upon recovery in client-side web development?,javascript
How do you troubleshoot handling dropped WebSocket connections and reconnecting with backoff when debugging cross-browser edge cases?,javascript
How do you troubleshoot managing cache invalidation during service worker update lifecycle when debugging cross-browser edge cases?,javascript
How do you troubleshoot migrating database schema versions inside onupgradeneeded event when debugging cross-browser edge cases?,javascript
How do you troubleshoot transferring ArrayBuffers using zero-copy Transferable Objects when debugging cross-browser edge cases?,javascript
How do you troubleshoot handling automated reconnection and parsing multi-line event payloads when debugging cross-browser edge cases?,javascript
How do you troubleshoot passing attributes and handling observedAttributes callback lifecycle when debugging cross-browser edge cases?,javascript
How do you troubleshoot styling inner shadow DOM elements from parent stylesheets with CSS parts when debugging cross-browser edge cases?,javascript
How do you troubleshoot syncing query parameters with UI filter state without page reloads when debugging cross-browser edge cases?,javascript
How do you troubleshoot notifying all browser tabs when a user logs out in one tab when debugging cross-browser edge cases?,javascript
How do you troubleshoot observing dynamic DOM insertions to bind event handlers on third-party widgets when debugging cross-browser edge cases?,javascript
How do you troubleshoot lazy loading responsive images only when entering the visible viewport threshold when debugging cross-browser edge cases?,javascript
How do you troubleshoot adjusting complex chart SVG layouts when container element resizes when debugging cross-browser edge cases?,javascript
How do you troubleshoot handling asynchronous writeText permission denials in non-secure HTTP contexts when debugging cross-browser edge cases?,javascript
How do you troubleshoot pausing background video streaming and animations when the tab is inactive when debugging cross-browser edge cases?,javascript
How do you troubleshoot sending analytical metrics safely during window beforeunload events when debugging cross-browser edge cases?,javascript
How do you troubleshoot measuring time to first byte and DOM content loaded timestamps accurately when debugging cross-browser edge cases?,javascript
How do you troubleshoot reading user-selected CSV files chunk-by-chunk using FileReader and chunk slicing when debugging cross-browser edge cases?,javascript
How do you troubleshoot piping readable data streams through a TransformStream to compress payloads when debugging cross-browser edge cases?,javascript
How do you troubleshoot controlling CSS keyframe animations programmatically with pause and reverse when debugging cross-browser edge cases?,javascript
How do you troubleshoot formatting localized dates and relative times using Intl.RelativeTimeFormat when debugging cross-browser edge cases?,javascript
How do you troubleshoot requesting browser push notification permissions and displaying notification toasts when debugging cross-browser edge cases?,javascript
How do you troubleshoot handling position error timeout and accuracy degradation on mobile browsers when debugging cross-browser edge cases?,javascript
How do you troubleshoot generating SHA-256 cryptographic hashes from user strings in vanilla JavaScript when debugging cross-browser edge cases?,javascript
How do you troubleshoot parsing and appending multi-value query strings without manually encoding URIs when debugging cross-browser edge cases?,javascript
"How do you troubleshoot handling touch, stylus, and mouse pointer cancellation during drag operations when debugging cross-browser edge cases?",javascript
How do you troubleshoot decoding raw audio data buffers and handling hardware audio output switches when debugging cross-browser edge cases?,javascript
How do you troubleshoot polling controller input state inside a continuous game loop when debugging cross-browser edge cases?,javascript
How do you troubleshoot capturing display media streams and handling user cancel stream events when debugging cross-browser edge cases?,javascript
How do you troubleshoot querying camera and microphone permission status without prompting the user when debugging cross-browser edge cases?,javascript
How do you troubleshoot handling webglcontextlost and restoring vertex buffer state upon recovery when debugging cross-browser edge cases?,javascript
Why does `flex-grow: 1` fail to expand a child container when the parent lacks an explicit height?,html / css
How do you fix z-index stacking context issues when a child with `z-index: 999` remains hidden behind a sibling?,html / css
Why does `position: sticky` stop working when any ancestor element has `overflow: hidden` applied?,html / css
How do you prevent layout shifts when responsive images load using `aspect-ratio` in modern CSS?,html / css
Why does `margin: auto` center elements in flexbox containers but fail in normal block flow without explicit width?,html / css
How do you center an element both horizontally and vertically using CSS Grid in a single container line?,html / css
Why does an inline-block element have an unavoidable 4px bottom gap inside its parent container?,html / css
How do you solve font-display flickering and layout jump during web font loading using `font-display: swap`?,html / css
Why does `100vh` cause vertical scrolling on mobile mobile browser address bar expansions?,html / css
"How do you use `min()`, `max()`, and `clamp()` to build fluid typography without media queries?",html / css
Why does `box-sizing: content-box` cause padding and borders to overflow the container width?,html / css
How do you style the native HTML `<dialog>` element modal backdrop using the `::backdrop` pseudo-element?,html / css
Why does `backdrop-filter: blur()` fail to blur content behind an element unless background color is translucent?,html / css
How do you build a pure CSS accordion with animated expansion using the HTML `<details>` and `<summary>` tags?,html / css
Why does `cursor: pointer` not appear on disabled `<button>` elements styled with `:disabled`?,html / css
How do you prevent text from overflowing its container using `text-overflow: ellipsis` and `white-space: nowrap`?,html / css
Why does `float: left` collapse the height of the parent element and how does a clearfix fix it?,html / css
How do you target dark mode user system preferences using CSS `@media (prefers-color-scheme: dark)`?,html / css
Why does `width: 100%` on an element with left and right padding cause horizontal scrollbars in standard box-sizing?,html / css
"How do you create a responsive multi-column grid that automatically wraps without media queries using `grid-template-columns: repeat(auto-fit, minmax(250px, 1fr))`?",html / css
Why does `transform: translate()` create a new stacking context that affects child `position: fixed` elements?,html / css
How do you style custom radio buttons and checkboxes while keeping the native input accessible to screen readers?,html / css
Why does `letter-spacing` add extra space after the final letter in a word causing subtle alignment offsets?,html / css
How do you load critical CSS inline while deferring non-critical external stylesheets to prevent render-blocking?,html / css
Why does applying `will-change: transform` excessively across many elements cause severe GPU memory exhaustion?,html / css
How do you enforce accessible color contrast ratios for text overlays according to WCAG AA guidelines?,html / css
Why does `line-height` without unit behave differently on child elements compared to `line-height: 1.5em`?,html / css
How do you prevent automatic phone number linking in mobile Safari using the `<meta name='format-detection'>` tag?,html / css
Why does `position: absolute` position an element relative to the viewport when no ancestor has `position: relative`?,html / css
How do you implement CSS Subgrid to align nested child elements across parent grid tracks?,html / css
Why does CSS specificity cause an ID selector to override chained class selectors regardless of cascade order?,html / css
How do you use CSS Container Queries to style a component based on its parent container width instead of the viewport?,html / css
Why does `opacity: 0` keep an element clickable in the DOM while `visibility: hidden` and `display: none` disable clicks?,html / css
How do you construct a responsive CSS masonry layout without using JavaScript?,html / css
Why does `overflow-y: scroll` always display an inactive scrollbar track on Windows browsers unlike `overflow-y: auto`?,html / css
How do you create smooth scroll behavior on an entire webpage using CSS `scroll-behavior: smooth`?,html / css
Why does a `<video>` tag fail to autoplay on modern browsers unless the `muted` attribute is explicitly added?,html / css
How do you implement visually hidden utility classes that hide text visually while keeping it readable for screen readers?,html / css
Why does CSS transition not animate when transitioning an element from `display: none` to `display: block`?,html / css
How do you handle safe-area insets on notched smartphone screens using `env(safe-area-inset-top)`?,html / css
Why does `hyphens: auto` fail to break long words unless the HTML tag contains a valid `lang` attribute?,html / css
How do you optimize critical rendering paths by preloading high-priority hero images with `<link rel='preload'>`?,html / css
Why does `user-select: none` prevent users from highlighting text while still allowing right-click context menus?,html / css
How do you create multi-line text truncation using `-webkit-line-clamp`?,html / css
Why does `scroll-snap-type: y mandatory` sometimes fail to snap correctly on dynamically loaded list items?,html / css
How do you style placeholder text inside input fields using the `::placeholder` pseudo-element?,html / css
Why does `content: ''` required for `::before` and `::after` pseudo-elements to render visibly on the page?,html / css
How do you create an accessible dropdown menu using proper ARIA attributes like `aria-expanded` and `aria-haspopup`?,html / css
Why does applying `filter: blur()` to a container element blur all child text and interactive elements inside it?,html / css
How do you reset default browser styling across all browsers using modern CSS resets like `box-sizing: border-box`?,html / css
How do you solve issues regarding handling responsive table horizontal scrolling without breaking outer card layout in cross-browser front-end layouts?,html / css
How do you solve issues regarding customizing scrollbar appearance using scrollbar-width and scrollbar-color in Firefox and WebKit in cross-browser front-end layouts?,html / css
How do you solve issues regarding preventing mobile viewport zoom on focus by ensuring input font-size is at least 16px in cross-browser front-end layouts?,html / css
How do you solve issues regarding implementing CSS scroll-driven animations using animation-timeline view() in cross-browser front-end layouts?,html / css
How do you solve issues regarding styling broken image placeholders using the img::before and img::after pseudo-elements in cross-browser front-end layouts?,html / css
How do you solve issues regarding preventing content shift during webfont load using font-size-adjust and size-adjust in cross-browser front-end layouts?,html / css
How do you solve issues regarding isolating CSS styles inside Web Components using shadow DOM scoped stylesheets in cross-browser front-end layouts?,html / css
How do you solve issues regarding handling high-DPI retina display images using srcset and sizes attributes on picture tags in cross-browser front-end layouts?,html / css
How do you solve issues regarding creating accessible breadcrumb navigation with semantic nav and ol elements in cross-browser front-end layouts?,html / css
How do you solve issues regarding handling CSS logical properties like margin-inline and padding-block for internationalization in cross-browser front-end layouts?,html / css
How do you solve issues regarding preventing cumulative layout shift when embedding third-party iframe advertisements in cross-browser front-end layouts?,html / css
How do you solve issues regarding using CSS variables to implement instant theme toggling without page reloading in cross-browser front-end layouts?,html / css
How do you solve issues regarding fixing overflow clipping issues when combining border-radius with overflow: hidden on tables in cross-browser front-end layouts?,html / css
How do you solve issues regarding styling form validation states using :user-invalid and :user-valid pseudo-classes in cross-browser front-end layouts?,html / css
How do you solve issues regarding implementing CSS blend modes using mix-blend-mode to overlay text on background graphics in cross-browser front-end layouts?,html / css
How do you solve issues regarding building accessible accordion tabs using role='tablist' and role='tabpanel' in cross-browser front-end layouts?,html / css
How do you solve issues regarding handling text wrapping on long continuous URLs using overflow-wrap: anywhere in cross-browser front-end layouts?,html / css
How do you solve issues regarding creating responsive multi-step checkout progress bars with pure CSS flexbox in cross-browser front-end layouts?,html / css
How do you solve issues regarding optimizing rendering performance of long scrolling feeds using content-visibility: auto in cross-browser front-end layouts?,html / css
How do you solve issues regarding managing CSS layer cascade precedence using @layer declarations in cross-browser front-end layouts?,html / css
Why does handling responsive table horizontal scrolling without breaking outer card layout cause unexpected rendering bugs on modern mobile browsers?,html / css
Why does customizing scrollbar appearance using scrollbar-width and scrollbar-color in Firefox and WebKit cause unexpected rendering bugs on modern mobile browsers?,html / css
Why does preventing mobile viewport zoom on focus by ensuring input font-size is at least 16px cause unexpected rendering bugs on modern mobile browsers?,html / css
Why does implementing CSS scroll-driven animations using animation-timeline view() cause unexpected rendering bugs on modern mobile browsers?,html / css
Why does styling broken image placeholders using the img::before and img::after pseudo-elements cause unexpected rendering bugs on modern mobile browsers?,html / css
Why does preventing content shift during webfont load using font-size-adjust and size-adjust cause unexpected rendering bugs on modern mobile browsers?,html / css
Why does isolating CSS styles inside Web Components using shadow DOM scoped stylesheets cause unexpected rendering bugs on modern mobile browsers?,html / css
Why does handling high-DPI retina display images using srcset and sizes attributes on picture tags cause unexpected rendering bugs on modern mobile browsers?,html / css
Why does creating accessible breadcrumb navigation with semantic nav and ol elements cause unexpected rendering bugs on modern mobile browsers?,html / css
Why does handling CSS logical properties like margin-inline and padding-block for internationalization cause unexpected rendering bugs on modern mobile browsers?,html / css
Why does preventing cumulative layout shift when embedding third-party iframe advertisements cause unexpected rendering bugs on modern mobile browsers?,html / css
Why does using CSS variables to implement instant theme toggling without page reloading cause unexpected rendering bugs on modern mobile browsers?,html / css
Why does fixing overflow clipping issues when combining border-radius with overflow: hidden on tables cause unexpected rendering bugs on modern mobile browsers?,html / css
Why does styling form validation states using :user-invalid and :user-valid pseudo-classes cause unexpected rendering bugs on modern mobile browsers?,html / css
Why does implementing CSS blend modes using mix-blend-mode to overlay text on background graphics cause unexpected rendering bugs on modern mobile browsers?,html / css
Why does building accessible accordion tabs using role='tablist' and role='tabpanel' cause unexpected rendering bugs on modern mobile browsers?,html / css
Why does handling text wrapping on long continuous URLs using overflow-wrap: anywhere cause unexpected rendering bugs on modern mobile browsers?,html / css
Why does creating responsive multi-step checkout progress bars with pure CSS flexbox cause unexpected rendering bugs on modern mobile browsers?,html / css
Why does optimizing rendering performance of long scrolling feeds using content-visibility: auto cause unexpected rendering bugs on modern mobile browsers?,html / css
Why does managing CSS layer cascade precedence using @layer declarations cause unexpected rendering bugs on modern mobile browsers?,html / css
What is the standard CSS approach for handling responsive table horizontal scrolling without breaking outer card layout without relying on external UI frameworks?,html / css
What is the standard CSS approach for customizing scrollbar appearance using scrollbar-width and scrollbar-color in Firefox and WebKit without relying on external UI frameworks?,html / css
What is the standard CSS approach for preventing mobile viewport zoom on focus by ensuring input font-size is at least 16px without relying on external UI frameworks?,html / css
What is the standard CSS approach for implementing CSS scroll-driven animations using animation-timeline view() without relying on external UI frameworks?,html / css
What is the standard CSS approach for styling broken image placeholders using the img::before and img::after pseudo-elements without relying on external UI frameworks?,html / css
What is the standard CSS approach for preventing content shift during webfont load using font-size-adjust and size-adjust without relying on external UI frameworks?,html / css
What is the standard CSS approach for isolating CSS styles inside Web Components using shadow DOM scoped stylesheets without relying on external UI frameworks?,html / css
What is the standard CSS approach for handling high-DPI retina display images using srcset and sizes attributes on picture tags without relying on external UI frameworks?,html / css
What is the standard CSS approach for creating accessible breadcrumb navigation with semantic nav and ol elements without relying on external UI frameworks?,html / css
What is the standard CSS approach for handling CSS logical properties like margin-inline and padding-block for internationalization without relying on external UI frameworks?,html / css
What is the standard CSS approach for preventing cumulative layout shift when embedding third-party iframe advertisements without relying on external UI frameworks?,html / css
What is the standard CSS approach for using CSS variables to implement instant theme toggling without page reloading without relying on external UI frameworks?,html / css
What is the standard CSS approach for fixing overflow clipping issues when combining border-radius with overflow: hidden on tables without relying on external UI frameworks?,html / css
What is the standard CSS approach for styling form validation states using :user-invalid and :user-valid pseudo-classes without relying on external UI frameworks?,html / css
What is the standard CSS approach for implementing CSS blend modes using mix-blend-mode to overlay text on background graphics without relying on external UI frameworks?,html / css
What is the standard CSS approach for building accessible accordion tabs using role='tablist' and role='tabpanel' without relying on external UI frameworks?,html / css
What is the standard CSS approach for handling text wrapping on long continuous URLs using overflow-wrap: anywhere without relying on external UI frameworks?,html / css
What is the standard CSS approach for creating responsive multi-step checkout progress bars with pure CSS flexbox without relying on external UI frameworks?,html / css
What is the standard CSS approach for optimizing rendering performance of long scrolling feeds using content-visibility: auto without relying on external UI frameworks?,html / css
What is the standard CSS approach for managing CSS layer cascade precedence using @layer declarations without relying on external UI frameworks?,html / css
How do you optimize user accessibility and styling when handling responsive table horizontal scrolling without breaking outer card layout in HTML5 templates?,html / css
How do you optimize user accessibility and styling when customizing scrollbar appearance using scrollbar-width and scrollbar-color in Firefox and WebKit in HTML5 templates?,html / css
How do you optimize user accessibility and styling when preventing mobile viewport zoom on focus by ensuring input font-size is at least 16px in HTML5 templates?,html / css
How do you optimize user accessibility and styling when implementing CSS scroll-driven animations using animation-timeline view() in HTML5 templates?,html / css
How do you optimize user accessibility and styling when styling broken image placeholders using the img::before and img::after pseudo-elements in HTML5 templates?,html / css
How do you optimize user accessibility and styling when preventing content shift during webfont load using font-size-adjust and size-adjust in HTML5 templates?,html / css
How do you optimize user accessibility and styling when isolating CSS styles inside Web Components using shadow DOM scoped stylesheets in HTML5 templates?,html / css
How do you optimize user accessibility and styling when handling high-DPI retina display images using srcset and sizes attributes on picture tags in HTML5 templates?,html / css
How do you optimize user accessibility and styling when creating accessible breadcrumb navigation with semantic nav and ol elements in HTML5 templates?,html / css
How do you optimize user accessibility and styling when handling CSS logical properties like margin-inline and padding-block for internationalization in HTML5 templates?,html / css
How do you optimize user accessibility and styling when preventing cumulative layout shift when embedding third-party iframe advertisements in HTML5 templates?,html / css
How do you optimize user accessibility and styling when using CSS variables to implement instant theme toggling without page reloading in HTML5 templates?,html / css
How do you optimize user accessibility and styling when fixing overflow clipping issues when combining border-radius with overflow: hidden on tables in HTML5 templates?,html / css
How do you optimize user accessibility and styling when styling form validation states using :user-invalid and :user-valid pseudo-classes in HTML5 templates?,html / css
How do you optimize user accessibility and styling when implementing CSS blend modes using mix-blend-mode to overlay text on background graphics in HTML5 templates?,html / css
How do you optimize user accessibility and styling when building accessible accordion tabs using role='tablist' and role='tabpanel' in HTML5 templates?,html / css
How do you optimize user accessibility and styling when handling text wrapping on long continuous URLs using overflow-wrap: anywhere in HTML5 templates?,html / css
How do you optimize user accessibility and styling when creating responsive multi-step checkout progress bars with pure CSS flexbox in HTML5 templates?,html / css
How do you optimize user accessibility and styling when optimizing rendering performance of long scrolling feeds using content-visibility: auto in HTML5 templates?,html / css
How do you optimize user accessibility and styling when managing CSS layer cascade precedence using @layer declarations in HTML5 templates?,html / css
What causes layout inconsistencies when handling responsive table horizontal scrolling without breaking outer card layout during dynamic screen resizing?,html / css
What causes layout inconsistencies when customizing scrollbar appearance using scrollbar-width and scrollbar-color in Firefox and WebKit during dynamic screen resizing?,html / css
What causes layout inconsistencies when preventing mobile viewport zoom on focus by ensuring input font-size is at least 16px during dynamic screen resizing?,html / css
What causes layout inconsistencies when implementing CSS scroll-driven animations using animation-timeline view() during dynamic screen resizing?,html / css
What causes layout inconsistencies when styling broken image placeholders using the img::before and img::after pseudo-elements during dynamic screen resizing?,html / css
What causes layout inconsistencies when preventing content shift during webfont load using font-size-adjust and size-adjust during dynamic screen resizing?,html / css
What causes layout inconsistencies when isolating CSS styles inside Web Components using shadow DOM scoped stylesheets during dynamic screen resizing?,html / css
What causes layout inconsistencies when handling high-DPI retina display images using srcset and sizes attributes on picture tags during dynamic screen resizing?,html / css
What causes layout inconsistencies when creating accessible breadcrumb navigation with semantic nav and ol elements during dynamic screen resizing?,html / css
What causes layout inconsistencies when handling CSS logical properties like margin-inline and padding-block for internationalization during dynamic screen resizing?,html / css
What causes layout inconsistencies when preventing cumulative layout shift when embedding third-party iframe advertisements during dynamic screen resizing?,html / css
What causes layout inconsistencies when using CSS variables to implement instant theme toggling without page reloading during dynamic screen resizing?,html / css
What causes layout inconsistencies when fixing overflow clipping issues when combining border-radius with overflow: hidden on tables during dynamic screen resizing?,html / css
What causes layout inconsistencies when styling form validation states using :user-invalid and :user-valid pseudo-classes during dynamic screen resizing?,html / css
What causes layout inconsistencies when implementing CSS blend modes using mix-blend-mode to overlay text on background graphics during dynamic screen resizing?,html / css
What causes layout inconsistencies when building accessible accordion tabs using role='tablist' and role='tabpanel' during dynamic screen resizing?,html / css
What causes layout inconsistencies when handling text wrapping on long continuous URLs using overflow-wrap: anywhere during dynamic screen resizing?,html / css
What causes layout inconsistencies when creating responsive multi-step checkout progress bars with pure CSS flexbox during dynamic screen resizing?,html / css
What causes layout inconsistencies when optimizing rendering performance of long scrolling feeds using content-visibility: auto during dynamic screen resizing?,html / css
What causes layout inconsistencies when managing CSS layer cascade precedence using @layer declarations during dynamic screen resizing?,html / css
Why is your Node.js process crashing silently without logging unhandled promise rejections?,node.js
How do you resolve `ERR_MODULE_NOT_FOUND` when importing ES modules without explicit file extensions in Node.js?,node.js
Why does reading a 5GB file using `fs.readFile` throw a `RangeError: File size is greater than 2 GB`?,node.js
How do you handle memory leaks caused by uncleaned event listeners inside long-running worker threads in Node.js?,node.js
Why does `process.nextTick` starve the I/O event loop when executed recursively in a Node backend?,node.js
How do you stream large database export files directly to an HTTP response using Node.js Transform streams?,node.js
Why does a CPU-intensive loop block all incoming HTTP network requests in a single-threaded Node.js server?,node.js
How do you offload heavy image processing operations to Node.js `worker_threads` without blocking the main event loop?,node.js
Why does `EventEmitter.emit` execute listeners synchronously instead of asynchronously by default?,node.js
How do you debug Node.js memory leaks using Chrome DevTools memory heap snapshots and `--inspect` flag?,node.js
Why does `cluster.fork()` fail to share in-memory JavaScript variables across worker processes?,node.js
How do you manage graceful shutdown in a Node.js server when receiving a `SIGTERM` or `SIGINT` signal?,node.js
Why does `npm install` fail with an `EACCES` permission denied error when installing global packages?,node.js
How do you resolve circular dependency deadlocks when using CommonJS `require()` in Node.js applications?,node.js
Why does `crypto.pbkdf2Sync` block event loop concurrency while `crypto.pbkdf2` allows non-blocking execution?,node.js
How do you handle backpressure when writing to a slow writable stream in Node.js using `stream.pipe` or `pipeline`?,node.js
Why does `fs.watch` fire duplicate change events on a single file modification on Windows and macOS?,node.js
How do you pass environment variables securely into a Node.js application using `.env` files and `process.env`?,node.js
Why does `Buffer.from()` allocate memory without zero-filling when using deprecated `new Buffer()` syntax?,node.js
How do you execute external shell commands securely without shell injection vulnerabilities using `child_process.execFile`?,node.js
Why does `JSON.parse` block the Node.js event loop when parsing massive 100MB string payloads?,node.js
How do you profile CPU bottlenecks in Node.js microservices using `clinic.js` or `0x` flamegraphs?,node.js
Why does `require.resolve` succeed while dynamic `import()` fails on conditional module loading?,node.js
How do you implement cluster-wide rate limiting in Node.js using Redis token bucket algorithms?,node.js
Why does `path.join` behave differently from `path.resolve` when handling leading slash path segments?,node.js
How do you monitor unhandled exceptions globally in Node.js using `process.on('uncaughtException')` safely?,node.js
Why does `node:v8` serialization outperform `JSON.stringify` when sharing objects between worker threads?,node.js
How do you limit heap memory consumption in a Node.js Docker container using `--max-old-space-size`?,node.js
Why does `dns.lookup` use synchronous system calls in the libuv threadpool instead of async `dns.resolve`?,node.js
How do you implement an async mutex lock in Node.js to synchronize file writes across asynchronous tasks?,node.js
How do you troubleshoot managing connection pool exhaustion in database drivers during high concurrent traffic in a production Node.js service?,node.js
How do you troubleshoot configuring libuv UV_THREADPOOL_SIZE for crypto and filesystem operations in a production Node.js service?,node.js
How do you troubleshoot handling ERR_STREAM_PREMATURE_CLOSE when client aborts an ongoing file download in a production Node.js service?,node.js
How do you troubleshoot parsing multipart form-data uploads without buffering entire files in memory in a production Node.js service?,node.js
How do you troubleshoot debugging socket hang up errors during long-running outbound HTTPS requests in a production Node.js service?,node.js
How do you troubleshoot handling memory bloat caused by global caching objects in long-lived microservices in a production Node.js service?,node.js
How do you troubleshoot implementing distributed tracing across microservices using OpenTelemetry Node SDK in a production Node.js service?,node.js
How do you troubleshoot configuring keep-alive agent timeouts to prevent TCP connection reset errors in a production Node.js service?,node.js
How do you troubleshoot validating incoming WebHook signatures securely using crypto.timingSafeEqual in a production Node.js service?,node.js
How do you troubleshoot handling uncaught rejection crashes in native addon N-API bindings in a production Node.js service?,node.js
How do you troubleshoot compressing outbound HTTP streaming responses using zlib Gzip streams in a production Node.js service?,node.js
How do you troubleshoot managing child process IPC communication using process.send and message events in a production Node.js service?,node.js
How do you troubleshoot profiling garbage collection pause durations using the --trace-gc diagnostic flag in a production Node.js service?,node.js
How do you troubleshoot handling TLS certificate verification errors when connecting to internal self-signed services in a production Node.js service?,node.js
How do you troubleshoot implementing worker thread pool recycling for bursty parallel data computations in a production Node.js service?,node.js
Why does managing connection pool exhaustion in database drivers during high concurrent traffic cause server instability under heavy API load in Node.js?,node.js
Why does configuring libuv UV_THREADPOOL_SIZE for crypto and filesystem operations cause server instability under heavy API load in Node.js?,node.js
Why does handling ERR_STREAM_PREMATURE_CLOSE when client aborts an ongoing file download cause server instability under heavy API load in Node.js?,node.js
Why does parsing multipart form-data uploads without buffering entire files in memory cause server instability under heavy API load in Node.js?,node.js
Why does debugging socket hang up errors during long-running outbound HTTPS requests cause server instability under heavy API load in Node.js?,node.js
Why does handling memory bloat caused by global caching objects in long-lived microservices cause server instability under heavy API load in Node.js?,node.js
Why does implementing distributed tracing across microservices using OpenTelemetry Node SDK cause server instability under heavy API load in Node.js?,node.js
Why does configuring keep-alive agent timeouts to prevent TCP connection reset errors cause server instability under heavy API load in Node.js?,node.js
Why does validating incoming WebHook signatures securely using crypto.timingSafeEqual cause server instability under heavy API load in Node.js?,node.js
Why does handling uncaught rejection crashes in native addon N-API bindings cause server instability under heavy API load in Node.js?,node.js
Why does compressing outbound HTTP streaming responses using zlib Gzip streams cause server instability under heavy API load in Node.js?,node.js
Why does managing child process IPC communication using process.send and message events cause server instability under heavy API load in Node.js?,node.js
Why does profiling garbage collection pause durations using the --trace-gc diagnostic flag cause server instability under heavy API load in Node.js?,node.js
Why does handling TLS certificate verification errors when connecting to internal self-signed services cause server instability under heavy API load in Node.js?,node.js
Why does implementing worker thread pool recycling for bursty parallel data computations cause server instability under heavy API load in Node.js?,node.js
What is the recommended design pattern for managing connection pool exhaustion in database drivers during high concurrent traffic in Node.js backends?,node.js
What is the recommended design pattern for configuring libuv UV_THREADPOOL_SIZE for crypto and filesystem operations in Node.js backends?,node.js
What is the recommended design pattern for handling ERR_STREAM_PREMATURE_CLOSE when client aborts an ongoing file download in Node.js backends?,node.js
What is the recommended design pattern for parsing multipart form-data uploads without buffering entire files in memory in Node.js backends?,node.js
What is the recommended design pattern for debugging socket hang up errors during long-running outbound HTTPS requests in Node.js backends?,node.js
What is the recommended design pattern for handling memory bloat caused by global caching objects in long-lived microservices in Node.js backends?,node.js
What is the recommended design pattern for implementing distributed tracing across microservices using OpenTelemetry Node SDK in Node.js backends?,node.js
What is the recommended design pattern for configuring keep-alive agent timeouts to prevent TCP connection reset errors in Node.js backends?,node.js
What is the recommended design pattern for validating incoming WebHook signatures securely using crypto.timingSafeEqual in Node.js backends?,node.js
What is the recommended design pattern for handling uncaught rejection crashes in native addon N-API bindings in Node.js backends?,node.js
What is the recommended design pattern for compressing outbound HTTP streaming responses using zlib Gzip streams in Node.js backends?,node.js
What is the recommended design pattern for managing child process IPC communication using process.send and message events in Node.js backends?,node.js
What is the recommended design pattern for profiling garbage collection pause durations using the --trace-gc diagnostic flag in Node.js backends?,node.js
What is the recommended design pattern for handling TLS certificate verification errors when connecting to internal self-signed services in Node.js backends?,node.js
What is the recommended design pattern for implementing worker thread pool recycling for bursty parallel data computations in Node.js backends?,node.js
How do you optimize performance when managing connection pool exhaustion in database drivers during high concurrent traffic in enterprise Node.js architectures?,node.js
How do you optimize performance when configuring libuv UV_THREADPOOL_SIZE for crypto and filesystem operations in enterprise Node.js architectures?,node.js
How do you optimize performance when handling ERR_STREAM_PREMATURE_CLOSE when client aborts an ongoing file download in enterprise Node.js architectures?,node.js
How do you optimize performance when parsing multipart form-data uploads without buffering entire files in memory in enterprise Node.js architectures?,node.js
How do you optimize performance when debugging socket hang up errors during long-running outbound HTTPS requests in enterprise Node.js architectures?,node.js
How do you optimize performance when handling memory bloat caused by global caching objects in long-lived microservices in enterprise Node.js architectures?,node.js
How do you optimize performance when implementing distributed tracing across microservices using OpenTelemetry Node SDK in enterprise Node.js architectures?,node.js
How do you optimize performance when configuring keep-alive agent timeouts to prevent TCP connection reset errors in enterprise Node.js architectures?,node.js
How do you optimize performance when validating incoming WebHook signatures securely using crypto.timingSafeEqual in enterprise Node.js architectures?,node.js
How do you optimize performance when handling uncaught rejection crashes in native addon N-API bindings in enterprise Node.js architectures?,node.js
How do you optimize performance when compressing outbound HTTP streaming responses using zlib Gzip streams in enterprise Node.js architectures?,node.js
How do you optimize performance when managing child process IPC communication using process.send and message events in enterprise Node.js architectures?,node.js
How do you optimize performance when profiling garbage collection pause durations using the --trace-gc diagnostic flag in enterprise Node.js architectures?,node.js
How do you optimize performance when handling TLS certificate verification errors when connecting to internal self-signed services in enterprise Node.js architectures?,node.js
How do you optimize performance when implementing worker thread pool recycling for bursty parallel data computations in enterprise Node.js architectures?,node.js
What causes latency spikes when managing connection pool exhaustion in database drivers during high concurrent traffic in Node.js event-driven applications?,node.js
What causes latency spikes when configuring libuv UV_THREADPOOL_SIZE for crypto and filesystem operations in Node.js event-driven applications?,node.js
What causes latency spikes when handling ERR_STREAM_PREMATURE_CLOSE when client aborts an ongoing file download in Node.js event-driven applications?,node.js
What causes latency spikes when parsing multipart form-data uploads without buffering entire files in memory in Node.js event-driven applications?,node.js
What causes latency spikes when debugging socket hang up errors during long-running outbound HTTPS requests in Node.js event-driven applications?,node.js
What causes latency spikes when handling memory bloat caused by global caching objects in long-lived microservices in Node.js event-driven applications?,node.js
What causes latency spikes when implementing distributed tracing across microservices using OpenTelemetry Node SDK in Node.js event-driven applications?,node.js
What causes latency spikes when configuring keep-alive agent timeouts to prevent TCP connection reset errors in Node.js event-driven applications?,node.js
What causes latency spikes when validating incoming WebHook signatures securely using crypto.timingSafeEqual in Node.js event-driven applications?,node.js
What causes latency spikes when handling uncaught rejection crashes in native addon N-API bindings in Node.js event-driven applications?,node.js
What causes latency spikes when compressing outbound HTTP streaming responses using zlib Gzip streams in Node.js event-driven applications?,node.js
What causes latency spikes when managing child process IPC communication using process.send and message events in Node.js event-driven applications?,node.js
What causes latency spikes when profiling garbage collection pause durations using the --trace-gc diagnostic flag in Node.js event-driven applications?,node.js
What causes latency spikes when handling TLS certificate verification errors when connecting to internal self-signed services in Node.js event-driven applications?,node.js
What causes latency spikes when implementing worker thread pool recycling for bursty parallel data computations in Node.js event-driven applications?,node.js
How do you prevent unexpected worker crashes when managing connection pool exhaustion in database drivers during high concurrent traffic in Node.js?,node.js
How do you prevent unexpected worker crashes when configuring libuv UV_THREADPOOL_SIZE for crypto and filesystem operations in Node.js?,node.js
How do you prevent unexpected worker crashes when handling ERR_STREAM_PREMATURE_CLOSE when client aborts an ongoing file download in Node.js?,node.js
How do you prevent unexpected worker crashes when parsing multipart form-data uploads without buffering entire files in memory in Node.js?,node.js
How do you prevent unexpected worker crashes when debugging socket hang up errors during long-running outbound HTTPS requests in Node.js?,node.js
How do you prevent unexpected worker crashes when handling memory bloat caused by global caching objects in long-lived microservices in Node.js?,node.js
How do you prevent unexpected worker crashes when implementing distributed tracing across microservices using OpenTelemetry Node SDK in Node.js?,node.js
How do you prevent unexpected worker crashes when configuring keep-alive agent timeouts to prevent TCP connection reset errors in Node.js?,node.js
How do you prevent unexpected worker crashes when validating incoming WebHook signatures securely using crypto.timingSafeEqual in Node.js?,node.js
How do you prevent unexpected worker crashes when handling uncaught rejection crashes in native addon N-API bindings in Node.js?,node.js
How do you prevent unexpected worker crashes when compressing outbound HTTP streaming responses using zlib Gzip streams in Node.js?,node.js
How do you prevent unexpected worker crashes when managing child process IPC communication using process.send and message events in Node.js?,node.js
How do you prevent unexpected worker crashes when profiling garbage collection pause durations using the --trace-gc diagnostic flag in Node.js?,node.js
How do you prevent unexpected worker crashes when handling TLS certificate verification errors when connecting to internal self-signed services in Node.js?,node.js
How do you prevent unexpected worker crashes when implementing worker thread pool recycling for bursty parallel data computations in Node.js?,node.js
How do you troubleshoot managing connection pool exhaustion in database drivers during high concurrent traffic in a production Node.js service in production applications?,node.js
How do you troubleshoot configuring libuv UV_THREADPOOL_SIZE for crypto and filesystem operations in a production Node.js service in production applications?,node.js
How do you troubleshoot handling ERR_STREAM_PREMATURE_CLOSE when client aborts an ongoing file download in a production Node.js service in production applications?,node.js
How do you troubleshoot parsing multipart form-data uploads without buffering entire files in memory in a production Node.js service in production applications?,node.js
How do you troubleshoot debugging socket hang up errors during long-running outbound HTTPS requests in a production Node.js service in production applications?,node.js
How do you troubleshoot handling memory bloat caused by global caching objects in long-lived microservices in a production Node.js service in production applications?,node.js
How do you troubleshoot implementing distributed tracing across microservices using OpenTelemetry Node SDK in a production Node.js service in production applications?,node.js
How do you troubleshoot configuring keep-alive agent timeouts to prevent TCP connection reset errors in a production Node.js service in production applications?,node.js
How do you troubleshoot validating incoming WebHook signatures securely using crypto.timingSafeEqual in a production Node.js service in production applications?,node.js
How do you troubleshoot handling uncaught rejection crashes in native addon N-API bindings in a production Node.js service in production applications?,node.js
How do you troubleshoot compressing outbound HTTP streaming responses using zlib Gzip streams in a production Node.js service in production applications?,node.js
How do you troubleshoot managing child process IPC communication using process.send and message events in a production Node.js service in production applications?,node.js
How do you troubleshoot profiling garbage collection pause durations using the --trace-gc diagnostic flag in a production Node.js service in production applications?,node.js
How do you troubleshoot handling TLS certificate verification errors when connecting to internal self-signed services in a production Node.js service in production applications?,node.js
How do you troubleshoot implementing worker thread pool recycling for bursty parallel data computations in a production Node.js service in production applications?,node.js
Why does managing connection pool exhaustion in database drivers during high concurrent traffic cause server instability under heavy API load in Node.js in production applications?,node.js
Why does configuring libuv UV_THREADPOOL_SIZE for crypto and filesystem operations cause server instability under heavy API load in Node.js in production applications?,node.js
Why does handling ERR_STREAM_PREMATURE_CLOSE when client aborts an ongoing file download cause server instability under heavy API load in Node.js in production applications?,node.js
Why does parsing multipart form-data uploads without buffering entire files in memory cause server instability under heavy API load in Node.js in production applications?,node.js
Why does debugging socket hang up errors during long-running outbound HTTPS requests cause server instability under heavy API load in Node.js in production applications?,node.js
Why does handling memory bloat caused by global caching objects in long-lived microservices cause server instability under heavy API load in Node.js in production applications?,node.js
Why does implementing distributed tracing across microservices using OpenTelemetry Node SDK cause server instability under heavy API load in Node.js in production applications?,node.js
Why does configuring keep-alive agent timeouts to prevent TCP connection reset errors cause server instability under heavy API load in Node.js in production applications?,node.js
Why does validating incoming WebHook signatures securely using crypto.timingSafeEqual cause server instability under heavy API load in Node.js in production applications?,node.js
Why does handling uncaught rejection crashes in native addon N-API bindings cause server instability under heavy API load in Node.js in production applications?,node.js
Why does compressing outbound HTTP streaming responses using zlib Gzip streams cause server instability under heavy API load in Node.js in production applications?,node.js
Why does managing child process IPC communication using process.send and message events cause server instability under heavy API load in Node.js in production applications?,node.js
Why does profiling garbage collection pause durations using the --trace-gc diagnostic flag cause server instability under heavy API load in Node.js in production applications?,node.js
Why does handling TLS certificate verification errors when connecting to internal self-signed services cause server instability under heavy API load in Node.js in production applications?,node.js
Why does implementing worker thread pool recycling for bursty parallel data computations cause server instability under heavy API load in Node.js in production applications?,node.js
What is the recommended design pattern for managing connection pool exhaustion in database drivers during high concurrent traffic in Node.js backends in production applications?,node.js
What is the recommended design pattern for configuring libuv UV_THREADPOOL_SIZE for crypto and filesystem operations in Node.js backends in production applications?,node.js
What is the recommended design pattern for handling ERR_STREAM_PREMATURE_CLOSE when client aborts an ongoing file download in Node.js backends in production applications?,node.js
What is the recommended design pattern for parsing multipart form-data uploads without buffering entire files in memory in Node.js backends in production applications?,node.js
What is the recommended design pattern for debugging socket hang up errors during long-running outbound HTTPS requests in Node.js backends in production applications?,node.js
What is the recommended design pattern for handling memory bloat caused by global caching objects in long-lived microservices in Node.js backends in production applications?,node.js
What is the recommended design pattern for implementing distributed tracing across microservices using OpenTelemetry Node SDK in Node.js backends in production applications?,node.js
What is the recommended design pattern for configuring keep-alive agent timeouts to prevent TCP connection reset errors in Node.js backends in production applications?,node.js
What is the recommended design pattern for validating incoming WebHook signatures securely using crypto.timingSafeEqual in Node.js backends in production applications?,node.js
What is the recommended design pattern for handling uncaught rejection crashes in native addon N-API bindings in Node.js backends in production applications?,node.js
What is the recommended design pattern for compressing outbound HTTP streaming responses using zlib Gzip streams in Node.js backends in production applications?,node.js
What is the recommended design pattern for managing child process IPC communication using process.send and message events in Node.js backends in production applications?,node.js
What is the recommended design pattern for profiling garbage collection pause durations using the --trace-gc diagnostic flag in Node.js backends in production applications?,node.js
What is the recommended design pattern for handling TLS certificate verification errors when connecting to internal self-signed services in Node.js backends in production applications?,node.js
What is the recommended design pattern for implementing worker thread pool recycling for bursty parallel data computations in Node.js backends in production applications?,node.js
How do you optimize performance when managing connection pool exhaustion in database drivers during high concurrent traffic in enterprise Node.js architectures in production applications?,node.js
How do you optimize performance when configuring libuv UV_THREADPOOL_SIZE for crypto and filesystem operations in enterprise Node.js architectures in production applications?,node.js
How do you optimize performance when handling ERR_STREAM_PREMATURE_CLOSE when client aborts an ongoing file download in enterprise Node.js architectures in production applications?,node.js
How do you optimize performance when parsing multipart form-data uploads without buffering entire files in memory in enterprise Node.js architectures in production applications?,node.js
How do you optimize performance when debugging socket hang up errors during long-running outbound HTTPS requests in enterprise Node.js architectures in production applications?,node.js
How do you optimize performance when handling memory bloat caused by global caching objects in long-lived microservices in enterprise Node.js architectures in production applications?,node.js
How do you optimize performance when implementing distributed tracing across microservices using OpenTelemetry Node SDK in enterprise Node.js architectures in production applications?,node.js
How do you optimize performance when configuring keep-alive agent timeouts to prevent TCP connection reset errors in enterprise Node.js architectures in production applications?,node.js
How do you optimize performance when validating incoming WebHook signatures securely using crypto.timingSafeEqual in enterprise Node.js architectures in production applications?,node.js
How do you optimize performance when handling uncaught rejection crashes in native addon N-API bindings in enterprise Node.js architectures in production applications?,node.js
How do you optimize performance when compressing outbound HTTP streaming responses using zlib Gzip streams in enterprise Node.js architectures in production applications?,node.js
How do you optimize performance when managing child process IPC communication using process.send and message events in enterprise Node.js architectures in production applications?,node.js
How do you optimize performance when profiling garbage collection pause durations using the --trace-gc diagnostic flag in enterprise Node.js architectures in production applications?,node.js
How do you optimize performance when handling TLS certificate verification errors when connecting to internal self-signed services in enterprise Node.js architectures in production applications?,node.js
How do you optimize performance when implementing worker thread pool recycling for bursty parallel data computations in enterprise Node.js architectures in production applications?,node.js
What causes latency spikes when managing connection pool exhaustion in database drivers during high concurrent traffic in Node.js event-driven applications in production applications?,node.js
What causes latency spikes when configuring libuv UV_THREADPOOL_SIZE for crypto and filesystem operations in Node.js event-driven applications in production applications?,node.js
What causes latency spikes when handling ERR_STREAM_PREMATURE_CLOSE when client aborts an ongoing file download in Node.js event-driven applications in production applications?,node.js
What causes latency spikes when parsing multipart form-data uploads without buffering entire files in memory in Node.js event-driven applications in production applications?,node.js
What causes latency spikes when debugging socket hang up errors during long-running outbound HTTPS requests in Node.js event-driven applications in production applications?,node.js
What causes latency spikes when handling memory bloat caused by global caching objects in long-lived microservices in Node.js event-driven applications in production applications?,node.js
What causes latency spikes when implementing distributed tracing across microservices using OpenTelemetry Node SDK in Node.js event-driven applications in production applications?,node.js
What causes latency spikes when configuring keep-alive agent timeouts to prevent TCP connection reset errors in Node.js event-driven applications in production applications?,node.js
What causes latency spikes when validating incoming WebHook signatures securely using crypto.timingSafeEqual in Node.js event-driven applications in production applications?,node.js
What causes latency spikes when handling uncaught rejection crashes in native addon N-API bindings in Node.js event-driven applications in production applications?,node.js
What causes latency spikes when compressing outbound HTTP streaming responses using zlib Gzip streams in Node.js event-driven applications in production applications?,node.js
What causes latency spikes when managing child process IPC communication using process.send and message events in Node.js event-driven applications in production applications?,node.js
What causes latency spikes when profiling garbage collection pause durations using the --trace-gc diagnostic flag in Node.js event-driven applications in production applications?,node.js
What causes latency spikes when handling TLS certificate verification errors when connecting to internal self-signed services in Node.js event-driven applications in production applications?,node.js
What causes latency spikes when implementing worker thread pool recycling for bursty parallel data computations in Node.js event-driven applications in production applications?,node.js
How do you prevent unexpected worker crashes when managing connection pool exhaustion in database drivers during high concurrent traffic in Node.js in production applications?,node.js
How do you prevent unexpected worker crashes when configuring libuv UV_THREADPOOL_SIZE for crypto and filesystem operations in Node.js in production applications?,node.js
How do you prevent unexpected worker crashes when handling ERR_STREAM_PREMATURE_CLOSE when client aborts an ongoing file download in Node.js in production applications?,node.js
How do you prevent unexpected worker crashes when parsing multipart form-data uploads without buffering entire files in memory in Node.js in production applications?,node.js
How do you prevent unexpected worker crashes when debugging socket hang up errors during long-running outbound HTTPS requests in Node.js in production applications?,node.js
Why does component state reset to its initial value on every re-render when using an inline object as a default prop?,react
How do you resolve the 'Cannot update a component while rendering a different component' warning in React?,react
Why does `useEffect` trigger an infinite re-render loop when updating a state array fetched from an API?,react
How do you prevent unnecessary re-renders of child components using `React.memo` and `useCallback`?,react
Why does accessing state immediately after calling `setState` return the previous stale value?,react
How do you fix the 'Objects are not valid as a React child' error when rendering an API response object?,react
Why does using array indices as `key` props cause state corruption when reordering or deleting list items?,react
How do you manage complex form state in React without causing full-page re-renders on every keystroke?,react
Why does `useRef` not trigger a component re-render when its `.current` property is mutated?,react
How do you handle asynchronous data fetching race conditions in `useEffect` using an active boolean flag or cleanup function?,react
Why does React StrictMode render functional components twice in development environments?,react
How do you create an error boundary component in React to catch runtime rendering errors gracefully?,react
Why does `useMemo` fail to improve performance if the dependency array includes unstable object references?,react
How do you forward DOM element refs to child components using `React.forwardRef`?,react
Why does React warn 'Can't perform a React state update on an unmounted component'?,react
How do you share state globally between distant components using React Context without triggering unnecessary re-renders?,react
Why does batching state updates in React 18 behave differently across asynchronous setTimeout callbacks?,react
How do you implement optimistic UI updates in React while maintaining a rollback state if the server mutation fails?,react
Why does a controlled input fail to update its displayed value if the `onChange` handler is omitted?,react
How do you reset a component's internal state automatically when a selected user ID prop changes by using the `key` prop?,react
Why does `useLayoutEffect` block visual painting while `useEffect` runs asynchronously after the paint?,react
How do you implement code-splitting and lazy loading of route components using `React.lazy` and `Suspense`?,react
Why does mutating an array in state with `.push()` fail to trigger a re-render in React?,react
How do you build a custom React hook to sync state values with browser `localStorage` seamlessly?,react
Why does calling a custom hook conditionally inside an `if` block violate the Rules of Hooks?,react
How do you integrate third-party non-React imperative DOM libraries inside a React component using `useRef`?,react
Why does `ReactDOM.createPortal` render children into a different DOM subtree while maintaining React event bubbling?,react
How do you optimize sluggish interactive inputs in React 18 using `useDeferredValue` and `useTransition`?,react
Why does an inline arrow function in JSX props create a new function instance on every render?,react
How do you maintain scroll position in a long list component when navigating between React routes?,react
How do you resolve issues with synchronizing form validation errors across nested child components in React in React front-end development?,react
How do you resolve issues with managing server cache synchronization and revalidation using TanStack React Query in React front-end development?,react
How do you resolve issues with handling infinite scroll pagination with intersection observers inside React components in React front-end development?,react
How do you resolve issues with preventing stale closure bugs inside useEffect and setInterval callbacks in React front-end development?,react
How do you resolve issues with animating component enter and exit transitions smoothly using Framer Motion in React front-end development?,react
How do you resolve issues with managing keyboard accessibility and focus trapping in React modal dialogs in React front-end development?,react
How do you resolve issues with refactoring large Redux boilerplate using Redux Toolkit slices and RTK Query in React front-end development?,react
How do you resolve issues with handling dynamic theme switching using CSS variables combined with React Context in React front-end development?,react
How do you resolve issues with preventing memory leaks in React web apps when listening to WebSocket streams in React front-end development?,react
How do you resolve issues with handling multi-step wizard state persistence across component unmounts in React front-end development?,react
How do you resolve issues with debugging unexpected re-renders using the React Developer Tools Profiler flamegraph in React front-end development?,react
How do you resolve issues with implementing accessible drag-and-drop interfaces in React using dnd kit in React front-end development?,react
How do you resolve issues with handling file upload progress bars inside custom React drag-and-drop dropzones in React front-end development?,react
How do you resolve issues with optimizing large table renders with thousands of rows using React Window virtualization in React front-end development?,react
How do you resolve issues with building compound component patterns in React using React.Children and Context in React front-end development?,react
Why does synchronizing form validation errors across nested child components in React cause unexpected rendering glitches in complex React applications?,react
Why does managing server cache synchronization and revalidation using TanStack React Query cause unexpected rendering glitches in complex React applications?,react
Why does handling infinite scroll pagination with intersection observers inside React components cause unexpected rendering glitches in complex React applications?,react
Why does preventing stale closure bugs inside useEffect and setInterval callbacks cause unexpected rendering glitches in complex React applications?,react
Why does animating component enter and exit transitions smoothly using Framer Motion cause unexpected rendering glitches in complex React applications?,react
Why does managing keyboard accessibility and focus trapping in React modal dialogs cause unexpected rendering glitches in complex React applications?,react
Why does refactoring large Redux boilerplate using Redux Toolkit slices and RTK Query cause unexpected rendering glitches in complex React applications?,react
Why does handling dynamic theme switching using CSS variables combined with React Context cause unexpected rendering glitches in complex React applications?,react
Why does preventing memory leaks in React web apps when listening to WebSocket streams cause unexpected rendering glitches in complex React applications?,react
Why does handling multi-step wizard state persistence across component unmounts cause unexpected rendering glitches in complex React applications?,react
Why does debugging unexpected re-renders using the React Developer Tools Profiler flamegraph cause unexpected rendering glitches in complex React applications?,react
Why does implementing accessible drag-and-drop interfaces in React using dnd kit cause unexpected rendering glitches in complex React applications?,react
Why does handling file upload progress bars inside custom React drag-and-drop dropzones cause unexpected rendering glitches in complex React applications?,react
Why does optimizing large table renders with thousands of rows using React Window virtualization cause unexpected rendering glitches in complex React applications?,react
Why does building compound component patterns in React using React.Children and Context cause unexpected rendering glitches in complex React applications?,react
What is the recommended hook pattern for synchronizing form validation errors across nested child components in React in modern React?,react
What is the recommended hook pattern for managing server cache synchronization and revalidation using TanStack React Query in modern React?,react
What is the recommended hook pattern for handling infinite scroll pagination with intersection observers inside React components in modern React?,react
What is the recommended hook pattern for preventing stale closure bugs inside useEffect and setInterval callbacks in modern React?,react
What is the recommended hook pattern for animating component enter and exit transitions smoothly using Framer Motion in modern React?,react
What is the recommended hook pattern for managing keyboard accessibility and focus trapping in React modal dialogs in modern React?,react
What is the recommended hook pattern for refactoring large Redux boilerplate using Redux Toolkit slices and RTK Query in modern React?,react
What is the recommended hook pattern for handling dynamic theme switching using CSS variables combined with React Context in modern React?,react
What is the recommended hook pattern for preventing memory leaks in React web apps when listening to WebSocket streams in modern React?,react
What is the recommended hook pattern for handling multi-step wizard state persistence across component unmounts in modern React?,react
What is the recommended hook pattern for debugging unexpected re-renders using the React Developer Tools Profiler flamegraph in modern React?,react
What is the recommended hook pattern for implementing accessible drag-and-drop interfaces in React using dnd kit in modern React?,react
What is the recommended hook pattern for handling file upload progress bars inside custom React drag-and-drop dropzones in modern React?,react
What is the recommended hook pattern for optimizing large table renders with thousands of rows using React Window virtualization in modern React?,react
What is the recommended hook pattern for building compound component patterns in React using React.Children and Context in modern React?,react
How do you optimize component performance when synchronizing form validation errors across nested child components in React in React?,react
How do you optimize component performance when managing server cache synchronization and revalidation using TanStack React Query in React?,react
How do you optimize component performance when handling infinite scroll pagination with intersection observers inside React components in React?,react
How do you optimize component performance when preventing stale closure bugs inside useEffect and setInterval callbacks in React?,react
How do you optimize component performance when animating component enter and exit transitions smoothly using Framer Motion in React?,react
How do you optimize component performance when managing keyboard accessibility and focus trapping in React modal dialogs in React?,react
How do you optimize component performance when refactoring large Redux boilerplate using Redux Toolkit slices and RTK Query in React?,react
How do you optimize component performance when handling dynamic theme switching using CSS variables combined with React Context in React?,react
How do you optimize component performance when preventing memory leaks in React web apps when listening to WebSocket streams in React?,react
How do you optimize component performance when handling multi-step wizard state persistence across component unmounts in React?,react
How do you optimize component performance when debugging unexpected re-renders using the React Developer Tools Profiler flamegraph in React?,react
How do you optimize component performance when implementing accessible drag-and-drop interfaces in React using dnd kit in React?,react
How do you optimize component performance when handling file upload progress bars inside custom React drag-and-drop dropzones in React?,react
How do you optimize component performance when optimizing large table renders with thousands of rows using React Window virtualization in React?,react
How do you optimize component performance when building compound component patterns in React using React.Children and Context in React?,react
What causes state synchronization bugs when synchronizing form validation errors across nested child components in React in React applications?,react
What causes state synchronization bugs when managing server cache synchronization and revalidation using TanStack React Query in React applications?,react
What causes state synchronization bugs when handling infinite scroll pagination with intersection observers inside React components in React applications?,react
What causes state synchronization bugs when preventing stale closure bugs inside useEffect and setInterval callbacks in React applications?,react
What causes state synchronization bugs when animating component enter and exit transitions smoothly using Framer Motion in React applications?,react
What causes state synchronization bugs when managing keyboard accessibility and focus trapping in React modal dialogs in React applications?,react
What causes state synchronization bugs when refactoring large Redux boilerplate using Redux Toolkit slices and RTK Query in React applications?,react
What causes state synchronization bugs when handling dynamic theme switching using CSS variables combined with React Context in React applications?,react
What causes state synchronization bugs when preventing memory leaks in React web apps when listening to WebSocket streams in React applications?,react
What causes state synchronization bugs when handling multi-step wizard state persistence across component unmounts in React applications?,react
What causes state synchronization bugs when debugging unexpected re-renders using the React Developer Tools Profiler flamegraph in React applications?,react
What causes state synchronization bugs when implementing accessible drag-and-drop interfaces in React using dnd kit in React applications?,react
What causes state synchronization bugs when handling file upload progress bars inside custom React drag-and-drop dropzones in React applications?,react
What causes state synchronization bugs when optimizing large table renders with thousands of rows using React Window virtualization in React applications?,react
What causes state synchronization bugs when building compound component patterns in React using React.Children and Context in React applications?,react
How do you write clean unit tests for synchronizing form validation errors across nested child components in React using React Testing Library?,react
How do you write clean unit tests for managing server cache synchronization and revalidation using TanStack React Query using React Testing Library?,react
How do you write clean unit tests for handling infinite scroll pagination with intersection observers inside React components using React Testing Library?,react
How do you write clean unit tests for preventing stale closure bugs inside useEffect and setInterval callbacks using React Testing Library?,react
How do you write clean unit tests for animating component enter and exit transitions smoothly using Framer Motion using React Testing Library?,react
How do you write clean unit tests for managing keyboard accessibility and focus trapping in React modal dialogs using React Testing Library?,react
How do you write clean unit tests for refactoring large Redux boilerplate using Redux Toolkit slices and RTK Query using React Testing Library?,react
How do you write clean unit tests for handling dynamic theme switching using CSS variables combined with React Context using React Testing Library?,react
How do you write clean unit tests for preventing memory leaks in React web apps when listening to WebSocket streams using React Testing Library?,react
How do you write clean unit tests for handling multi-step wizard state persistence across component unmounts using React Testing Library?,react
How do you write clean unit tests for debugging unexpected re-renders using the React Developer Tools Profiler flamegraph using React Testing Library?,react
How do you write clean unit tests for implementing accessible drag-and-drop interfaces in React using dnd kit using React Testing Library?,react
How do you write clean unit tests for handling file upload progress bars inside custom React drag-and-drop dropzones using React Testing Library?,react
How do you write clean unit tests for optimizing large table renders with thousands of rows using React Window virtualization using React Testing Library?,react
How do you write clean unit tests for building compound component patterns in React using React.Children and Context using React Testing Library?,react
How do you prevent memory leaks and unhandled errors when synchronizing form validation errors across nested child components in React in React?,react
How do you prevent memory leaks and unhandled errors when managing server cache synchronization and revalidation using TanStack React Query in React?,react
How do you prevent memory leaks and unhandled errors when handling infinite scroll pagination with intersection observers inside React components in React?,react
How do you prevent memory leaks and unhandled errors when preventing stale closure bugs inside useEffect and setInterval callbacks in React?,react
How do you prevent memory leaks and unhandled errors when animating component enter and exit transitions smoothly using Framer Motion in React?,react
How do you prevent memory leaks and unhandled errors when managing keyboard accessibility and focus trapping in React modal dialogs in React?,react
How do you prevent memory leaks and unhandled errors when refactoring large Redux boilerplate using Redux Toolkit slices and RTK Query in React?,react
How do you prevent memory leaks and unhandled errors when handling dynamic theme switching using CSS variables combined with React Context in React?,react
How do you prevent memory leaks and unhandled errors when preventing memory leaks in React web apps when listening to WebSocket streams in React?,react
How do you prevent memory leaks and unhandled errors when handling multi-step wizard state persistence across component unmounts in React?,react
How do you prevent memory leaks and unhandled errors when debugging unexpected re-renders using the React Developer Tools Profiler flamegraph in React?,react
How do you prevent memory leaks and unhandled errors when implementing accessible drag-and-drop interfaces in React using dnd kit in React?,react
How do you prevent memory leaks and unhandled errors when handling file upload progress bars inside custom React drag-and-drop dropzones in React?,react
How do you prevent memory leaks and unhandled errors when optimizing large table renders with thousands of rows using React Window virtualization in React?,react
How do you prevent memory leaks and unhandled errors when building compound component patterns in React using React.Children and Context in React?,react
How do you resolve issues with synchronizing form validation errors across nested child components in React in React front-end development in production applications?,react
How do you resolve issues with managing server cache synchronization and revalidation using TanStack React Query in React front-end development in production applications?,react
How do you resolve issues with handling infinite scroll pagination with intersection observers inside React components in React front-end development in production applications?,react
How do you resolve issues with preventing stale closure bugs inside useEffect and setInterval callbacks in React front-end development in production applications?,react
How do you resolve issues with animating component enter and exit transitions smoothly using Framer Motion in React front-end development in production applications?,react
How do you resolve issues with managing keyboard accessibility and focus trapping in React modal dialogs in React front-end development in production applications?,react
How do you resolve issues with refactoring large Redux boilerplate using Redux Toolkit slices and RTK Query in React front-end development in production applications?,react
How do you resolve issues with handling dynamic theme switching using CSS variables combined with React Context in React front-end development in production applications?,react
How do you resolve issues with preventing memory leaks in React web apps when listening to WebSocket streams in React front-end development in production applications?,react
How do you resolve issues with handling multi-step wizard state persistence across component unmounts in React front-end development in production applications?,react
How do you resolve issues with debugging unexpected re-renders using the React Developer Tools Profiler flamegraph in React front-end development in production applications?,react
How do you resolve issues with implementing accessible drag-and-drop interfaces in React using dnd kit in React front-end development in production applications?,react
How do you resolve issues with handling file upload progress bars inside custom React drag-and-drop dropzones in React front-end development in production applications?,react
How do you resolve issues with optimizing large table renders with thousands of rows using React Window virtualization in React front-end development in production applications?,react
How do you resolve issues with building compound component patterns in React using React.Children and Context in React front-end development in production applications?,react
Why does synchronizing form validation errors across nested child components in React cause unexpected rendering glitches in complex React applications in production applications?,react
Why does managing server cache synchronization and revalidation using TanStack React Query cause unexpected rendering glitches in complex React applications in production applications?,react
Why does handling infinite scroll pagination with intersection observers inside React components cause unexpected rendering glitches in complex React applications in production applications?,react
Why does preventing stale closure bugs inside useEffect and setInterval callbacks cause unexpected rendering glitches in complex React applications in production applications?,react
Why does animating component enter and exit transitions smoothly using Framer Motion cause unexpected rendering glitches in complex React applications in production applications?,react
Why does managing keyboard accessibility and focus trapping in React modal dialogs cause unexpected rendering glitches in complex React applications in production applications?,react
Why does refactoring large Redux boilerplate using Redux Toolkit slices and RTK Query cause unexpected rendering glitches in complex React applications in production applications?,react
Why does handling dynamic theme switching using CSS variables combined with React Context cause unexpected rendering glitches in complex React applications in production applications?,react
Why does preventing memory leaks in React web apps when listening to WebSocket streams cause unexpected rendering glitches in complex React applications in production applications?,react
Why does handling multi-step wizard state persistence across component unmounts cause unexpected rendering glitches in complex React applications in production applications?,react
Why does debugging unexpected re-renders using the React Developer Tools Profiler flamegraph cause unexpected rendering glitches in complex React applications in production applications?,react
Why does implementing accessible drag-and-drop interfaces in React using dnd kit cause unexpected rendering glitches in complex React applications in production applications?,react
Why does handling file upload progress bars inside custom React drag-and-drop dropzones cause unexpected rendering glitches in complex React applications in production applications?,react
Why does optimizing large table renders with thousands of rows using React Window virtualization cause unexpected rendering glitches in complex React applications in production applications?,react
Why does building compound component patterns in React using React.Children and Context cause unexpected rendering glitches in complex React applications in production applications?,react
What is the recommended hook pattern for synchronizing form validation errors across nested child components in React in modern React in production applications?,react
What is the recommended hook pattern for managing server cache synchronization and revalidation using TanStack React Query in modern React in production applications?,react
What is the recommended hook pattern for handling infinite scroll pagination with intersection observers inside React components in modern React in production applications?,react
What is the recommended hook pattern for preventing stale closure bugs inside useEffect and setInterval callbacks in modern React in production applications?,react
What is the recommended hook pattern for animating component enter and exit transitions smoothly using Framer Motion in modern React in production applications?,react
What is the recommended hook pattern for managing keyboard accessibility and focus trapping in React modal dialogs in modern React in production applications?,react
What is the recommended hook pattern for refactoring large Redux boilerplate using Redux Toolkit slices and RTK Query in modern React in production applications?,react
What is the recommended hook pattern for handling dynamic theme switching using CSS variables combined with React Context in modern React in production applications?,react
What is the recommended hook pattern for preventing memory leaks in React web apps when listening to WebSocket streams in modern React in production applications?,react
What is the recommended hook pattern for handling multi-step wizard state persistence across component unmounts in modern React in production applications?,react
What is the recommended hook pattern for debugging unexpected re-renders using the React Developer Tools Profiler flamegraph in modern React in production applications?,react
What is the recommended hook pattern for implementing accessible drag-and-drop interfaces in React using dnd kit in modern React in production applications?,react
What is the recommended hook pattern for handling file upload progress bars inside custom React drag-and-drop dropzones in modern React in production applications?,react
What is the recommended hook pattern for optimizing large table renders with thousands of rows using React Window virtualization in modern React in production applications?,react
What is the recommended hook pattern for building compound component patterns in React using React.Children and Context in modern React in production applications?,react
How do you optimize component performance when synchronizing form validation errors across nested child components in React in React in production applications?,react
How do you optimize component performance when managing server cache synchronization and revalidation using TanStack React Query in React in production applications?,react
How do you optimize component performance when handling infinite scroll pagination with intersection observers inside React components in React in production applications?,react
How do you optimize component performance when preventing stale closure bugs inside useEffect and setInterval callbacks in React in production applications?,react
How do you optimize component performance when animating component enter and exit transitions smoothly using Framer Motion in React in production applications?,react
How do you optimize component performance when managing keyboard accessibility and focus trapping in React modal dialogs in React in production applications?,react
How do you optimize component performance when refactoring large Redux boilerplate using Redux Toolkit slices and RTK Query in React in production applications?,react
How do you optimize component performance when handling dynamic theme switching using CSS variables combined with React Context in React in production applications?,react
How do you optimize component performance when preventing memory leaks in React web apps when listening to WebSocket streams in React in production applications?,react
How do you optimize component performance when handling multi-step wizard state persistence across component unmounts in React in production applications?,react
How do you optimize component performance when debugging unexpected re-renders using the React Developer Tools Profiler flamegraph in React in production applications?,react
How do you optimize component performance when implementing accessible drag-and-drop interfaces in React using dnd kit in React in production applications?,react
How do you optimize component performance when handling file upload progress bars inside custom React drag-and-drop dropzones in React in production applications?,react
How do you optimize component performance when optimizing large table renders with thousands of rows using React Window virtualization in React in production applications?,react
How do you optimize component performance when building compound component patterns in React using React.Children and Context in React in production applications?,react
What causes state synchronization bugs when synchronizing form validation errors across nested child components in React in React applications in production applications?,react
What causes state synchronization bugs when managing server cache synchronization and revalidation using TanStack React Query in React applications in production applications?,react
What causes state synchronization bugs when handling infinite scroll pagination with intersection observers inside React components in React applications in production applications?,react
What causes state synchronization bugs when preventing stale closure bugs inside useEffect and setInterval callbacks in React applications in production applications?,react
What causes state synchronization bugs when animating component enter and exit transitions smoothly using Framer Motion in React applications in production applications?,react
What causes state synchronization bugs when managing keyboard accessibility and focus trapping in React modal dialogs in React applications in production applications?,react
What causes state synchronization bugs when refactoring large Redux boilerplate using Redux Toolkit slices and RTK Query in React applications in production applications?,react
What causes state synchronization bugs when handling dynamic theme switching using CSS variables combined with React Context in React applications in production applications?,react
What causes state synchronization bugs when preventing memory leaks in React web apps when listening to WebSocket streams in React applications in production applications?,react
What causes state synchronization bugs when handling multi-step wizard state persistence across component unmounts in React applications in production applications?,react
What causes state synchronization bugs when debugging unexpected re-renders using the React Developer Tools Profiler flamegraph in React applications in production applications?,react
What causes state synchronization bugs when implementing accessible drag-and-drop interfaces in React using dnd kit in React applications in production applications?,react
What causes state synchronization bugs when handling file upload progress bars inside custom React drag-and-drop dropzones in React applications in production applications?,react
What causes state synchronization bugs when optimizing large table renders with thousands of rows using React Window virtualization in React applications in production applications?,react
What causes state synchronization bugs when building compound component patterns in React using React.Children and Context in React applications in production applications?,react
How do you write clean unit tests for synchronizing form validation errors across nested child components in React using React Testing Library in production applications?,react
How do you write clean unit tests for managing server cache synchronization and revalidation using TanStack React Query using React Testing Library in production applications?,react
How do you write clean unit tests for handling infinite scroll pagination with intersection observers inside React components using React Testing Library in production applications?,react
How do you write clean unit tests for preventing stale closure bugs inside useEffect and setInterval callbacks using React Testing Library in production applications?,react
How do you write clean unit tests for animating component enter and exit transitions smoothly using Framer Motion using React Testing Library in production applications?,react
How do you write clean unit tests for managing keyboard accessibility and focus trapping in React modal dialogs using React Testing Library in production applications?,react
How do you write clean unit tests for refactoring large Redux boilerplate using Redux Toolkit slices and RTK Query using React Testing Library in production applications?,react
How do you write clean unit tests for handling dynamic theme switching using CSS variables combined with React Context using React Testing Library in production applications?,react
How do you write clean unit tests for preventing memory leaks in React web apps when listening to WebSocket streams using React Testing Library in production applications?,react
How do you write clean unit tests for handling multi-step wizard state persistence across component unmounts using React Testing Library in production applications?,react
How do you write clean unit tests for debugging unexpected re-renders using the React Developer Tools Profiler flamegraph using React Testing Library in production applications?,react
How do you write clean unit tests for implementing accessible drag-and-drop interfaces in React using dnd kit using React Testing Library in production applications?,react
How do you write clean unit tests for handling file upload progress bars inside custom React drag-and-drop dropzones using React Testing Library in production applications?,react
How do you write clean unit tests for optimizing large table renders with thousands of rows using React Window virtualization using React Testing Library in production applications?,react
How do you write clean unit tests for building compound component patterns in React using React.Children and Context using React Testing Library in production applications?,react
How do you prevent memory leaks and unhandled errors when synchronizing form validation errors across nested child components in React in React in production applications?,react
How do you prevent memory leaks and unhandled errors when managing server cache synchronization and revalidation using TanStack React Query in React in production applications?,react
How do you prevent memory leaks and unhandled errors when handling infinite scroll pagination with intersection observers inside React components in React in production applications?,react
How do you prevent memory leaks and unhandled errors when preventing stale closure bugs inside useEffect and setInterval callbacks in React in production applications?,react
How do you prevent memory leaks and unhandled errors when animating component enter and exit transitions smoothly using Framer Motion in React in production applications?,react
How do you prevent memory leaks and unhandled errors when managing keyboard accessibility and focus trapping in React modal dialogs in React in production applications?,react
How do you prevent memory leaks and unhandled errors when refactoring large Redux boilerplate using Redux Toolkit slices and RTK Query in React in production applications?,react
How do you prevent memory leaks and unhandled errors when handling dynamic theme switching using CSS variables combined with React Context in React in production applications?,react
How do you prevent memory leaks and unhandled errors when preventing memory leaks in React web apps when listening to WebSocket streams in React in production applications?,react
How do you prevent memory leaks and unhandled errors when handling multi-step wizard state persistence across component unmounts in React in production applications?,react
How do you prevent memory leaks and unhandled errors when debugging unexpected re-renders using the React Developer Tools Profiler flamegraph in React in production applications?,react
How do you prevent memory leaks and unhandled errors when implementing accessible drag-and-drop interfaces in React using dnd kit in React in production applications?,react
How do you prevent memory leaks and unhandled errors when handling file upload progress bars inside custom React drag-and-drop dropzones in React in production applications?,react
How do you prevent memory leaks and unhandled errors when optimizing large table renders with thousands of rows using React Window virtualization in React in production applications?,react
How do you prevent memory leaks and unhandled errors when building compound component patterns in React using React.Children and Context in React in production applications?,react
How do you resolve issues with synchronizing form validation errors across nested child components in React in React front-end development in production applications?,react
How do you resolve issues with managing server cache synchronization and revalidation using TanStack React Query in React front-end development in production applications?,react
How do you resolve issues with handling infinite scroll pagination with intersection observers inside React components in React front-end development in production applications?,react
How do you resolve issues with preventing stale closure bugs inside useEffect and setInterval callbacks in React front-end development in production applications?,react
How do you resolve issues with animating component enter and exit transitions smoothly using Framer Motion in React front-end development in production applications?,react
How do you resolve issues with managing keyboard accessibility and focus trapping in React modal dialogs in React front-end development in production applications?,react
How do you resolve issues with refactoring large Redux boilerplate using Redux Toolkit slices and RTK Query in React front-end development in production applications?,react
How do you resolve issues with handling dynamic theme switching using CSS variables combined with React Context in React front-end development in production applications?,react
How do you resolve issues with preventing memory leaks in React web apps when listening to WebSocket streams in React front-end development in production applications?,react
How do you resolve issues with handling multi-step wizard state persistence across component unmounts in React front-end development in production applications?,react
How do you prevent deadlocks during concurrent multi-row `UPDATE` transactions in PostgreSQL?,sql
Why is an indexed query executing a full table scan when comparing a string literal to an integer column?,sql
How do you optimize slow `COUNT(*)` queries on large tables containing millions of rows in PostgreSQL?,sql
Why does `NULL = NULL` evaluate to unknown instead of true in SQL comparisons?,sql
How do you resolve N+1 query performance bottlenecks using `JOIN` operations instead of iterative queries?,sql
"Why does an index on `(last_name, first_name)` fail to speed up queries filtering only on `first_name`?",sql
How do you calculate running totals and moving averages using SQL window functions like `SUM() OVER ()`?,sql
Why does a `LEFT JOIN` return duplicate parent rows when joining with a table having a one-to-many relationship?,sql
How do you find and remove duplicate rows in a table while keeping the record with the lowest primary ID?,sql
Why does using `NOT IN` with a subquery return zero rows when the subquery contains a single `NULL` value?,sql
How do you paginate large database result sets efficiently using keyset pagination instead of `OFFSET`?,sql
Why does adding a `LIKE '%keyword%'` filter prevent the database query engine from utilizing B-Tree indexes?,sql
How do you enforce row-level security policies in PostgreSQL for multi-tenant SaaS applications?,sql
Why does `TRUNCATE TABLE` run substantially faster than `DELETE FROM table` without where clauses?,sql
How do you safely alter a table with 50 million rows to add a new column with a default value without locking writes?,sql
Why does a foreign key constraint violation occur when inserting child rows before the parent transaction commits?,sql
How do you use Common Table Expressions (`WITH RECURSIVE`) to query hierarchical parent-child category trees?,sql
Why does `GROUP BY` require non-aggregated select columns to be explicitly included in the grouping list?,sql
How do you optimize JSONB column search queries in PostgreSQL using GIN indexes?,sql
Why does `SELECT *` degrade query performance and network throughput compared to selecting specific columns?,sql
How do you implement upsert operations in PostgreSQL using `INSERT INTO ... ON CONFLICT DO UPDATE`?,sql
Why does an explicit database transaction rollback fail to reset auto-incrementing primary key sequences?,sql
How do you analyze database query execution plans using `EXPLAIN ANALYZE` to identify expensive table scans?,sql
Why does a composite unique constraint fail to block duplicate rows when one of the composite columns is `NULL`?,sql
How do you perform full-text search with ranking in PostgreSQL using `to_tsvector` and `to_tsquery`?,sql
Why does high connection concurrency exhaust database max connection limits without a connection pooler like PgBouncer?,sql
How do you convert rows into columns dynamically using conditional aggregation or the `PIVOT` operator?,sql
Why does `VACUUM` maintenance become critical for preventing table bloat and transaction ID wraparound in PostgreSQL?,sql
How do you isolate database transactions using the `SERIALIZABLE` isolation level to prevent phantom reads?,sql
Why does an index on a foreign key column improve `DELETE` performance on the referenced parent table?,sql
How do you handle optimizing spatial geospatial queries using PostGIS GiST indexing in relational database management systems?,sql
How do you handle managing database schema migrations on high-traffic production databases with zero downtime in relational database management systems?,sql
How do you handle preventing transaction serialization failures in distributed PostgreSQL clusters in relational database management systems?,sql
How do you handle configuring connection timeouts and idle client timeouts to free locked database connections in relational database management systems?,sql
How do you handle partitioning massive time-series tables by range to accelerate historical queries in relational database management systems?,sql
How do you handle optimizing slow subqueries using correlated EXISTS clauses instead of heavy IN lists in relational database management systems?,sql
How do you handle diagnosing lock contention bottlenecks on high-write relational tables in relational database management systems?,sql
How do you handle indexing boolean and low-cardinality status columns using partial indexes in relational database management systems?,sql
How do you handle handling case-insensitive string searches using collation indexes or citext extension in relational database management systems?,sql
How do you handle implementing soft delete patterns using deleted_at timestamps without breaking unique constraints in relational database management systems?,sql
Why does optimizing spatial geospatial queries using PostGIS GiST indexing cause severe query performance degradation in SQL databases?,sql
Why does managing database schema migrations on high-traffic production databases with zero downtime cause severe query performance degradation in SQL databases?,sql
Why does preventing transaction serialization failures in distributed PostgreSQL clusters cause severe query performance degradation in SQL databases?,sql
Why does configuring connection timeouts and idle client timeouts to free locked database connections cause severe query performance degradation in SQL databases?,sql
Why does partitioning massive time-series tables by range to accelerate historical queries cause severe query performance degradation in SQL databases?,sql
Why does optimizing slow subqueries using correlated EXISTS clauses instead of heavy IN lists cause severe query performance degradation in SQL databases?,sql
Why does diagnosing lock contention bottlenecks on high-write relational tables cause severe query performance degradation in SQL databases?,sql
Why does indexing boolean and low-cardinality status columns using partial indexes cause severe query performance degradation in SQL databases?,sql
Why does handling case-insensitive string searches using collation indexes or citext extension cause severe query performance degradation in SQL databases?,sql
Why does implementing soft delete patterns using deleted_at timestamps without breaking unique constraints cause severe query performance degradation in SQL databases?,sql
What is the best SQL strategy for optimizing spatial geospatial queries using PostGIS GiST indexing in large-scale databases?,sql
What is the best SQL strategy for managing database schema migrations on high-traffic production databases with zero downtime in large-scale databases?,sql
What is the best SQL strategy for preventing transaction serialization failures in distributed PostgreSQL clusters in large-scale databases?,sql
What is the best SQL strategy for configuring connection timeouts and idle client timeouts to free locked database connections in large-scale databases?,sql
What is the best SQL strategy for partitioning massive time-series tables by range to accelerate historical queries in large-scale databases?,sql
What is the best SQL strategy for optimizing slow subqueries using correlated EXISTS clauses instead of heavy IN lists in large-scale databases?,sql
What is the best SQL strategy for diagnosing lock contention bottlenecks on high-write relational tables in large-scale databases?,sql
What is the best SQL strategy for indexing boolean and low-cardinality status columns using partial indexes in large-scale databases?,sql
What is the best SQL strategy for handling case-insensitive string searches using collation indexes or citext extension in large-scale databases?,sql
What is the best SQL strategy for implementing soft delete patterns using deleted_at timestamps without breaking unique constraints in large-scale databases?,sql
How do you troubleshoot database bottlenecks when optimizing spatial geospatial queries using PostGIS GiST indexing under high concurrency?,sql
How do you troubleshoot database bottlenecks when managing database schema migrations on high-traffic production databases with zero downtime under high concurrency?,sql
How do you troubleshoot database bottlenecks when preventing transaction serialization failures in distributed PostgreSQL clusters under high concurrency?,sql
How do you troubleshoot database bottlenecks when configuring connection timeouts and idle client timeouts to free locked database connections under high concurrency?,sql
How do you troubleshoot database bottlenecks when partitioning massive time-series tables by range to accelerate historical queries under high concurrency?,sql
How do you troubleshoot database bottlenecks when optimizing slow subqueries using correlated EXISTS clauses instead of heavy IN lists under high concurrency?,sql
How do you troubleshoot database bottlenecks when diagnosing lock contention bottlenecks on high-write relational tables under high concurrency?,sql
How do you troubleshoot database bottlenecks when indexing boolean and low-cardinality status columns using partial indexes under high concurrency?,sql
How do you troubleshoot database bottlenecks when handling case-insensitive string searches using collation indexes or citext extension under high concurrency?,sql
How do you troubleshoot database bottlenecks when implementing soft delete patterns using deleted_at timestamps without breaking unique constraints under high concurrency?,sql
What causes locking conflicts when optimizing spatial geospatial queries using PostGIS GiST indexing in transactional SQL environments?,sql
What causes locking conflicts when managing database schema migrations on high-traffic production databases with zero downtime in transactional SQL environments?,sql
What causes locking conflicts when preventing transaction serialization failures in distributed PostgreSQL clusters in transactional SQL environments?,sql
What causes locking conflicts when configuring connection timeouts and idle client timeouts to free locked database connections in transactional SQL environments?,sql
What causes locking conflicts when partitioning massive time-series tables by range to accelerate historical queries in transactional SQL environments?,sql
What causes locking conflicts when optimizing slow subqueries using correlated EXISTS clauses instead of heavy IN lists in transactional SQL environments?,sql
What causes locking conflicts when diagnosing lock contention bottlenecks on high-write relational tables in transactional SQL environments?,sql
What causes locking conflicts when indexing boolean and low-cardinality status columns using partial indexes in transactional SQL environments?,sql
What causes locking conflicts when handling case-insensitive string searches using collation indexes or citext extension in transactional SQL environments?,sql
What causes locking conflicts when implementing soft delete patterns using deleted_at timestamps without breaking unique constraints in transactional SQL environments?,sql
How do you optimize indexing and query plans when optimizing spatial geospatial queries using PostGIS GiST indexing in SQL?,sql
How do you optimize indexing and query plans when managing database schema migrations on high-traffic production databases with zero downtime in SQL?,sql
How do you optimize indexing and query plans when preventing transaction serialization failures in distributed PostgreSQL clusters in SQL?,sql
How do you optimize indexing and query plans when configuring connection timeouts and idle client timeouts to free locked database connections in SQL?,sql
How do you optimize indexing and query plans when partitioning massive time-series tables by range to accelerate historical queries in SQL?,sql
How do you optimize indexing and query plans when optimizing slow subqueries using correlated EXISTS clauses instead of heavy IN lists in SQL?,sql
How do you optimize indexing and query plans when diagnosing lock contention bottlenecks on high-write relational tables in SQL?,sql
How do you optimize indexing and query plans when indexing boolean and low-cardinality status columns using partial indexes in SQL?,sql
How do you optimize indexing and query plans when handling case-insensitive string searches using collation indexes or citext extension in SQL?,sql
How do you optimize indexing and query plans when implementing soft delete patterns using deleted_at timestamps without breaking unique constraints in SQL?,sql
How do you handle optimizing spatial geospatial queries using PostGIS GiST indexing in relational database management systems in production applications?,sql
How do you handle managing database schema migrations on high-traffic production databases with zero downtime in relational database management systems in production applications?,sql
How do you handle preventing transaction serialization failures in distributed PostgreSQL clusters in relational database management systems in production applications?,sql
How do you handle configuring connection timeouts and idle client timeouts to free locked database connections in relational database management systems in production applications?,sql
How do you handle partitioning massive time-series tables by range to accelerate historical queries in relational database management systems in production applications?,sql
How do you handle optimizing slow subqueries using correlated EXISTS clauses instead of heavy IN lists in relational database management systems in production applications?,sql
How do you handle diagnosing lock contention bottlenecks on high-write relational tables in relational database management systems in production applications?,sql
How do you handle indexing boolean and low-cardinality status columns using partial indexes in relational database management systems in production applications?,sql
How do you handle handling case-insensitive string searches using collation indexes or citext extension in relational database management systems in production applications?,sql
How do you handle implementing soft delete patterns using deleted_at timestamps without breaking unique constraints in relational database management systems in production applications?,sql
Why does optimizing spatial geospatial queries using PostGIS GiST indexing cause severe query performance degradation in SQL databases in production applications?,sql
Why does managing database schema migrations on high-traffic production databases with zero downtime cause severe query performance degradation in SQL databases in production applications?,sql
Why does preventing transaction serialization failures in distributed PostgreSQL clusters cause severe query performance degradation in SQL databases in production applications?,sql
Why does configuring connection timeouts and idle client timeouts to free locked database connections cause severe query performance degradation in SQL databases in production applications?,sql
Why does partitioning massive time-series tables by range to accelerate historical queries cause severe query performance degradation in SQL databases in production applications?,sql
Why does optimizing slow subqueries using correlated EXISTS clauses instead of heavy IN lists cause severe query performance degradation in SQL databases in production applications?,sql
Why does diagnosing lock contention bottlenecks on high-write relational tables cause severe query performance degradation in SQL databases in production applications?,sql
Why does indexing boolean and low-cardinality status columns using partial indexes cause severe query performance degradation in SQL databases in production applications?,sql
Why does handling case-insensitive string searches using collation indexes or citext extension cause severe query performance degradation in SQL databases in production applications?,sql
Why does implementing soft delete patterns using deleted_at timestamps without breaking unique constraints cause severe query performance degradation in SQL databases in production applications?,sql
What is the best SQL strategy for optimizing spatial geospatial queries using PostGIS GiST indexing in large-scale databases in production applications?,sql
What is the best SQL strategy for managing database schema migrations on high-traffic production databases with zero downtime in large-scale databases in production applications?,sql
What is the best SQL strategy for preventing transaction serialization failures in distributed PostgreSQL clusters in large-scale databases in production applications?,sql
What is the best SQL strategy for configuring connection timeouts and idle client timeouts to free locked database connections in large-scale databases in production applications?,sql
What is the best SQL strategy for partitioning massive time-series tables by range to accelerate historical queries in large-scale databases in production applications?,sql
What is the best SQL strategy for optimizing slow subqueries using correlated EXISTS clauses instead of heavy IN lists in large-scale databases in production applications?,sql
What is the best SQL strategy for diagnosing lock contention bottlenecks on high-write relational tables in large-scale databases in production applications?,sql
What is the best SQL strategy for indexing boolean and low-cardinality status columns using partial indexes in large-scale databases in production applications?,sql
What is the best SQL strategy for handling case-insensitive string searches using collation indexes or citext extension in large-scale databases in production applications?,sql
What is the best SQL strategy for implementing soft delete patterns using deleted_at timestamps without breaking unique constraints in large-scale databases in production applications?,sql
How do you troubleshoot database bottlenecks when optimizing spatial geospatial queries using PostGIS GiST indexing under high concurrency in production applications?,sql
How do you troubleshoot database bottlenecks when managing database schema migrations on high-traffic production databases with zero downtime under high concurrency in production applications?,sql
How do you troubleshoot database bottlenecks when preventing transaction serialization failures in distributed PostgreSQL clusters under high concurrency in production applications?,sql
How do you troubleshoot database bottlenecks when configuring connection timeouts and idle client timeouts to free locked database connections under high concurrency in production applications?,sql
How do you troubleshoot database bottlenecks when partitioning massive time-series tables by range to accelerate historical queries under high concurrency in production applications?,sql
How do you troubleshoot database bottlenecks when optimizing slow subqueries using correlated EXISTS clauses instead of heavy IN lists under high concurrency in production applications?,sql
How do you troubleshoot database bottlenecks when diagnosing lock contention bottlenecks on high-write relational tables under high concurrency in production applications?,sql
How do you troubleshoot database bottlenecks when indexing boolean and low-cardinality status columns using partial indexes under high concurrency in production applications?,sql
How do you troubleshoot database bottlenecks when handling case-insensitive string searches using collation indexes or citext extension under high concurrency in production applications?,sql
How do you troubleshoot database bottlenecks when implementing soft delete patterns using deleted_at timestamps without breaking unique constraints under high concurrency in production applications?,sql
What causes locking conflicts when optimizing spatial geospatial queries using PostGIS GiST indexing in transactional SQL environments in production applications?,sql
What causes locking conflicts when managing database schema migrations on high-traffic production databases with zero downtime in transactional SQL environments in production applications?,sql
What causes locking conflicts when preventing transaction serialization failures in distributed PostgreSQL clusters in transactional SQL environments in production applications?,sql
What causes locking conflicts when configuring connection timeouts and idle client timeouts to free locked database connections in transactional SQL environments in production applications?,sql
What causes locking conflicts when partitioning massive time-series tables by range to accelerate historical queries in transactional SQL environments in production applications?,sql
What causes locking conflicts when optimizing slow subqueries using correlated EXISTS clauses instead of heavy IN lists in transactional SQL environments in production applications?,sql
What causes locking conflicts when diagnosing lock contention bottlenecks on high-write relational tables in transactional SQL environments in production applications?,sql
What causes locking conflicts when indexing boolean and low-cardinality status columns using partial indexes in transactional SQL environments in production applications?,sql
What causes locking conflicts when handling case-insensitive string searches using collation indexes or citext extension in transactional SQL environments in production applications?,sql
What causes locking conflicts when implementing soft delete patterns using deleted_at timestamps without breaking unique constraints in transactional SQL environments in production applications?,sql
How do you optimize indexing and query plans when optimizing spatial geospatial queries using PostGIS GiST indexing in SQL in production applications?,sql
How do you optimize indexing and query plans when managing database schema migrations on high-traffic production databases with zero downtime in SQL in production applications?,sql
How do you optimize indexing and query plans when preventing transaction serialization failures in distributed PostgreSQL clusters in SQL in production applications?,sql
How do you optimize indexing and query plans when configuring connection timeouts and idle client timeouts to free locked database connections in SQL in production applications?,sql
How do you optimize indexing and query plans when partitioning massive time-series tables by range to accelerate historical queries in SQL in production applications?,sql
How do you optimize indexing and query plans when optimizing slow subqueries using correlated EXISTS clauses instead of heavy IN lists in SQL in production applications?,sql
How do you optimize indexing and query plans when diagnosing lock contention bottlenecks on high-write relational tables in SQL in production applications?,sql
How do you optimize indexing and query plans when indexing boolean and low-cardinality status columns using partial indexes in SQL in production applications?,sql
How do you optimize indexing and query plans when handling case-insensitive string searches using collation indexes or citext extension in SQL in production applications?,sql
How do you optimize indexing and query plans when implementing soft delete patterns using deleted_at timestamps without breaking unique constraints in SQL in production applications?,sql
How do you resolve the TypeScript error 'Property does not exist on type never' in a generic filter function?,typescript
Why does TypeScript fail to narrow union types when using `Array.prototype.includes`?,typescript
How do you enforce exhaustive type checking in `switch` statements using the `never` type?,typescript
Why does `keyof typeof` differ when applied to an object instance versus a TypeScript interface?,typescript
How do you properly type an asynchronous higher-order function that preserves parameter and return types?,typescript
Why does TypeScript permit assigning an object with extra properties when passed through an intermediary variable?,typescript
How do you extract the resolved value type from a Promise using the `Awaited<T>` utility type?,typescript
Why does `const` assertion (`as const`) make all properties in an object literal `readonly` and narrow literals?,typescript
How do you define a generic interface where one property determines the exact allowed types of other properties?,typescript
Why does `any` disable all compile-time type safety while `unknown` requires explicit type narrowing?,typescript
How do you infer tuple element types inside a conditional type using the `infer` keyword?,typescript
Why does TypeScript throw an error when indexing an object with a string without an index signature?,typescript
How do you type overloaded functions cleanly in TypeScript without resorting to `any` casts?,typescript
Why does `interface` declaration merging allow augmenting existing third-party library types while `type` aliases cannot?,typescript
How do you enforce that a generic type parameter extends a specific object shape using `extends` constraints?,typescript
Why does the TypeScript compiler emit JavaScript output even when compilation errors are present?,typescript
How do you build a mapped type that makes only specific selected keys optional in an interface?,typescript
Why does type narrowing with `typeof` identify `null` as an `'object'` in TypeScript guards?,typescript
How do you create custom user-defined type guards using the `is` type predicate syntax?,typescript
Why does `readonly string[]` prevent mutating methods like `.push()` and `.splice()` at compile time?,typescript
How do you declare ambient types for untyped legacy JavaScript modules using `.d.ts` declaration files?,typescript
Why does the `Partial<T>` utility type make all top-level properties optional without making nested objects partial?,typescript
How do you implement deep recursive readonly types using conditional recursive types in TypeScript?,typescript
Why does TypeScript complain about missing properties when spreading optional generic objects?,typescript
How do you strongly type REST API response payloads based on dynamic endpoint URL route parameters?,typescript
Why does strict null checking (`strictNullChecks`) flag uninitialized class properties as errors?,typescript
How do you type `useRef` in React when referencing a DOM element versus a mutable value container?,typescript
Why does `enum` generate runtime JavaScript objects while `const enum` gets inlined during compilation?,typescript
How do you extract function parameter types using the `Parameters<T>` utility type?,typescript
Why does TypeScript allow structural subtyping where a type with extra fields is assignable to a narrower type?,typescript
How do you solve type compilation errors when typing generic React form components with dynamic schema validation in TypeScript?,typescript
How do you solve type compilation errors when creating template literal types to validate formatted string patterns like CSS color codes in TypeScript?,typescript
How do you solve type compilation errors when handling type safety across boundary validation using Zod and TypeScript infer in TypeScript?,typescript
How do you solve type compilation errors when resolving module resolution errors when using baseUrl and paths in tsconfig.json in TypeScript?,typescript
How do you solve type compilation errors when typing dynamic event emitter maps with strongly typed payload arguments in TypeScript?,typescript
How do you solve type compilation errors when preventing circular type definition references in deeply nested JSON schemas in TypeScript?,typescript
How do you solve type compilation errors when using branded types (nominal typing) to differentiate between user IDs and order IDs in TypeScript?,typescript
How do you solve type compilation errors when configuring project references in a large TypeScript monorepo with composite projects in TypeScript?,typescript
How do you solve type compilation errors when typing higher-order React components while preserving generic prop inference in TypeScript?,typescript
How do you solve type compilation errors when managing strict function variance and contravariance in callback parameter types in TypeScript?,typescript
Why does TypeScript report unexpected type mismatches when typing generic React form components with dynamic schema validation?,typescript
Why does TypeScript report unexpected type mismatches when creating template literal types to validate formatted string patterns like CSS color codes?,typescript
Why does TypeScript report unexpected type mismatches when handling type safety across boundary validation using Zod and TypeScript infer?,typescript
Why does TypeScript report unexpected type mismatches when resolving module resolution errors when using baseUrl and paths in tsconfig.json?,typescript
Why does TypeScript report unexpected type mismatches when typing dynamic event emitter maps with strongly typed payload arguments?,typescript
Why does TypeScript report unexpected type mismatches when preventing circular type definition references in deeply nested JSON schemas?,typescript
Why does TypeScript report unexpected type mismatches when using branded types (nominal typing) to differentiate between user IDs and order IDs?,typescript
Why does TypeScript report unexpected type mismatches when configuring project references in a large TypeScript monorepo with composite projects?,typescript
Why does TypeScript report unexpected type mismatches when typing higher-order React components while preserving generic prop inference?,typescript
Why does TypeScript report unexpected type mismatches when managing strict function variance and contravariance in callback parameter types?,typescript
What is the cleanest type-safe pattern for typing generic React form components with dynamic schema validation in enterprise TypeScript projects?,typescript
What is the cleanest type-safe pattern for creating template literal types to validate formatted string patterns like CSS color codes in enterprise TypeScript projects?,typescript
What is the cleanest type-safe pattern for handling type safety across boundary validation using Zod and TypeScript infer in enterprise TypeScript projects?,typescript
What is the cleanest type-safe pattern for resolving module resolution errors when using baseUrl and paths in tsconfig.json in enterprise TypeScript projects?,typescript
What is the cleanest type-safe pattern for typing dynamic event emitter maps with strongly typed payload arguments in enterprise TypeScript projects?,typescript
What is the cleanest type-safe pattern for preventing circular type definition references in deeply nested JSON schemas in enterprise TypeScript projects?,typescript
What is the cleanest type-safe pattern for using branded types (nominal typing) to differentiate between user IDs and order IDs in enterprise TypeScript projects?,typescript
What is the cleanest type-safe pattern for configuring project references in a large TypeScript monorepo with composite projects in enterprise TypeScript projects?,typescript
What is the cleanest type-safe pattern for typing higher-order React components while preserving generic prop inference in enterprise TypeScript projects?,typescript
What is the cleanest type-safe pattern for managing strict function variance and contravariance in callback parameter types in enterprise TypeScript projects?,typescript
How do you leverage advanced generic utilities when typing generic React form components with dynamic schema validation in TypeScript?,typescript
How do you leverage advanced generic utilities when creating template literal types to validate formatted string patterns like CSS color codes in TypeScript?,typescript
How do you leverage advanced generic utilities when handling type safety across boundary validation using Zod and TypeScript infer in TypeScript?,typescript
How do you leverage advanced generic utilities when resolving module resolution errors when using baseUrl and paths in tsconfig.json in TypeScript?,typescript
How do you leverage advanced generic utilities when typing dynamic event emitter maps with strongly typed payload arguments in TypeScript?,typescript
How do you leverage advanced generic utilities when preventing circular type definition references in deeply nested JSON schemas in TypeScript?,typescript
How do you leverage advanced generic utilities when using branded types (nominal typing) to differentiate between user IDs and order IDs in TypeScript?,typescript
How do you leverage advanced generic utilities when configuring project references in a large TypeScript monorepo with composite projects in TypeScript?,typescript
How do you leverage advanced generic utilities when typing higher-order React components while preserving generic prop inference in TypeScript?,typescript
How do you leverage advanced generic utilities when managing strict function variance and contravariance in callback parameter types in TypeScript?,typescript
What causes type inference to break down when typing generic React form components with dynamic schema validation in TypeScript codebases?,typescript
What causes type inference to break down when creating template literal types to validate formatted string patterns like CSS color codes in TypeScript codebases?,typescript
What causes type inference to break down when handling type safety across boundary validation using Zod and TypeScript infer in TypeScript codebases?,typescript
What causes type inference to break down when resolving module resolution errors when using baseUrl and paths in tsconfig.json in TypeScript codebases?,typescript
What causes type inference to break down when typing dynamic event emitter maps with strongly typed payload arguments in TypeScript codebases?,typescript
What causes type inference to break down when preventing circular type definition references in deeply nested JSON schemas in TypeScript codebases?,typescript
What causes type inference to break down when using branded types (nominal typing) to differentiate between user IDs and order IDs in TypeScript codebases?,typescript
What causes type inference to break down when configuring project references in a large TypeScript monorepo with composite projects in TypeScript codebases?,typescript
What causes type inference to break down when typing higher-order React components while preserving generic prop inference in TypeScript codebases?,typescript
What causes type inference to break down when managing strict function variance and contravariance in callback parameter types in TypeScript codebases?,typescript
How do you write custom type guards and utility types when typing generic React form components with dynamic schema validation in TypeScript?,typescript
How do you write custom type guards and utility types when creating template literal types to validate formatted string patterns like CSS color codes in TypeScript?,typescript
How do you write custom type guards and utility types when handling type safety across boundary validation using Zod and TypeScript infer in TypeScript?,typescript
How do you write custom type guards and utility types when resolving module resolution errors when using baseUrl and paths in tsconfig.json in TypeScript?,typescript
How do you write custom type guards and utility types when typing dynamic event emitter maps with strongly typed payload arguments in TypeScript?,typescript
How do you write custom type guards and utility types when preventing circular type definition references in deeply nested JSON schemas in TypeScript?,typescript
How do you write custom type guards and utility types when using branded types (nominal typing) to differentiate between user IDs and order IDs in TypeScript?,typescript
How do you write custom type guards and utility types when configuring project references in a large TypeScript monorepo with composite projects in TypeScript?,typescript
How do you write custom type guards and utility types when typing higher-order React components while preserving generic prop inference in TypeScript?,typescript
How do you write custom type guards and utility types when managing strict function variance and contravariance in callback parameter types in TypeScript?,typescript
How do you solve type compilation errors when typing generic React form components with dynamic schema validation in TypeScript in production applications?,typescript
How do you solve type compilation errors when creating template literal types to validate formatted string patterns like CSS color codes in TypeScript in production applications?,typescript
How do you solve type compilation errors when handling type safety across boundary validation using Zod and TypeScript infer in TypeScript in production applications?,typescript
How do you solve type compilation errors when resolving module resolution errors when using baseUrl and paths in tsconfig.json in TypeScript in production applications?,typescript
How do you solve type compilation errors when typing dynamic event emitter maps with strongly typed payload arguments in TypeScript in production applications?,typescript
How do you solve type compilation errors when preventing circular type definition references in deeply nested JSON schemas in TypeScript in production applications?,typescript
How do you solve type compilation errors when using branded types (nominal typing) to differentiate between user IDs and order IDs in TypeScript in production applications?,typescript
How do you solve type compilation errors when configuring project references in a large TypeScript monorepo with composite projects in TypeScript in production applications?,typescript
How do you solve type compilation errors when typing higher-order React components while preserving generic prop inference in TypeScript in production applications?,typescript
How do you solve type compilation errors when managing strict function variance and contravariance in callback parameter types in TypeScript in production applications?,typescript
Why does TypeScript report unexpected type mismatches when typing generic React form components with dynamic schema validation in production applications?,typescript
Why does TypeScript report unexpected type mismatches when creating template literal types to validate formatted string patterns like CSS color codes in production applications?,typescript
Why does TypeScript report unexpected type mismatches when handling type safety across boundary validation using Zod and TypeScript infer in production applications?,typescript
Why does TypeScript report unexpected type mismatches when resolving module resolution errors when using baseUrl and paths in tsconfig.json in production applications?,typescript
Why does TypeScript report unexpected type mismatches when typing dynamic event emitter maps with strongly typed payload arguments in production applications?,typescript
Why does TypeScript report unexpected type mismatches when preventing circular type definition references in deeply nested JSON schemas in production applications?,typescript
Why does TypeScript report unexpected type mismatches when using branded types (nominal typing) to differentiate between user IDs and order IDs in production applications?,typescript
Why does TypeScript report unexpected type mismatches when configuring project references in a large TypeScript monorepo with composite projects in production applications?,typescript
Why does TypeScript report unexpected type mismatches when typing higher-order React components while preserving generic prop inference in production applications?,typescript
Why does TypeScript report unexpected type mismatches when managing strict function variance and contravariance in callback parameter types in production applications?,typescript
What is the cleanest type-safe pattern for typing generic React form components with dynamic schema validation in enterprise TypeScript projects in production applications?,typescript
What is the cleanest type-safe pattern for creating template literal types to validate formatted string patterns like CSS color codes in enterprise TypeScript projects in production applications?,typescript
What is the cleanest type-safe pattern for handling type safety across boundary validation using Zod and TypeScript infer in enterprise TypeScript projects in production applications?,typescript
What is the cleanest type-safe pattern for resolving module resolution errors when using baseUrl and paths in tsconfig.json in enterprise TypeScript projects in production applications?,typescript
What is the cleanest type-safe pattern for typing dynamic event emitter maps with strongly typed payload arguments in enterprise TypeScript projects in production applications?,typescript
What is the cleanest type-safe pattern for preventing circular type definition references in deeply nested JSON schemas in enterprise TypeScript projects in production applications?,typescript
What is the cleanest type-safe pattern for using branded types (nominal typing) to differentiate between user IDs and order IDs in enterprise TypeScript projects in production applications?,typescript
What is the cleanest type-safe pattern for configuring project references in a large TypeScript monorepo with composite projects in enterprise TypeScript projects in production applications?,typescript
What is the cleanest type-safe pattern for typing higher-order React components while preserving generic prop inference in enterprise TypeScript projects in production applications?,typescript
What is the cleanest type-safe pattern for managing strict function variance and contravariance in callback parameter types in enterprise TypeScript projects in production applications?,typescript
How do you leverage advanced generic utilities when typing generic React form components with dynamic schema validation in TypeScript in production applications?,typescript
How do you leverage advanced generic utilities when creating template literal types to validate formatted string patterns like CSS color codes in TypeScript in production applications?,typescript
How do you leverage advanced generic utilities when handling type safety across boundary validation using Zod and TypeScript infer in TypeScript in production applications?,typescript
How do you leverage advanced generic utilities when resolving module resolution errors when using baseUrl and paths in tsconfig.json in TypeScript in production applications?,typescript
How do you leverage advanced generic utilities when typing dynamic event emitter maps with strongly typed payload arguments in TypeScript in production applications?,typescript
How do you leverage advanced generic utilities when preventing circular type definition references in deeply nested JSON schemas in TypeScript in production applications?,typescript
How do you leverage advanced generic utilities when using branded types (nominal typing) to differentiate between user IDs and order IDs in TypeScript in production applications?,typescript
How do you leverage advanced generic utilities when configuring project references in a large TypeScript monorepo with composite projects in TypeScript in production applications?,typescript
How do you leverage advanced generic utilities when typing higher-order React components while preserving generic prop inference in TypeScript in production applications?,typescript
How do you leverage advanced generic utilities when managing strict function variance and contravariance in callback parameter types in TypeScript in production applications?,typescript
What causes type inference to break down when typing generic React form components with dynamic schema validation in TypeScript codebases in production applications?,typescript
What causes type inference to break down when creating template literal types to validate formatted string patterns like CSS color codes in TypeScript codebases in production applications?,typescript
What causes type inference to break down when handling type safety across boundary validation using Zod and TypeScript infer in TypeScript codebases in production applications?,typescript
What causes type inference to break down when resolving module resolution errors when using baseUrl and paths in tsconfig.json in TypeScript codebases in production applications?,typescript
What causes type inference to break down when typing dynamic event emitter maps with strongly typed payload arguments in TypeScript codebases in production applications?,typescript
What causes type inference to break down when preventing circular type definition references in deeply nested JSON schemas in TypeScript codebases in production applications?,typescript
What causes type inference to break down when using branded types (nominal typing) to differentiate between user IDs and order IDs in TypeScript codebases in production applications?,typescript
What causes type inference to break down when configuring project references in a large TypeScript monorepo with composite projects in TypeScript codebases in production applications?,typescript
What causes type inference to break down when typing higher-order React components while preserving generic prop inference in TypeScript codebases in production applications?,typescript
What causes type inference to break down when managing strict function variance and contravariance in callback parameter types in TypeScript codebases in production applications?,typescript
How do you write custom type guards and utility types when typing generic React form components with dynamic schema validation in TypeScript in production applications?,typescript
How do you write custom type guards and utility types when creating template literal types to validate formatted string patterns like CSS color codes in TypeScript in production applications?,typescript
How do you write custom type guards and utility types when handling type safety across boundary validation using Zod and TypeScript infer in TypeScript in production applications?,typescript
How do you write custom type guards and utility types when resolving module resolution errors when using baseUrl and paths in tsconfig.json in TypeScript in production applications?,typescript
How do you write custom type guards and utility types when typing dynamic event emitter maps with strongly typed payload arguments in TypeScript in production applications?,typescript
How do you write custom type guards and utility types when preventing circular type definition references in deeply nested JSON schemas in TypeScript in production applications?,typescript
How do you write custom type guards and utility types when using branded types (nominal typing) to differentiate between user IDs and order IDs in TypeScript in production applications?,typescript
How do you write custom type guards and utility types when configuring project references in a large TypeScript monorepo with composite projects in TypeScript in production applications?,typescript
How do you write custom type guards and utility types when typing higher-order React components while preserving generic prop inference in TypeScript in production applications?,typescript
How do you write custom type guards and utility types when managing strict function variance and contravariance in callback parameter types in TypeScript in production applications?,typescript
How do you fix the hydration mismatch error caused by rendering `localStorage` data directly in a Next.js Server Component?,next.js
Why is Next.js re-fetching data on every route transition despite setting `revalidate: 3600` in the fetch options?,next.js
How do you pass server-side authentication cookies to downstream API requests inside Next.js Route Handlers?,next.js
Why does using `window` or `document` inside a Next.js component throw a 'ReferenceError: window is not defined' during build?,next.js
How do you mark a component as a Client Component in Next.js App Router using the `'use client'` directive?,next.js
Why does importing a client component with `'use client'` convert all its imported child components into client components?,next.js
How do you stream dynamic UI parts in Next.js using `loading.js` and React `Suspense` boundaries?,next.js
Why does `next/image` fail to load external image URLs without declaring allowed hostnames in `next.config.js`?,next.js
How do you execute database mutations using Next.js Server Actions with optimistic UI updates?,next.js
Why does `router.push` in Next.js Client Components fail to re-fetch Server Component layout data by default?,next.js
How do you implement internationalized routing (i18n) using Next.js App Router middleware?,next.js
Why does `generateStaticParams` fail if dynamic route segments return undefined or non-string values?,next.js
How do you share persistent state across route transitions in Next.js without resetting layout component state?,next.js
Why does setting `export const dynamic = 'force-dynamic'` disable full-route caching in Next.js App Router?,next.js
How do you handle private file uploads directly to AWS S3 from Next.js Server Actions using presigned URLs?,next.js
Why does Next.js middleware run only on the Edge runtime and restrict access to Node.js native modules like `fs`?,next.js
How do you revalidate cached static pages on-demand using `revalidatePath` and `revalidateTag` in Next.js?,next.js
Why does Next.js font optimization with `next/font/google` throw an error during offline or air-gapped Docker builds?,next.js
How do you implement secure authentication session checks inside Next.js App Router middleware?,next.js
Why does reading `searchParams` in a Next.js Server Component opt the entire route into dynamic server-side rendering?,next.js
How do you configure custom HTTP security headers like Content Security Policy inside `next.config.js`?,next.js
Why does Next.js hot module replacement (HMR) lose component state when saving files with named export conflicts?,next.js
How do you create dynamic OpenGraph social preview images programmatically in Next.js using `@vercel/og`?,next.js
Why does an uncaught server error inside a Next.js Server Action result in a generic obfuscated error on the client?,next.js
How do you deploy a Next.js standalone output build inside a multi-stage Docker container efficiently?,next.js
Why does `cookies()` in Next.js App Router throw an error if called inside a static route generator?,next.js
How do you intercept routes in Next.js to display modal dialogs with shareable URLs using parallel routes?,next.js
Why does `next/link` prefetching increase server request traffic substantially in production deployments?,next.js
How do you handle global application errors using `global-error.js` inside the Next.js app directory?,next.js
Why does `redirect()` inside a try-catch block in Next.js App Router get caught as a NEXT_REDIRECT exception?,next.js
How do you resolve issues when caching third-party REST API responses using the extended fetch cache in Next.js App Router in Next.js App Router applications?,next.js
How do you resolve issues when managing progressive form enhancement with Server Actions and useActionState in Next.js App Router applications?,next.js
How do you resolve issues when optimizing large bundle sizes caused by importing heavy server packages into client component trees in Next.js App Router applications?,next.js
How do you resolve issues when handling real-time WebSocket connections alongside Next.js Server Components in Next.js App Router applications?,next.js
How do you resolve issues when debugging memory leaks in long-running Next.js custom Node server instances in Next.js App Router applications?,next.js
How do you resolve issues when implementing multi-tenant subdomains using Next.js middleware rewrite rules in Next.js App Router applications?,next.js
How do you resolve issues when handling static asset caching and CDN invalidation on custom Next.js deployments in Next.js App Router applications?,next.js
How do you resolve issues when passing sensitive environment variables to Server Components without leaking them to the client bundle in Next.js App Router applications?,next.js
How do you resolve issues when handling authentication token refresh rotation inside Next.js App Router route handlers in Next.js App Router applications?,next.js
How do you resolve issues when configuring parallel and intercepted routes for complex multi-pane dashboard layouts in Next.js App Router applications?,next.js
Why does caching third-party REST API responses using the extended fetch cache in Next.js App Router cause unexpected hydration or rendering errors in Next.js?,next.js
Why does managing progressive form enhancement with Server Actions and useActionState cause unexpected hydration or rendering errors in Next.js?,next.js
Why does optimizing large bundle sizes caused by importing heavy server packages into client component trees cause unexpected hydration or rendering errors in Next.js?,next.js
Why does handling real-time WebSocket connections alongside Next.js Server Components cause unexpected hydration or rendering errors in Next.js?,next.js
Why does debugging memory leaks in long-running Next.js custom Node server instances cause unexpected hydration or rendering errors in Next.js?,next.js
Why does implementing multi-tenant subdomains using Next.js middleware rewrite rules cause unexpected hydration or rendering errors in Next.js?,next.js
Why does handling static asset caching and CDN invalidation on custom Next.js deployments cause unexpected hydration or rendering errors in Next.js?,next.js
Why does passing sensitive environment variables to Server Components without leaking them to the client bundle cause unexpected hydration or rendering errors in Next.js?,next.js
Why does handling authentication token refresh rotation inside Next.js App Router route handlers cause unexpected hydration or rendering errors in Next.js?,next.js
Why does configuring parallel and intercepted routes for complex multi-pane dashboard layouts cause unexpected hydration or rendering errors in Next.js?,next.js
What is the recommended architectural pattern for caching third-party REST API responses using the extended fetch cache in Next.js App Router in modern Next.js?,next.js
What is the recommended architectural pattern for managing progressive form enhancement with Server Actions and useActionState in modern Next.js?,next.js
What is the recommended architectural pattern for optimizing large bundle sizes caused by importing heavy server packages into client component trees in modern Next.js?,next.js
What is the recommended architectural pattern for handling real-time WebSocket connections alongside Next.js Server Components in modern Next.js?,next.js
What is the recommended architectural pattern for debugging memory leaks in long-running Next.js custom Node server instances in modern Next.js?,next.js
What is the recommended architectural pattern for implementing multi-tenant subdomains using Next.js middleware rewrite rules in modern Next.js?,next.js
What is the recommended architectural pattern for handling static asset caching and CDN invalidation on custom Next.js deployments in modern Next.js?,next.js
What is the recommended architectural pattern for passing sensitive environment variables to Server Components without leaking them to the client bundle in modern Next.js?,next.js
What is the recommended architectural pattern for handling authentication token refresh rotation inside Next.js App Router route handlers in modern Next.js?,next.js
What is the recommended architectural pattern for configuring parallel and intercepted routes for complex multi-pane dashboard layouts in modern Next.js?,next.js
How do you optimize server-side performance when caching third-party REST API responses using the extended fetch cache in Next.js App Router in Next.js deployments?,next.js
How do you optimize server-side performance when managing progressive form enhancement with Server Actions and useActionState in Next.js deployments?,next.js
How do you optimize server-side performance when optimizing large bundle sizes caused by importing heavy server packages into client component trees in Next.js deployments?,next.js
How do you optimize server-side performance when handling real-time WebSocket connections alongside Next.js Server Components in Next.js deployments?,next.js
How do you optimize server-side performance when debugging memory leaks in long-running Next.js custom Node server instances in Next.js deployments?,next.js
How do you optimize server-side performance when implementing multi-tenant subdomains using Next.js middleware rewrite rules in Next.js deployments?,next.js
How do you optimize server-side performance when handling static asset caching and CDN invalidation on custom Next.js deployments in Next.js deployments?,next.js
How do you optimize server-side performance when passing sensitive environment variables to Server Components without leaking them to the client bundle in Next.js deployments?,next.js
How do you optimize server-side performance when handling authentication token refresh rotation inside Next.js App Router route handlers in Next.js deployments?,next.js
How do you optimize server-side performance when configuring parallel and intercepted routes for complex multi-pane dashboard layouts in Next.js deployments?,next.js
What causes build failures and routing glitches when caching third-party REST API responses using the extended fetch cache in Next.js App Router in Next.js?,next.js
What causes build failures and routing glitches when managing progressive form enhancement with Server Actions and useActionState in Next.js?,next.js
What causes build failures and routing glitches when optimizing large bundle sizes caused by importing heavy server packages into client component trees in Next.js?,next.js
What causes build failures and routing glitches when handling real-time WebSocket connections alongside Next.js Server Components in Next.js?,next.js
What causes build failures and routing glitches when debugging memory leaks in long-running Next.js custom Node server instances in Next.js?,next.js
What causes build failures and routing glitches when implementing multi-tenant subdomains using Next.js middleware rewrite rules in Next.js?,next.js
What causes build failures and routing glitches when handling static asset caching and CDN invalidation on custom Next.js deployments in Next.js?,next.js
What causes build failures and routing glitches when passing sensitive environment variables to Server Components without leaking them to the client bundle in Next.js?,next.js
What causes build failures and routing glitches when handling authentication token refresh rotation inside Next.js App Router route handlers in Next.js?,next.js
What causes build failures and routing glitches when configuring parallel and intercepted routes for complex multi-pane dashboard layouts in Next.js?,next.js
How do you properly structure Server and Client components when caching third-party REST API responses using the extended fetch cache in Next.js App Router in Next.js?,next.js
How do you properly structure Server and Client components when managing progressive form enhancement with Server Actions and useActionState in Next.js?,next.js
How do you properly structure Server and Client components when optimizing large bundle sizes caused by importing heavy server packages into client component trees in Next.js?,next.js
How do you properly structure Server and Client components when handling real-time WebSocket connections alongside Next.js Server Components in Next.js?,next.js
How do you properly structure Server and Client components when debugging memory leaks in long-running Next.js custom Node server instances in Next.js?,next.js
How do you properly structure Server and Client components when implementing multi-tenant subdomains using Next.js middleware rewrite rules in Next.js?,next.js
How do you properly structure Server and Client components when handling static asset caching and CDN invalidation on custom Next.js deployments in Next.js?,next.js
How do you properly structure Server and Client components when passing sensitive environment variables to Server Components without leaking them to the client bundle in Next.js?,next.js
How do you properly structure Server and Client components when handling authentication token refresh rotation inside Next.js App Router route handlers in Next.js?,next.js
How do you properly structure Server and Client components when configuring parallel and intercepted routes for complex multi-pane dashboard layouts in Next.js?,next.js
How do you resolve issues when caching third-party REST API responses using the extended fetch cache in Next.js App Router in Next.js App Router applications in production applications?,next.js
How do you resolve issues when managing progressive form enhancement with Server Actions and useActionState in Next.js App Router applications in production applications?,next.js
How do you resolve issues when optimizing large bundle sizes caused by importing heavy server packages into client component trees in Next.js App Router applications in production applications?,next.js
How do you resolve issues when handling real-time WebSocket connections alongside Next.js Server Components in Next.js App Router applications in production applications?,next.js
How do you resolve issues when debugging memory leaks in long-running Next.js custom Node server instances in Next.js App Router applications in production applications?,next.js
How do you resolve issues when implementing multi-tenant subdomains using Next.js middleware rewrite rules in Next.js App Router applications in production applications?,next.js
How do you resolve issues when handling static asset caching and CDN invalidation on custom Next.js deployments in Next.js App Router applications in production applications?,next.js
How do you resolve issues when passing sensitive environment variables to Server Components without leaking them to the client bundle in Next.js App Router applications in production applications?,next.js
How do you resolve issues when handling authentication token refresh rotation inside Next.js App Router route handlers in Next.js App Router applications in production applications?,next.js
How do you resolve issues when configuring parallel and intercepted routes for complex multi-pane dashboard layouts in Next.js App Router applications in production applications?,next.js
Why does caching third-party REST API responses using the extended fetch cache in Next.js App Router cause unexpected hydration or rendering errors in Next.js in production applications?,next.js
Why does managing progressive form enhancement with Server Actions and useActionState cause unexpected hydration or rendering errors in Next.js in production applications?,next.js
Why does optimizing large bundle sizes caused by importing heavy server packages into client component trees cause unexpected hydration or rendering errors in Next.js in production applications?,next.js
Why does handling real-time WebSocket connections alongside Next.js Server Components cause unexpected hydration or rendering errors in Next.js in production applications?,next.js
Why does debugging memory leaks in long-running Next.js custom Node server instances cause unexpected hydration or rendering errors in Next.js in production applications?,next.js
Why does implementing multi-tenant subdomains using Next.js middleware rewrite rules cause unexpected hydration or rendering errors in Next.js in production applications?,next.js
Why does handling static asset caching and CDN invalidation on custom Next.js deployments cause unexpected hydration or rendering errors in Next.js in production applications?,next.js
Why does passing sensitive environment variables to Server Components without leaking them to the client bundle cause unexpected hydration or rendering errors in Next.js in production applications?,next.js
Why does handling authentication token refresh rotation inside Next.js App Router route handlers cause unexpected hydration or rendering errors in Next.js in production applications?,next.js
Why does configuring parallel and intercepted routes for complex multi-pane dashboard layouts cause unexpected hydration or rendering errors in Next.js in production applications?,next.js
What is the recommended architectural pattern for caching third-party REST API responses using the extended fetch cache in Next.js App Router in modern Next.js in production applications?,next.js
What is the recommended architectural pattern for managing progressive form enhancement with Server Actions and useActionState in modern Next.js in production applications?,next.js
What is the recommended architectural pattern for optimizing large bundle sizes caused by importing heavy server packages into client component trees in modern Next.js in production applications?,next.js
What is the recommended architectural pattern for handling real-time WebSocket connections alongside Next.js Server Components in modern Next.js in production applications?,next.js
What is the recommended architectural pattern for debugging memory leaks in long-running Next.js custom Node server instances in modern Next.js in production applications?,next.js
What is the recommended architectural pattern for implementing multi-tenant subdomains using Next.js middleware rewrite rules in modern Next.js in production applications?,next.js
What is the recommended architectural pattern for handling static asset caching and CDN invalidation on custom Next.js deployments in modern Next.js in production applications?,next.js
What is the recommended architectural pattern for passing sensitive environment variables to Server Components without leaking them to the client bundle in modern Next.js in production applications?,next.js
What is the recommended architectural pattern for handling authentication token refresh rotation inside Next.js App Router route handlers in modern Next.js in production applications?,next.js
What is the recommended architectural pattern for configuring parallel and intercepted routes for complex multi-pane dashboard layouts in modern Next.js in production applications?,next.js
How do you optimize server-side performance when caching third-party REST API responses using the extended fetch cache in Next.js App Router in Next.js deployments in production applications?,next.js
How do you optimize server-side performance when managing progressive form enhancement with Server Actions and useActionState in Next.js deployments in production applications?,next.js
How do you optimize server-side performance when optimizing large bundle sizes caused by importing heavy server packages into client component trees in Next.js deployments in production applications?,next.js
How do you optimize server-side performance when handling real-time WebSocket connections alongside Next.js Server Components in Next.js deployments in production applications?,next.js
How do you optimize server-side performance when debugging memory leaks in long-running Next.js custom Node server instances in Next.js deployments in production applications?,next.js
How do you optimize server-side performance when implementing multi-tenant subdomains using Next.js middleware rewrite rules in Next.js deployments in production applications?,next.js
How do you optimize server-side performance when handling static asset caching and CDN invalidation on custom Next.js deployments in Next.js deployments in production applications?,next.js
How do you optimize server-side performance when passing sensitive environment variables to Server Components without leaking them to the client bundle in Next.js deployments in production applications?,next.js
How do you optimize server-side performance when handling authentication token refresh rotation inside Next.js App Router route handlers in Next.js deployments in production applications?,next.js
How do you optimize server-side performance when configuring parallel and intercepted routes for complex multi-pane dashboard layouts in Next.js deployments in production applications?,next.js
What causes build failures and routing glitches when caching third-party REST API responses using the extended fetch cache in Next.js App Router in Next.js in production applications?,next.js
What causes build failures and routing glitches when managing progressive form enhancement with Server Actions and useActionState in Next.js in production applications?,next.js
What causes build failures and routing glitches when optimizing large bundle sizes caused by importing heavy server packages into client component trees in Next.js in production applications?,next.js
What causes build failures and routing glitches when handling real-time WebSocket connections alongside Next.js Server Components in Next.js in production applications?,next.js
What causes build failures and routing glitches when debugging memory leaks in long-running Next.js custom Node server instances in Next.js in production applications?,next.js
What causes build failures and routing glitches when implementing multi-tenant subdomains using Next.js middleware rewrite rules in Next.js in production applications?,next.js
What causes build failures and routing glitches when handling static asset caching and CDN invalidation on custom Next.js deployments in Next.js in production applications?,next.js
What causes build failures and routing glitches when passing sensitive environment variables to Server Components without leaking them to the client bundle in Next.js in production applications?,next.js
What causes build failures and routing glitches when handling authentication token refresh rotation inside Next.js App Router route handlers in Next.js in production applications?,next.js
What causes build failures and routing glitches when configuring parallel and intercepted routes for complex multi-pane dashboard layouts in Next.js in production applications?,next.js
How do you properly structure Server and Client components when caching third-party REST API responses using the extended fetch cache in Next.js App Router in Next.js in production applications?,next.js
How do you properly structure Server and Client components when managing progressive form enhancement with Server Actions and useActionState in Next.js in production applications?,next.js
How do you properly structure Server and Client components when optimizing large bundle sizes caused by importing heavy server packages into client component trees in Next.js in production applications?,next.js
How do you properly structure Server and Client components when handling real-time WebSocket connections alongside Next.js Server Components in Next.js in production applications?,next.js
How do you properly structure Server and Client components when debugging memory leaks in long-running Next.js custom Node server instances in Next.js in production applications?,next.js
How do you properly structure Server and Client components when implementing multi-tenant subdomains using Next.js middleware rewrite rules in Next.js in production applications?,next.js
How do you properly structure Server and Client components when handling static asset caching and CDN invalidation on custom Next.js deployments in Next.js in production applications?,next.js
How do you properly structure Server and Client components when passing sensitive environment variables to Server Components without leaking them to the client bundle in Next.js in production applications?,next.js
How do you properly structure Server and Client components when handling authentication token refresh rotation inside Next.js App Router route handlers in Next.js in production applications?,next.js
How do you properly structure Server and Client components when configuring parallel and intercepted routes for complex multi-pane dashboard layouts in Next.js in production applications?,next.js
How do you resolve issues when caching third-party REST API responses using the extended fetch cache in Next.js App Router in Next.js App Router applications in production applications?,next.js
How do you resolve issues when managing progressive form enhancement with Server Actions and useActionState in Next.js App Router applications in production applications?,next.js
How do you resolve issues when optimizing large bundle sizes caused by importing heavy server packages into client component trees in Next.js App Router applications in production applications?,next.js
How do you resolve issues when handling real-time WebSocket connections alongside Next.js Server Components in Next.js App Router applications in production applications?,next.js
How do you resolve issues when debugging memory leaks in long-running Next.js custom Node server instances in Next.js App Router applications in production applications?,next.js
How do you resolve issues when implementing multi-tenant subdomains using Next.js middleware rewrite rules in Next.js App Router applications in production applications?,next.js
How do you resolve issues when handling static asset caching and CDN invalidation on custom Next.js deployments in Next.js App Router applications in production applications?,next.js
How do you resolve issues when passing sensitive environment variables to Server Components without leaking them to the client bundle in Next.js App Router applications in production applications?,next.js
How do you resolve issues when handling authentication token refresh rotation inside Next.js App Router route handlers in Next.js App Router applications in production applications?,next.js
How do you resolve issues when configuring parallel and intercepted routes for complex multi-pane dashboard layouts in Next.js App Router applications in production applications?,next.js
Why does caching third-party REST API responses using the extended fetch cache in Next.js App Router cause unexpected hydration or rendering errors in Next.js in production applications?,next.js
Why does managing progressive form enhancement with Server Actions and useActionState cause unexpected hydration or rendering errors in Next.js in production applications?,next.js
Why does optimizing large bundle sizes caused by importing heavy server packages into client component trees cause unexpected hydration or rendering errors in Next.js in production applications?,next.js
Why does handling real-time WebSocket connections alongside Next.js Server Components cause unexpected hydration or rendering errors in Next.js in production applications?,next.js
Why does debugging memory leaks in long-running Next.js custom Node server instances cause unexpected hydration or rendering errors in Next.js in production applications?,next.js
Why does implementing multi-tenant subdomains using Next.js middleware rewrite rules cause unexpected hydration or rendering errors in Next.js in production applications?,next.js
Why does handling static asset caching and CDN invalidation on custom Next.js deployments cause unexpected hydration or rendering errors in Next.js in production applications?,next.js
Why does passing sensitive environment variables to Server Components without leaking them to the client bundle cause unexpected hydration or rendering errors in Next.js in production applications?,next.js
Why does handling authentication token refresh rotation inside Next.js App Router route handlers cause unexpected hydration or rendering errors in Next.js in production applications?,next.js
Why does configuring parallel and intercepted routes for complex multi-pane dashboard layouts cause unexpected hydration or rendering errors in Next.js in production applications?,next.js
What is the recommended architectural pattern for caching third-party REST API responses using the extended fetch cache in Next.js App Router in modern Next.js in production applications?,next.js
What is the recommended architectural pattern for managing progressive form enhancement with Server Actions and useActionState in modern Next.js in production applications?,next.js
What is the recommended architectural pattern for optimizing large bundle sizes caused by importing heavy server packages into client component trees in modern Next.js in production applications?,next.js
What is the recommended architectural pattern for handling real-time WebSocket connections alongside Next.js Server Components in modern Next.js in production applications?,next.js
What is the recommended architectural pattern for debugging memory leaks in long-running Next.js custom Node server instances in modern Next.js in production applications?,next.js
What is the recommended architectural pattern for implementing multi-tenant subdomains using Next.js middleware rewrite rules in modern Next.js in production applications?,next.js
What is the recommended architectural pattern for handling static asset caching and CDN invalidation on custom Next.js deployments in modern Next.js in production applications?,next.js
What is the recommended architectural pattern for passing sensitive environment variables to Server Components without leaking them to the client bundle in modern Next.js in production applications?,next.js
What is the recommended architectural pattern for handling authentication token refresh rotation inside Next.js App Router route handlers in modern Next.js in production applications?,next.js
What is the recommended architectural pattern for configuring parallel and intercepted routes for complex multi-pane dashboard layouts in modern Next.js in production applications?,next.js
How do you optimize server-side performance when caching third-party REST API responses using the extended fetch cache in Next.js App Router in Next.js deployments in production applications?,next.js
How do you optimize server-side performance when managing progressive form enhancement with Server Actions and useActionState in Next.js deployments in production applications?,next.js
How do you optimize server-side performance when optimizing large bundle sizes caused by importing heavy server packages into client component trees in Next.js deployments in production applications?,next.js
How do you optimize server-side performance when handling real-time WebSocket connections alongside Next.js Server Components in Next.js deployments in production applications?,next.js
How do you optimize server-side performance when debugging memory leaks in long-running Next.js custom Node server instances in Next.js deployments in production applications?,next.js
How do you optimize server-side performance when implementing multi-tenant subdomains using Next.js middleware rewrite rules in Next.js deployments in production applications?,next.js
How do you optimize server-side performance when handling static asset caching and CDN invalidation on custom Next.js deployments in Next.js deployments in production applications?,next.js
How do you optimize server-side performance when passing sensitive environment variables to Server Components without leaking them to the client bundle in Next.js deployments in production applications?,next.js
How do you optimize server-side performance when handling authentication token refresh rotation inside Next.js App Router route handlers in Next.js deployments in production applications?,next.js
How do you optimize server-side performance when configuring parallel and intercepted routes for complex multi-pane dashboard layouts in Next.js deployments in production applications?,next.js
What causes build failures and routing glitches when caching third-party REST API responses using the extended fetch cache in Next.js App Router in Next.js in production applications?,next.js
What causes build failures and routing glitches when managing progressive form enhancement with Server Actions and useActionState in Next.js in production applications?,next.js
What causes build failures and routing glitches when optimizing large bundle sizes caused by importing heavy server packages into client component trees in Next.js in production applications?,next.js
What causes build failures and routing glitches when handling real-time WebSocket connections alongside Next.js Server Components in Next.js in production applications?,next.js
What causes build failures and routing glitches when debugging memory leaks in long-running Next.js custom Node server instances in Next.js in production applications?,next.js
What causes build failures and routing glitches when implementing multi-tenant subdomains using Next.js middleware rewrite rules in Next.js in production applications?,next.js
What causes build failures and routing glitches when handling static asset caching and CDN invalidation on custom Next.js deployments in Next.js in production applications?,next.js
What causes build failures and routing glitches when passing sensitive environment variables to Server Components without leaking them to the client bundle in Next.js in production applications?,next.js
What causes build failures and routing glitches when handling authentication token refresh rotation inside Next.js App Router route handlers in Next.js in production applications?,next.js
What causes build failures and routing glitches when configuring parallel and intercepted routes for complex multi-pane dashboard layouts in Next.js in production applications?,next.js
How do you prevent Express middleware from hanging the request when an uncaught error occurs inside an async handler?,express.js
Why are incoming JSON payloads parsed as `undefined` when making a `POST` request to an Express route?,express.js
How do you handle Cross-Origin Resource Sharing (CORS) preflight `OPTIONS` requests properly in Express.js?,express.js
Why does calling `next(err)` bypass all regular middleware and jump directly to error-handling middleware?,express.js
How do you structure an Express application using `express.Router` for modular route versioning?,express.js
Why does `res.send()` throw an 'ERR_HTTP_HEADERS_SENT' error when called multiple times in a single request lifecycle?,express.js
How do you handle file uploads in Express using `multer` while validating file size and MIME type restrictions?,express.js
Why does Express's built-in `express.urlencoded` fail to parse nested multipart form objects without special parser flags?,express.js
How do you set secure HTTP-only cookies in Express using `cookie-parser` and `res.cookie`?,express.js
Why does an error inside a Promise callback inside an Express 4 route crash the server process instead of returning a 500 error?,express.js
How do you implement IP-based rate limiting on sensitive Express authentication endpoints using `express-rate-limit`?,express.js
Why does modifying `req.params` inside a middleware fail to persist to subsequent matched route handlers?,express.js
How do you sanitize user inputs in Express against NoSQL injection and Cross-Site Scripting (XSS) attacks?,express.js
Why does `express.static` serve files with incorrect caching headers if `maxAge` is not explicitly configured?,express.js
How do you authenticate protected Express routes using JSON Web Tokens (JWT) inside an authorization middleware?,express.js
Why does the order of middleware declaration in Express determine whether request logging or body parsing happens first?,express.js
How do you compress HTTP response bodies in Express using the `compression` middleware?,express.js
Why does `req.ip` return `127.0.0.1` when your Express application runs behind an Nginx reverse proxy?,express.js
"How do you configure Express behind a reverse proxy using `app.set('trust proxy', 1)` to capture the client's real IP?",express.js
"Why does `app.use('/api', ...)` execute for all sub-paths while `app.get('/api', ...)` matches only exact GET requests?",express.js
How do you implement server-sent events (SSE) in Express to push real-time updates to the browser?,express.js
Why does Express fail to catch synchronous exceptions thrown inside external event listener callbacks?,express.js
How do you validate request query parameters and body schemas using `express-validator` or `zod` middleware?,express.js
Why does `res.redirect` fail to redirect AJAX fetch requests from single-page frontend applications?,express.js
How do you create custom HTTP request logging middleware in Express using `morgan` and `winston`?,express.js
Why does `res.json()` convert `undefined` object properties to omitted keys during response serialization?,express.js
How do you handle graceful connection draining in an Express HTTP server during zero-downtime rolling updates?,express.js
Why does `app.all()` match all HTTP verbs for a specific route while wildcard routes match arbitrary URL patterns?,express.js
How do you secure Express applications against common web vulnerabilities using the `helmet` middleware suite?,express.js
Why does an uncaught asynchronous error in Express 5 get handled automatically while Express 4 requires wrapper functions?,express.js
How do you solve issues when managing session persistence across clustered Express instances using Redis store in Express.js backend services?,express.js
How do you solve issues when handling large streaming file downloads in Express without running out of server RAM in Express.js backend services?,express.js
How do you solve issues when implementing role-based access control (RBAC) middleware across nested Express routers in Express.js backend services?,express.js
How do you solve issues when handling timeout management for slow downstream API calls in Express middleware in Express.js backend services?,express.js
How do you solve issues when preventing parameter pollution attacks on Express query parameters with hpp middleware in Express.js backend services?,express.js
How do you solve issues when validating webhook HMAC signatures in raw unparsed body payloads in Express in Express.js backend services?,express.js
How do you solve issues when logging distributed correlation IDs across Express request lifecycles using async_hooks in Express.js backend services?,express.js
How do you solve issues when handling automated response caching for idempotent GET routes using memory cache middleware in Express.js backend services?,express.js
How do you solve issues when debugging slow middleware execution pipelines in Express using execution timers in Express.js backend services?,express.js
How do you solve issues when configuring secure HTTPS certificates and TLS parameters natively inside Express applications in Express.js backend services?,express.js
Why does managing session persistence across clustered Express instances using Redis store cause unexpected request drops or server errors in Express?,express.js
Why does handling large streaming file downloads in Express without running out of server RAM cause unexpected request drops or server errors in Express?,express.js
Why does implementing role-based access control (RBAC) middleware across nested Express routers cause unexpected request drops or server errors in Express?,express.js
Why does handling timeout management for slow downstream API calls in Express middleware cause unexpected request drops or server errors in Express?,express.js
Why does preventing parameter pollution attacks on Express query parameters with hpp middleware cause unexpected request drops or server errors in Express?,express.js
Why does validating webhook HMAC signatures in raw unparsed body payloads in Express cause unexpected request drops or server errors in Express?,express.js
Why does logging distributed correlation IDs across Express request lifecycles using async_hooks cause unexpected request drops or server errors in Express?,express.js
Why does handling automated response caching for idempotent GET routes using memory cache middleware cause unexpected request drops or server errors in Express?,express.js
Why does debugging slow middleware execution pipelines in Express using execution timers cause unexpected request drops or server errors in Express?,express.js
Why does configuring secure HTTPS certificates and TLS parameters natively inside Express applications cause unexpected request drops or server errors in Express?,express.js
What is the recommended middleware approach for managing session persistence across clustered Express instances using Redis store in Express.js?,express.js
What is the recommended middleware approach for handling large streaming file downloads in Express without running out of server RAM in Express.js?,express.js
What is the recommended middleware approach for implementing role-based access control (RBAC) middleware across nested Express routers in Express.js?,express.js
What is the recommended middleware approach for handling timeout management for slow downstream API calls in Express middleware in Express.js?,express.js
What is the recommended middleware approach for preventing parameter pollution attacks on Express query parameters with hpp middleware in Express.js?,express.js
What is the recommended middleware approach for validating webhook HMAC signatures in raw unparsed body payloads in Express in Express.js?,express.js
What is the recommended middleware approach for logging distributed correlation IDs across Express request lifecycles using async_hooks in Express.js?,express.js
What is the recommended middleware approach for handling automated response caching for idempotent GET routes using memory cache middleware in Express.js?,express.js
What is the recommended middleware approach for debugging slow middleware execution pipelines in Express using execution timers in Express.js?,express.js
What is the recommended middleware approach for configuring secure HTTPS certificates and TLS parameters natively inside Express applications in Express.js?,express.js
How do you optimize API throughput when managing session persistence across clustered Express instances using Redis store in Express.js servers?,express.js
How do you optimize API throughput when handling large streaming file downloads in Express without running out of server RAM in Express.js servers?,express.js
How do you optimize API throughput when implementing role-based access control (RBAC) middleware across nested Express routers in Express.js servers?,express.js
How do you optimize API throughput when handling timeout management for slow downstream API calls in Express middleware in Express.js servers?,express.js
How do you optimize API throughput when preventing parameter pollution attacks on Express query parameters with hpp middleware in Express.js servers?,express.js
How do you optimize API throughput when validating webhook HMAC signatures in raw unparsed body payloads in Express in Express.js servers?,express.js
How do you optimize API throughput when logging distributed correlation IDs across Express request lifecycles using async_hooks in Express.js servers?,express.js
How do you optimize API throughput when handling automated response caching for idempotent GET routes using memory cache middleware in Express.js servers?,express.js
How do you optimize API throughput when debugging slow middleware execution pipelines in Express using execution timers in Express.js servers?,express.js
How do you optimize API throughput when configuring secure HTTPS certificates and TLS parameters natively inside Express applications in Express.js servers?,express.js
What causes security vulnerabilities or memory bloat when managing session persistence across clustered Express instances using Redis store in Express?,express.js
What causes security vulnerabilities or memory bloat when handling large streaming file downloads in Express without running out of server RAM in Express?,express.js
What causes security vulnerabilities or memory bloat when implementing role-based access control (RBAC) middleware across nested Express routers in Express?,express.js
What causes security vulnerabilities or memory bloat when handling timeout management for slow downstream API calls in Express middleware in Express?,express.js
What causes security vulnerabilities or memory bloat when preventing parameter pollution attacks on Express query parameters with hpp middleware in Express?,express.js
What causes security vulnerabilities or memory bloat when validating webhook HMAC signatures in raw unparsed body payloads in Express in Express?,express.js
What causes security vulnerabilities or memory bloat when logging distributed correlation IDs across Express request lifecycles using async_hooks in Express?,express.js
What causes security vulnerabilities or memory bloat when handling automated response caching for idempotent GET routes using memory cache middleware in Express?,express.js
What causes security vulnerabilities or memory bloat when debugging slow middleware execution pipelines in Express using execution timers in Express?,express.js
What causes security vulnerabilities or memory bloat when configuring secure HTTPS certificates and TLS parameters natively inside Express applications in Express?,express.js
How do you structure custom middleware handlers when managing session persistence across clustered Express instances using Redis store in Express applications?,express.js
How do you structure custom middleware handlers when handling large streaming file downloads in Express without running out of server RAM in Express applications?,express.js
How do you structure custom middleware handlers when implementing role-based access control (RBAC) middleware across nested Express routers in Express applications?,express.js
How do you structure custom middleware handlers when handling timeout management for slow downstream API calls in Express middleware in Express applications?,express.js
How do you structure custom middleware handlers when preventing parameter pollution attacks on Express query parameters with hpp middleware in Express applications?,express.js
How do you structure custom middleware handlers when validating webhook HMAC signatures in raw unparsed body payloads in Express in Express applications?,express.js
How do you structure custom middleware handlers when logging distributed correlation IDs across Express request lifecycles using async_hooks in Express applications?,express.js
How do you structure custom middleware handlers when handling automated response caching for idempotent GET routes using memory cache middleware in Express applications?,express.js
How do you structure custom middleware handlers when debugging slow middleware execution pipelines in Express using execution timers in Express applications?,express.js
How do you structure custom middleware handlers when configuring secure HTTPS certificates and TLS parameters natively inside Express applications in Express applications?,express.js
How do you solve issues when managing session persistence across clustered Express instances using Redis store in Express.js backend services in production applications?,express.js
How do you solve issues when handling large streaming file downloads in Express without running out of server RAM in Express.js backend services in production applications?,express.js
How do you solve issues when implementing role-based access control (RBAC) middleware across nested Express routers in Express.js backend services in production applications?,express.js
How do you solve issues when handling timeout management for slow downstream API calls in Express middleware in Express.js backend services in production applications?,express.js
How do you solve issues when preventing parameter pollution attacks on Express query parameters with hpp middleware in Express.js backend services in production applications?,express.js
How do you solve issues when validating webhook HMAC signatures in raw unparsed body payloads in Express in Express.js backend services in production applications?,express.js
How do you solve issues when logging distributed correlation IDs across Express request lifecycles using async_hooks in Express.js backend services in production applications?,express.js
How do you solve issues when handling automated response caching for idempotent GET routes using memory cache middleware in Express.js backend services in production applications?,express.js
How do you solve issues when debugging slow middleware execution pipelines in Express using execution timers in Express.js backend services in production applications?,express.js
How do you solve issues when configuring secure HTTPS certificates and TLS parameters natively inside Express applications in Express.js backend services in production applications?,express.js
Why does managing session persistence across clustered Express instances using Redis store cause unexpected request drops or server errors in Express in production applications?,express.js
Why does handling large streaming file downloads in Express without running out of server RAM cause unexpected request drops or server errors in Express in production applications?,express.js
Why does implementing role-based access control (RBAC) middleware across nested Express routers cause unexpected request drops or server errors in Express in production applications?,express.js
Why does handling timeout management for slow downstream API calls in Express middleware cause unexpected request drops or server errors in Express in production applications?,express.js
Why does preventing parameter pollution attacks on Express query parameters with hpp middleware cause unexpected request drops or server errors in Express in production applications?,express.js
Why does validating webhook HMAC signatures in raw unparsed body payloads in Express cause unexpected request drops or server errors in Express in production applications?,express.js
Why does logging distributed correlation IDs across Express request lifecycles using async_hooks cause unexpected request drops or server errors in Express in production applications?,express.js
Why does handling automated response caching for idempotent GET routes using memory cache middleware cause unexpected request drops or server errors in Express in production applications?,express.js
Why does debugging slow middleware execution pipelines in Express using execution timers cause unexpected request drops or server errors in Express in production applications?,express.js
Why does configuring secure HTTPS certificates and TLS parameters natively inside Express applications cause unexpected request drops or server errors in Express in production applications?,express.js
What is the recommended middleware approach for managing session persistence across clustered Express instances using Redis store in Express.js in production applications?,express.js
What is the recommended middleware approach for handling large streaming file downloads in Express without running out of server RAM in Express.js in production applications?,express.js
What is the recommended middleware approach for implementing role-based access control (RBAC) middleware across nested Express routers in Express.js in production applications?,express.js
What is the recommended middleware approach for handling timeout management for slow downstream API calls in Express middleware in Express.js in production applications?,express.js
What is the recommended middleware approach for preventing parameter pollution attacks on Express query parameters with hpp middleware in Express.js in production applications?,express.js
What is the recommended middleware approach for validating webhook HMAC signatures in raw unparsed body payloads in Express in Express.js in production applications?,express.js
What is the recommended middleware approach for logging distributed correlation IDs across Express request lifecycles using async_hooks in Express.js in production applications?,express.js
What is the recommended middleware approach for handling automated response caching for idempotent GET routes using memory cache middleware in Express.js in production applications?,express.js
What is the recommended middleware approach for debugging slow middleware execution pipelines in Express using execution timers in Express.js in production applications?,express.js
What is the recommended middleware approach for configuring secure HTTPS certificates and TLS parameters natively inside Express applications in Express.js in production applications?,express.js
How do you optimize API throughput when managing session persistence across clustered Express instances using Redis store in Express.js servers in production applications?,express.js
How do you optimize API throughput when handling large streaming file downloads in Express without running out of server RAM in Express.js servers in production applications?,express.js
How do you optimize API throughput when implementing role-based access control (RBAC) middleware across nested Express routers in Express.js servers in production applications?,express.js
How do you optimize API throughput when handling timeout management for slow downstream API calls in Express middleware in Express.js servers in production applications?,express.js
How do you optimize API throughput when preventing parameter pollution attacks on Express query parameters with hpp middleware in Express.js servers in production applications?,express.js
How do you optimize API throughput when validating webhook HMAC signatures in raw unparsed body payloads in Express in Express.js servers in production applications?,express.js
How do you optimize API throughput when logging distributed correlation IDs across Express request lifecycles using async_hooks in Express.js servers in production applications?,express.js
How do you optimize API throughput when handling automated response caching for idempotent GET routes using memory cache middleware in Express.js servers in production applications?,express.js
How do you optimize API throughput when debugging slow middleware execution pipelines in Express using execution timers in Express.js servers in production applications?,express.js
How do you optimize API throughput when configuring secure HTTPS certificates and TLS parameters natively inside Express applications in Express.js servers in production applications?,express.js
What causes security vulnerabilities or memory bloat when managing session persistence across clustered Express instances using Redis store in Express in production applications?,express.js
What causes security vulnerabilities or memory bloat when handling large streaming file downloads in Express without running out of server RAM in Express in production applications?,express.js
What causes security vulnerabilities or memory bloat when implementing role-based access control (RBAC) middleware across nested Express routers in Express in production applications?,express.js
What causes security vulnerabilities or memory bloat when handling timeout management for slow downstream API calls in Express middleware in Express in production applications?,express.js
What causes security vulnerabilities or memory bloat when preventing parameter pollution attacks on Express query parameters with hpp middleware in Express in production applications?,express.js
What causes security vulnerabilities or memory bloat when validating webhook HMAC signatures in raw unparsed body payloads in Express in Express in production applications?,express.js
What causes security vulnerabilities or memory bloat when logging distributed correlation IDs across Express request lifecycles using async_hooks in Express in production applications?,express.js
What causes security vulnerabilities or memory bloat when handling automated response caching for idempotent GET routes using memory cache middleware in Express in production applications?,express.js
What causes security vulnerabilities or memory bloat when debugging slow middleware execution pipelines in Express using execution timers in Express in production applications?,express.js
What causes security vulnerabilities or memory bloat when configuring secure HTTPS certificates and TLS parameters natively inside Express applications in Express in production applications?,express.js
How do you structure custom middleware handlers when managing session persistence across clustered Express instances using Redis store in Express applications in production applications?,express.js
How do you structure custom middleware handlers when handling large streaming file downloads in Express without running out of server RAM in Express applications in production applications?,express.js
How do you structure custom middleware handlers when implementing role-based access control (RBAC) middleware across nested Express routers in Express applications in production applications?,express.js
How do you structure custom middleware handlers when handling timeout management for slow downstream API calls in Express middleware in Express applications in production applications?,express.js
How do you structure custom middleware handlers when preventing parameter pollution attacks on Express query parameters with hpp middleware in Express applications in production applications?,express.js
How do you structure custom middleware handlers when validating webhook HMAC signatures in raw unparsed body payloads in Express in Express applications in production applications?,express.js
How do you structure custom middleware handlers when logging distributed correlation IDs across Express request lifecycles using async_hooks in Express applications in production applications?,express.js
How do you structure custom middleware handlers when handling automated response caching for idempotent GET routes using memory cache middleware in Express applications in production applications?,express.js
How do you structure custom middleware handlers when debugging slow middleware execution pipelines in Express using execution timers in Express applications in production applications?,express.js
How do you structure custom middleware handlers when configuring secure HTTPS certificates and TLS parameters natively inside Express applications in Express applications in production applications?,express.js
How do you resolve Django's `OperationalError: no such table` after creating a new model without running migrations?,python
Why does Django's ORM generate N+1 queries when accessing related ForeignKey fields in a template loop?,python
How do you resolve N+1 query bottlenecks in Django using `select_related` versus `prefetch_related`?,python
Why does `null=True` on a Django `CharField` create inconsistent empty representations instead of using `blank=True`?,python
How do you customize the default Django User model without breaking existing foreign key relationships?,python
Why does Django's `save()` method fail to trigger model validation unless `full_clean()` is explicitly called?,python
How do you implement atomic database transactions across multiple model updates in Django using `transaction.atomic()`?,python
Why do Django signals make business logic harder to debug and test compared to overriding model methods?,python
How do you handle file uploads to AWS S3 in Django using `django-storages` and `boto3`?,python
Why does Django raise a `DisallowedHost` error when deploying behind a reverse proxy without setting `ALLOWED_HOSTS`?,python
How do you configure Celery with Django to process asynchronous background email notifications?,python
Why does modifying a model field's `default` value require creating a migration even when no database schema changes occur?,python
How do you optimize Django ORM queries using `only()` and `defer()` to load specific database columns?,python
Why does Django's CSRF verification fail on POST requests submitted from mobile apps or decoupled single-page frontends?,python
How do you build REST APIs with authentication and nested serialization using Django REST Framework (DRF)?,python
Why does DRF's `SerializerMethodField` slow down API response serialization for large querysets?,python
How do you implement cursor-based pagination in Django REST Framework to handle high-frequency data feeds?,python
Why does Django's `get_or_create()` raise `MultipleObjectsReturned` during high-concurrency race conditions?,python
How do you implement multi-tenant schema isolation in Django using `django-tenants`?,python
Why does `settings.DEBUG = False` prevent Django from serving static files automatically in development servers?,python
How do you secure Django session cookies with `SESSION_COOKIE_SECURE` and `SESSION_COOKIE_HTTPONLY` in production?,python
Why does overriding a model's `__init__` method in Django break internal field tracking and queryset instantiation?,python
How do you implement full-text search in Django using PostgreSQL search vectors and search queries?,python
Why does Django's test runner destroy and recreate the test database on every test run unless `--keepdb` is passed?,python
How do you cache expensive Django view responses using Redis and Django's caching framework?,python
Why does `F()` expressions in Django allow updating database fields atomically without loading values into Python memory?,python
How do you build real-time WebSocket applications in Django using Django Channels and Redis channel layers?,python
Why does Django's `bulk_create()` fail to call model `save()` methods or emit `post_save` signals?,python
How do you write custom management commands in Django to automate scheduled data cleanup tasks?,python
Why does `django-cors-headers` fail to allow cross-origin requests if its middleware is not placed at the top of the stack?,python
Why is a FastAPI background task failing to execute after returning the initial response object?,python
How do you validate nested JSON request bodies in FastAPI using Pydantic models?,python
Why does defining an endpoint with `def` run in a separate threadpool while `async def` runs on the main event loop in FastAPI?,python
How do you implement dependency injection in FastAPI using `Depends` for database session management?,python
Why does FastAPI throw a `ValidationError` when a client sends an integer value for a string field that cannot be coerced?,python
How do you stream large file downloads or Server-Sent Events in FastAPI using `StreamingResponse`?,python
Why does `asyncio.sleep` allow concurrent request handling in FastAPI while `time.sleep` blocks the entire worker process?,python
How do you handle OAuth2 password flow with JWT bearer tokens in FastAPI?,python
Why does Pydantic v2 raise `PydanticUserError` when using deprecated `regex` instead of `pattern` in field constraints?,python
How do you configure CORS middleware in FastAPI to allow specific frontend origins with credential headers?,python
Why does a CPU-bound computation inside an `async def` endpoint degrade response times across all FastAPI routes?,python
How do you offload CPU-bound calculations in FastAPI using `asyncio.to_thread` or process pools?,python
Why does SQLAlchemy async session throw `MissingGreenlet` error when lazy loading relationships in FastAPI?,python
How do you write integration tests for FastAPI endpoints using `pytest` and `httpx.AsyncClient`?,python
Why does FastAPI generate OpenAPI documentation automatically from route type hints and Pydantic schemas?,python
How do you implement custom global exception handlers in FastAPI to standardize API error responses?,python
Why does `fastapi.UploadFile` use temporary disk spooling for large files while `bytes` loads the entire file into memory?,python
How do you manage database connection lifecycles in FastAPI using `lifespan` context managers?,python
Why does Pydantic's `orm_mode` / `from_attributes` required to serialize SQLAlchemy model instances into JSON schemas?,python
How do you rate limit FastAPI endpoints dynamically using `slowapi` and Redis backend stores?,python
Why does Flask throw a `Working outside of application context` error when accessing `current_app` in a background thread?,python
How do you manage database migrations in Flask using Flask-Migrate and Alembic?,python
Why does Flask's `g` object reset its state at the end of each incoming HTTP request?,python
How do you modularize a large Flask application into independent feature modules using Blueprints?,python
Why does `gunicorn` with synchronous worker classes hang when incoming web requests take a long time to complete?,python
How do you configure Gunicorn with `gevent` or `uvicorn.workers.UvicornWorker` for high-concurrency Python web apps?,python
"Why does mutable default argument `def add_item(item, list=[])` retain items across different function calls in Python?",python
How do you profile Python web backend memory leaks and CPU bottlenecks using `cProfile` and `memory_profiler`?,python
Why does Python's Global Interpreter Lock (GIL) prevent multi-threaded CPU-bound speedup across multiple CPU cores?,python
How do you parse and validate complex YAML or JSON configuration files in Python web microservices?,python
Why does using `is` instead of `==` for integer equality comparisons fail for numbers outside Python's small integer cache?,python
How do you manage virtual environments and lock reproducible package dependencies using `poetry` or `pipenv`?,python
Why does an uncaught exception inside a generator function terminate the generator iteration prematurely?,python
How do you implement a thread-safe singleton pattern in Python for sharing database connection pools?,python
Why does `deepcopy` fail or cause massive memory overhead on objects with deep circular reference graphs in Python?,python
How do you troubleshoot issues when configuring Alembic multi-branch migrations across distributed development teams in Python web development?,python
How do you troubleshoot issues when managing distributed task retries and exponential backoff in Celery with RabbitMQ in Python web development?,python
How do you troubleshoot issues when optimizing SQLAlchemy session commit and query caching in high-load Python microservices in Python web development?,python
How do you troubleshoot issues when handling graceful shutdown and signal handling in Uvicorn ASGI application servers in Python web development?,python
How do you troubleshoot issues when implementing structured JSON logging with request tracing IDs in Python backend services in Python web development?,python
How do you troubleshoot issues when securing Python web applications against command injection and deserialization attacks with pickle in Python web development?,python
How do you troubleshoot issues when handling thread-safe concurrency with multiprocessing and shared memory in Python backends in Python web development?,python
How do you troubleshoot issues when managing microservice authentication using gRPC and Protocol Buffers in Python in Python web development?,python
How do you troubleshoot issues when optimizing Pandas data frame serialization to JSON API endpoints in Python in Python web development?,python
How do you troubleshoot issues when building event-driven architectures in Python using Kafka and aiokafka in Python web development?,python
Why does configuring Alembic multi-branch migrations across distributed development teams cause performance bottlenecks or crashes in Python backends?,python
Why does managing distributed task retries and exponential backoff in Celery with RabbitMQ cause performance bottlenecks or crashes in Python backends?,python
Why does optimizing SQLAlchemy session commit and query caching in high-load Python microservices cause performance bottlenecks or crashes in Python backends?,python
Why does handling graceful shutdown and signal handling in Uvicorn ASGI application servers cause performance bottlenecks or crashes in Python backends?,python
Why does implementing structured JSON logging with request tracing IDs in Python backend services cause performance bottlenecks or crashes in Python backends?,python
Why does securing Python web applications against command injection and deserialization attacks with pickle cause performance bottlenecks or crashes in Python backends?,python
Why does handling thread-safe concurrency with multiprocessing and shared memory in Python backends cause performance bottlenecks or crashes in Python backends?,python
Why does managing microservice authentication using gRPC and Protocol Buffers in Python cause performance bottlenecks or crashes in Python backends?,python
Why does optimizing Pandas data frame serialization to JSON API endpoints in Python cause performance bottlenecks or crashes in Python backends?,python
Why does building event-driven architectures in Python using Kafka and aiokafka cause performance bottlenecks or crashes in Python backends?,python
What is the recommended architectural pattern for configuring Alembic multi-branch migrations across distributed development teams in modern Python web stacks?,python
What is the recommended architectural pattern for managing distributed task retries and exponential backoff in Celery with RabbitMQ in modern Python web stacks?,python
What is the recommended architectural pattern for optimizing SQLAlchemy session commit and query caching in high-load Python microservices in modern Python web stacks?,python
What is the recommended architectural pattern for handling graceful shutdown and signal handling in Uvicorn ASGI application servers in modern Python web stacks?,python
What is the recommended architectural pattern for implementing structured JSON logging with request tracing IDs in Python backend services in modern Python web stacks?,python
What is the recommended architectural pattern for securing Python web applications against command injection and deserialization attacks with pickle in modern Python web stacks?,python
What is the recommended architectural pattern for handling thread-safe concurrency with multiprocessing and shared memory in Python backends in modern Python web stacks?,python
What is the recommended architectural pattern for managing microservice authentication using gRPC and Protocol Buffers in Python in modern Python web stacks?,python
What is the recommended architectural pattern for optimizing Pandas data frame serialization to JSON API endpoints in Python in modern Python web stacks?,python
What is the recommended architectural pattern for building event-driven architectures in Python using Kafka and aiokafka in modern Python web stacks?,python
How do you optimize asynchronous execution when configuring Alembic multi-branch migrations across distributed development teams in Python web applications?,python
How do you optimize asynchronous execution when managing distributed task retries and exponential backoff in Celery with RabbitMQ in Python web applications?,python
How do you optimize asynchronous execution when optimizing SQLAlchemy session commit and query caching in high-load Python microservices in Python web applications?,python
How do you optimize asynchronous execution when handling graceful shutdown and signal handling in Uvicorn ASGI application servers in Python web applications?,python
How do you optimize asynchronous execution when implementing structured JSON logging with request tracing IDs in Python backend services in Python web applications?,python
How do you optimize asynchronous execution when securing Python web applications against command injection and deserialization attacks with pickle in Python web applications?,python
How do you optimize asynchronous execution when handling thread-safe concurrency with multiprocessing and shared memory in Python backends in Python web applications?,python
How do you optimize asynchronous execution when managing microservice authentication using gRPC and Protocol Buffers in Python in Python web applications?,python
How do you optimize asynchronous execution when optimizing Pandas data frame serialization to JSON API endpoints in Python in Python web applications?,python
How do you optimize asynchronous execution when building event-driven architectures in Python using Kafka and aiokafka in Python web applications?,python
What causes unexpected concurrency bugs when configuring Alembic multi-branch migrations across distributed development teams in production Python services?,python
What causes unexpected concurrency bugs when managing distributed task retries and exponential backoff in Celery with RabbitMQ in production Python services?,python
What causes unexpected concurrency bugs when optimizing SQLAlchemy session commit and query caching in high-load Python microservices in production Python services?,python
What causes unexpected concurrency bugs when handling graceful shutdown and signal handling in Uvicorn ASGI application servers in production Python services?,python
What causes unexpected concurrency bugs when implementing structured JSON logging with request tracing IDs in Python backend services in production Python services?,python
What causes unexpected concurrency bugs when securing Python web applications against command injection and deserialization attacks with pickle in production Python services?,python
What causes unexpected concurrency bugs when handling thread-safe concurrency with multiprocessing and shared memory in Python backends in production Python services?,python
What causes unexpected concurrency bugs when managing microservice authentication using gRPC and Protocol Buffers in Python in production Python services?,python
What causes unexpected concurrency bugs when optimizing Pandas data frame serialization to JSON API endpoints in Python in production Python services?,python
What causes unexpected concurrency bugs when building event-driven architectures in Python using Kafka and aiokafka in production Python services?,python
How do you write comprehensive unit and integration tests when configuring Alembic multi-branch migrations across distributed development teams in Python?,python
How do you write comprehensive unit and integration tests when managing distributed task retries and exponential backoff in Celery with RabbitMQ in Python?,python
How do you write comprehensive unit and integration tests when optimizing SQLAlchemy session commit and query caching in high-load Python microservices in Python?,python
How do you write comprehensive unit and integration tests when handling graceful shutdown and signal handling in Uvicorn ASGI application servers in Python?,python
How do you write comprehensive unit and integration tests when implementing structured JSON logging with request tracing IDs in Python backend services in Python?,python
How do you write comprehensive unit and integration tests when securing Python web applications against command injection and deserialization attacks with pickle in Python?,python
How do you write comprehensive unit and integration tests when handling thread-safe concurrency with multiprocessing and shared memory in Python backends in Python?,python
How do you write comprehensive unit and integration tests when managing microservice authentication using gRPC and Protocol Buffers in Python in Python?,python
How do you write comprehensive unit and integration tests when optimizing Pandas data frame serialization to JSON API endpoints in Python in Python?,python
How do you write comprehensive unit and integration tests when building event-driven architectures in Python using Kafka and aiokafka in Python?,python
How do you properly manage server resources and thread safety when configuring Alembic multi-branch migrations across distributed development teams in Python web frameworks?,python
How do you properly manage server resources and thread safety when managing distributed task retries and exponential backoff in Celery with RabbitMQ in Python web frameworks?,python
How do you properly manage server resources and thread safety when optimizing SQLAlchemy session commit and query caching in high-load Python microservices in Python web frameworks?,python
How do you properly manage server resources and thread safety when handling graceful shutdown and signal handling in Uvicorn ASGI application servers in Python web frameworks?,python
How do you properly manage server resources and thread safety when implementing structured JSON logging with request tracing IDs in Python backend services in Python web frameworks?,python
How do you properly manage server resources and thread safety when securing Python web applications against command injection and deserialization attacks with pickle in Python web frameworks?,python
How do you properly manage server resources and thread safety when handling thread-safe concurrency with multiprocessing and shared memory in Python backends in Python web frameworks?,python
How do you properly manage server resources and thread safety when managing microservice authentication using gRPC and Protocol Buffers in Python in Python web frameworks?,python
How do you properly manage server resources and thread safety when optimizing Pandas data frame serialization to JSON API endpoints in Python in Python web frameworks?,python
How do you properly manage server resources and thread safety when building event-driven architectures in Python using Kafka and aiokafka in Python web frameworks?,python
How do you troubleshoot issues when configuring Alembic multi-branch migrations across distributed development teams in Python web development in production applications?,python
How do you troubleshoot issues when managing distributed task retries and exponential backoff in Celery with RabbitMQ in Python web development in production applications?,python
How do you troubleshoot issues when optimizing SQLAlchemy session commit and query caching in high-load Python microservices in Python web development in production applications?,python
How do you troubleshoot issues when handling graceful shutdown and signal handling in Uvicorn ASGI application servers in Python web development in production applications?,python
How do you troubleshoot issues when implementing structured JSON logging with request tracing IDs in Python backend services in Python web development in production applications?,python
How do you troubleshoot issues when securing Python web applications against command injection and deserialization attacks with pickle in Python web development in production applications?,python
How do you troubleshoot issues when handling thread-safe concurrency with multiprocessing and shared memory in Python backends in Python web development in production applications?,python
How do you troubleshoot issues when managing microservice authentication using gRPC and Protocol Buffers in Python in Python web development in production applications?,python
How do you troubleshoot issues when optimizing Pandas data frame serialization to JSON API endpoints in Python in Python web development in production applications?,python
How do you troubleshoot issues when building event-driven architectures in Python using Kafka and aiokafka in Python web development in production applications?,python
Why does configuring Alembic multi-branch migrations across distributed development teams cause performance bottlenecks or crashes in Python backends in production applications?,python
Why does managing distributed task retries and exponential backoff in Celery with RabbitMQ cause performance bottlenecks or crashes in Python backends in production applications?,python
Why does optimizing SQLAlchemy session commit and query caching in high-load Python microservices cause performance bottlenecks or crashes in Python backends in production applications?,python
Why does handling graceful shutdown and signal handling in Uvicorn ASGI application servers cause performance bottlenecks or crashes in Python backends in production applications?,python
Why does implementing structured JSON logging with request tracing IDs in Python backend services cause performance bottlenecks or crashes in Python backends in production applications?,python
Why does securing Python web applications against command injection and deserialization attacks with pickle cause performance bottlenecks or crashes in Python backends in production applications?,python
Why does handling thread-safe concurrency with multiprocessing and shared memory in Python backends cause performance bottlenecks or crashes in Python backends in production applications?,python
Why does managing microservice authentication using gRPC and Protocol Buffers in Python cause performance bottlenecks or crashes in Python backends in production applications?,python
Why does optimizing Pandas data frame serialization to JSON API endpoints in Python cause performance bottlenecks or crashes in Python backends in production applications?,python
Why does building event-driven architectures in Python using Kafka and aiokafka cause performance bottlenecks or crashes in Python backends in production applications?,python
What is the recommended architectural pattern for configuring Alembic multi-branch migrations across distributed development teams in modern Python web stacks in production applications?,python
What is the recommended architectural pattern for managing distributed task retries and exponential backoff in Celery with RabbitMQ in modern Python web stacks in production applications?,python
What is the recommended architectural pattern for optimizing SQLAlchemy session commit and query caching in high-load Python microservices in modern Python web stacks in production applications?,python
What is the recommended architectural pattern for handling graceful shutdown and signal handling in Uvicorn ASGI application servers in modern Python web stacks in production applications?,python
What is the recommended architectural pattern for implementing structured JSON logging with request tracing IDs in Python backend services in modern Python web stacks in production applications?,python
What is the recommended architectural pattern for securing Python web applications against command injection and deserialization attacks with pickle in modern Python web stacks in production applications?,python
What is the recommended architectural pattern for handling thread-safe concurrency with multiprocessing and shared memory in Python backends in modern Python web stacks in production applications?,python
What is the recommended architectural pattern for managing microservice authentication using gRPC and Protocol Buffers in Python in modern Python web stacks in production applications?,python
What is the recommended architectural pattern for optimizing Pandas data frame serialization to JSON API endpoints in Python in modern Python web stacks in production applications?,python
What is the recommended architectural pattern for building event-driven architectures in Python using Kafka and aiokafka in modern Python web stacks in production applications?,python
How do you optimize asynchronous execution when configuring Alembic multi-branch migrations across distributed development teams in Python web applications in production applications?,python
How do you optimize asynchronous execution when managing distributed task retries and exponential backoff in Celery with RabbitMQ in Python web applications in production applications?,python
How do you optimize asynchronous execution when optimizing SQLAlchemy session commit and query caching in high-load Python microservices in Python web applications in production applications?,python
How do you optimize asynchronous execution when handling graceful shutdown and signal handling in Uvicorn ASGI application servers in Python web applications in production applications?,python
How do you optimize asynchronous execution when implementing structured JSON logging with request tracing IDs in Python backend services in Python web applications in production applications?,python
How do you optimize asynchronous execution when securing Python web applications against command injection and deserialization attacks with pickle in Python web applications in production applications?,python
How do you optimize asynchronous execution when handling thread-safe concurrency with multiprocessing and shared memory in Python backends in Python web applications in production applications?,python
How do you optimize asynchronous execution when managing microservice authentication using gRPC and Protocol Buffers in Python in Python web applications in production applications?,python
How do you optimize asynchronous execution when optimizing Pandas data frame serialization to JSON API endpoints in Python in Python web applications in production applications?,python
How do you optimize asynchronous execution when building event-driven architectures in Python using Kafka and aiokafka in Python web applications in production applications?,python
What causes unexpected concurrency bugs when configuring Alembic multi-branch migrations across distributed development teams in production Python services in production applications?,python
What causes unexpected concurrency bugs when managing distributed task retries and exponential backoff in Celery with RabbitMQ in production Python services in production applications?,python
What causes unexpected concurrency bugs when optimizing SQLAlchemy session commit and query caching in high-load Python microservices in production Python services in production applications?,python
What causes unexpected concurrency bugs when handling graceful shutdown and signal handling in Uvicorn ASGI application servers in production Python services in production applications?,python
What causes unexpected concurrency bugs when implementing structured JSON logging with request tracing IDs in Python backend services in production Python services in production applications?,python
What causes unexpected concurrency bugs when securing Python web applications against command injection and deserialization attacks with pickle in production Python services in production applications?,python
What causes unexpected concurrency bugs when handling thread-safe concurrency with multiprocessing and shared memory in Python backends in production Python services in production applications?,python
What causes unexpected concurrency bugs when managing microservice authentication using gRPC and Protocol Buffers in Python in production Python services in production applications?,python
What causes unexpected concurrency bugs when optimizing Pandas data frame serialization to JSON API endpoints in Python in production Python services in production applications?,python
What causes unexpected concurrency bugs when building event-driven architectures in Python using Kafka and aiokafka in production Python services in production applications?,python
How do you write comprehensive unit and integration tests when configuring Alembic multi-branch migrations across distributed development teams in Python in production applications?,python
How do you write comprehensive unit and integration tests when managing distributed task retries and exponential backoff in Celery with RabbitMQ in Python in production applications?,python
How do you write comprehensive unit and integration tests when optimizing SQLAlchemy session commit and query caching in high-load Python microservices in Python in production applications?,python
How do you write comprehensive unit and integration tests when handling graceful shutdown and signal handling in Uvicorn ASGI application servers in Python in production applications?,python
How do you write comprehensive unit and integration tests when implementing structured JSON logging with request tracing IDs in Python backend services in Python in production applications?,python
How do you write comprehensive unit and integration tests when securing Python web applications against command injection and deserialization attacks with pickle in Python in production applications?,python
How do you write comprehensive unit and integration tests when handling thread-safe concurrency with multiprocessing and shared memory in Python backends in Python in production applications?,python
How do you write comprehensive unit and integration tests when managing microservice authentication using gRPC and Protocol Buffers in Python in Python in production applications?,python
How do you write comprehensive unit and integration tests when optimizing Pandas data frame serialization to JSON API endpoints in Python in Python in production applications?,python
How do you write comprehensive unit and integration tests when building event-driven architectures in Python using Kafka and aiokafka in Python in production applications?,python
How do you properly manage server resources and thread safety when configuring Alembic multi-branch migrations across distributed development teams in Python web frameworks in production applications?,python
How do you properly manage server resources and thread safety when managing distributed task retries and exponential backoff in Celery with RabbitMQ in Python web frameworks in production applications?,python
How do you properly manage server resources and thread safety when optimizing SQLAlchemy session commit and query caching in high-load Python microservices in Python web frameworks in production applications?,python
How do you properly manage server resources and thread safety when handling graceful shutdown and signal handling in Uvicorn ASGI application servers in Python web frameworks in production applications?,python
How do you properly manage server resources and thread safety when implementing structured JSON logging with request tracing IDs in Python backend services in Python web frameworks in production applications?,python
How do you properly manage server resources and thread safety when securing Python web applications against command injection and deserialization attacks with pickle in Python web frameworks in production applications?,python
How do you properly manage server resources and thread safety when handling thread-safe concurrency with multiprocessing and shared memory in Python backends in Python web frameworks in production applications?,python
How do you properly manage server resources and thread safety when managing microservice authentication using gRPC and Protocol Buffers in Python in Python web frameworks in production applications?,python
How do you properly manage server resources and thread safety when optimizing Pandas data frame serialization to JSON API endpoints in Python in Python web frameworks in production applications?,python
How do you properly manage server resources and thread safety when building event-driven architectures in Python using Kafka and aiokafka in Python web frameworks in production applications?,python
How do you troubleshoot issues when configuring Alembic multi-branch migrations across distributed development teams in Python web development in production applications?,python
How do you troubleshoot issues when managing distributed task retries and exponential backoff in Celery with RabbitMQ in Python web development in production applications?,python
How do you troubleshoot issues when optimizing SQLAlchemy session commit and query caching in high-load Python microservices in Python web development in production applications?,python
How do you troubleshoot issues when handling graceful shutdown and signal handling in Uvicorn ASGI application servers in Python web development in production applications?,python
How do you troubleshoot issues when implementing structured JSON logging with request tracing IDs in Python backend services in Python web development in production applications?,python
How do you troubleshoot issues when securing Python web applications against command injection and deserialization attacks with pickle in Python web development in production applications?,python
How do you troubleshoot issues when handling thread-safe concurrency with multiprocessing and shared memory in Python backends in Python web development in production applications?,python
How do you troubleshoot issues when managing microservice authentication using gRPC and Protocol Buffers in Python in Python web development in production applications?,python
How do you troubleshoot issues when optimizing Pandas data frame serialization to JSON API endpoints in Python in Python web development in production applications?,python
How do you troubleshoot issues when building event-driven architectures in Python using Kafka and aiokafka in Python web development in production applications?,python
Why does configuring Alembic multi-branch migrations across distributed development teams cause performance bottlenecks or crashes in Python backends in production applications?,python
Why does managing distributed task retries and exponential backoff in Celery with RabbitMQ cause performance bottlenecks or crashes in Python backends in production applications?,python
Why does optimizing SQLAlchemy session commit and query caching in high-load Python microservices cause performance bottlenecks or crashes in Python backends in production applications?,python
Why does handling graceful shutdown and signal handling in Uvicorn ASGI application servers cause performance bottlenecks or crashes in Python backends in production applications?,python
Why does implementing structured JSON logging with request tracing IDs in Python backend services cause performance bottlenecks or crashes in Python backends in production applications?,python
Why does securing Python web applications against command injection and deserialization attacks with pickle cause performance bottlenecks or crashes in Python backends in production applications?,python
Why does handling thread-safe concurrency with multiprocessing and shared memory in Python backends cause performance bottlenecks or crashes in Python backends in production applications?,python
Why does managing microservice authentication using gRPC and Protocol Buffers in Python cause performance bottlenecks or crashes in Python backends in production applications?,python
Why does optimizing Pandas data frame serialization to JSON API endpoints in Python cause performance bottlenecks or crashes in Python backends in production applications?,python
Why does building event-driven architectures in Python using Kafka and aiokafka cause performance bottlenecks or crashes in Python backends in production applications?,python
What is the recommended architectural pattern for configuring Alembic multi-branch migrations across distributed development teams in modern Python web stacks in production applications?,python
What is the recommended architectural pattern for managing distributed task retries and exponential backoff in Celery with RabbitMQ in modern Python web stacks in production applications?,python
What is the recommended architectural pattern for optimizing SQLAlchemy session commit and query caching in high-load Python microservices in modern Python web stacks in production applications?,python
What is the recommended architectural pattern for handling graceful shutdown and signal handling in Uvicorn ASGI application servers in modern Python web stacks in production applications?,python
What is the recommended architectural pattern for implementing structured JSON logging with request tracing IDs in Python backend services in modern Python web stacks in production applications?,python
What is the recommended architectural pattern for securing Python web applications against command injection and deserialization attacks with pickle in modern Python web stacks in production applications?,python
What is the recommended architectural pattern for handling thread-safe concurrency with multiprocessing and shared memory in Python backends in modern Python web stacks in production applications?,python
What is the recommended architectural pattern for managing microservice authentication using gRPC and Protocol Buffers in Python in modern Python web stacks in production applications?,python
What is the recommended architectural pattern for optimizing Pandas data frame serialization to JSON API endpoints in Python in modern Python web stacks in production applications?,python
What is the recommended architectural pattern for building event-driven architectures in Python using Kafka and aiokafka in modern Python web stacks in production applications?,python
How do you optimize asynchronous execution when configuring Alembic multi-branch migrations across distributed development teams in Python web applications in production applications?,python
How do you optimize asynchronous execution when managing distributed task retries and exponential backoff in Celery with RabbitMQ in Python web applications in production applications?,python
How do you optimize asynchronous execution when optimizing SQLAlchemy session commit and query caching in high-load Python microservices in Python web applications in production applications?,python
How do you optimize asynchronous execution when handling graceful shutdown and signal handling in Uvicorn ASGI application servers in Python web applications in production applications?,python
How do you optimize asynchronous execution when implementing structured JSON logging with request tracing IDs in Python backend services in Python web applications in production applications?,python
How do you optimize asynchronous execution when securing Python web applications against command injection and deserialization attacks with pickle in Python web applications in production applications?,python
How do you optimize asynchronous execution when handling thread-safe concurrency with multiprocessing and shared memory in Python backends in Python web applications in production applications?,python
How do you optimize asynchronous execution when managing microservice authentication using gRPC and Protocol Buffers in Python in Python web applications in production applications?,python
How do you optimize asynchronous execution when optimizing Pandas data frame serialization to JSON API endpoints in Python in Python web applications in production applications?,python
How do you optimize asynchronous execution when building event-driven architectures in Python using Kafka and aiokafka in Python web applications in production applications?,python
What causes unexpected concurrency bugs when configuring Alembic multi-branch migrations across distributed development teams in production Python services in production applications?,python
What causes unexpected concurrency bugs when managing distributed task retries and exponential backoff in Celery with RabbitMQ in production Python services in production applications?,python
What causes unexpected concurrency bugs when optimizing SQLAlchemy session commit and query caching in high-load Python microservices in production Python services in production applications?,python
What causes unexpected concurrency bugs when handling graceful shutdown and signal handling in Uvicorn ASGI application servers in production Python services in production applications?,python
What causes unexpected concurrency bugs when implementing structured JSON logging with request tracing IDs in Python backend services in production Python services in production applications?,python
What causes unexpected concurrency bugs when securing Python web applications against command injection and deserialization attacks with pickle in production Python services in production applications?,python
What causes unexpected concurrency bugs when handling thread-safe concurrency with multiprocessing and shared memory in Python backends in production Python services in production applications?,python
What causes unexpected concurrency bugs when managing microservice authentication using gRPC and Protocol Buffers in Python in production Python services in production applications?,python
What causes unexpected concurrency bugs when optimizing Pandas data frame serialization to JSON API endpoints in Python in production Python services in production applications?,python
What causes unexpected concurrency bugs when building event-driven architectures in Python using Kafka and aiokafka in production Python services in production applications?,python
How do you write comprehensive unit and integration tests when configuring Alembic multi-branch migrations across distributed development teams in Python in production applications?,python
How do you write comprehensive unit and integration tests when managing distributed task retries and exponential backoff in Celery with RabbitMQ in Python in production applications?,python
How do you write comprehensive unit and integration tests when optimizing SQLAlchemy session commit and query caching in high-load Python microservices in Python in production applications?,python
How do you write comprehensive unit and integration tests when handling graceful shutdown and signal handling in Uvicorn ASGI application servers in Python in production applications?,python
How do you write comprehensive unit and integration tests when implementing structured JSON logging with request tracing IDs in Python backend services in Python in production applications?,python
How do you write comprehensive unit and integration tests when securing Python web applications against command injection and deserialization attacks with pickle in Python in production applications?,python
How do you write comprehensive unit and integration tests when handling thread-safe concurrency with multiprocessing and shared memory in Python backends in Python in production applications?,python
How do you write comprehensive unit and integration tests when managing microservice authentication using gRPC and Protocol Buffers in Python in Python in production applications?,python
How do you write comprehensive unit and integration tests when optimizing Pandas data frame serialization to JSON API endpoints in Python in Python in production applications?,python
How do you write comprehensive unit and integration tests when building event-driven architectures in Python using Kafka and aiokafka in Python in production applications?,python
How do you properly manage server resources and thread safety when configuring Alembic multi-branch migrations across distributed development teams in Python web frameworks in production applications?,python
How do you properly manage server resources and thread safety when managing distributed task retries and exponential backoff in Celery with RabbitMQ in Python web frameworks in production applications?,python
How do you properly manage server resources and thread safety when optimizing SQLAlchemy session commit and query caching in high-load Python microservices in Python web frameworks in production applications?,python
How do you properly manage server resources and thread safety when handling graceful shutdown and signal handling in Uvicorn ASGI application servers in Python web frameworks in production applications?,python
How do you properly manage server resources and thread safety when implementing structured JSON logging with request tracing IDs in Python backend services in Python web frameworks in production applications?,python
How do you properly manage server resources and thread safety when securing Python web applications against command injection and deserialization attacks with pickle in Python web frameworks in production applications?,python
How do you properly manage server resources and thread safety when handling thread-safe concurrency with multiprocessing and shared memory in Python backends in Python web frameworks in production applications?,python
How do you properly manage server resources and thread safety when managing microservice authentication using gRPC and Protocol Buffers in Python in Python web frameworks in production applications?,python
How do you properly manage server resources and thread safety when optimizing Pandas data frame serialization to JSON API endpoints in Python in Python web frameworks in production applications?,python
How do you properly manage server resources and thread safety when building event-driven architectures in Python using Kafka and aiokafka in Python web frameworks in production applications?,python
How do you troubleshoot issues when configuring Alembic multi-branch migrations across distributed development teams in Python web development in production applications?,python
How do you troubleshoot issues when managing distributed task retries and exponential backoff in Celery with RabbitMQ in Python web development in production applications?,python
How do you troubleshoot issues when optimizing SQLAlchemy session commit and query caching in high-load Python microservices in Python web development in production applications?,python
How do you troubleshoot issues when handling graceful shutdown and signal handling in Uvicorn ASGI application servers in Python web development in production applications?,python
How do you troubleshoot issues when implementing structured JSON logging with request tracing IDs in Python backend services in Python web development in production applications?,python
How do you troubleshoot issues when securing Python web applications against command injection and deserialization attacks with pickle in Python web development in production applications?,python
How do you troubleshoot issues when handling thread-safe concurrency with multiprocessing and shared memory in Python backends in Python web development in production applications?,python
How do you troubleshoot issues when managing microservice authentication using gRPC and Protocol Buffers in Python in Python web development in production applications?,python
How do you troubleshoot issues when optimizing Pandas data frame serialization to JSON API endpoints in Python in Python web development in production applications?,python
How do you troubleshoot issues when building event-driven architectures in Python using Kafka and aiokafka in Python web development in production applications?,python
Why does configuring Alembic multi-branch migrations across distributed development teams cause performance bottlenecks or crashes in Python backends in production applications?,python
Why does managing distributed task retries and exponential backoff in Celery with RabbitMQ cause performance bottlenecks or crashes in Python backends in production applications?,python
Why does optimizing SQLAlchemy session commit and query caching in high-load Python microservices cause performance bottlenecks or crashes in Python backends in production applications?,python
Why does handling graceful shutdown and signal handling in Uvicorn ASGI application servers cause performance bottlenecks or crashes in Python backends in production applications?,python
Why does implementing structured JSON logging with request tracing IDs in Python backend services cause performance bottlenecks or crashes in Python backends in production applications?,python
Why does securing Python web applications against command injection and deserialization attacks with pickle cause performance bottlenecks or crashes in Python backends in production applications?,python
Why does handling thread-safe concurrency with multiprocessing and shared memory in Python backends cause performance bottlenecks or crashes in Python backends in production applications?,python
Why does managing microservice authentication using gRPC and Protocol Buffers in Python cause performance bottlenecks or crashes in Python backends in production applications?,python
Why does optimizing Pandas data frame serialization to JSON API endpoints in Python cause performance bottlenecks or crashes in Python backends in production applications?,python
Why does building event-driven architectures in Python using Kafka and aiokafka cause performance bottlenecks or crashes in Python backends in production applications?,python
What is the recommended architectural pattern for configuring Alembic multi-branch migrations across distributed development teams in modern Python web stacks in production applications?,python
What is the recommended architectural pattern for managing distributed task retries and exponential backoff in Celery with RabbitMQ in modern Python web stacks in production applications?,python
What is the recommended architectural pattern for optimizing SQLAlchemy session commit and query caching in high-load Python microservices in modern Python web stacks in production applications?,python
What is the recommended architectural pattern for handling graceful shutdown and signal handling in Uvicorn ASGI application servers in modern Python web stacks in production applications?,python
What is the recommended architectural pattern for implementing structured JSON logging with request tracing IDs in Python backend services in modern Python web stacks in production applications?,python
How do you resolve Laravel's `419 Page Expired` error when submitting an AJAX form without a CSRF token?,php / laravel
Why is Eloquent's lazy loading causing severe query performance degradation inside a Blade `@foreach` loop?,php / laravel
How do you prevent Eloquent N+1 query issues in Laravel using eager loading with `with()`?,php / laravel
Why does `composer install` fail with memory exhaustion errors and how do you increase the `COMPOSER_MEMORY_LIMIT`?,php / laravel
How do you implement queued background jobs in Laravel using Redis and Laravel Horizon for queue monitoring?,php / laravel
Why does Laravel's route caching (`php artisan route:cache`) fail when routes use closure callbacks instead of controller methods?,php / laravel
How do you handle database migrations rollback safely in Laravel without dropping production data?,php / laravel
Why does `dd()` or `dump()` cause HTTP response headers to fail when executed inside a Laravel middleware?,php / laravel
How do you customize Laravel's default authentication scaffolding using Laravel Breeze or Jetstream?,php / laravel
Why does Laravel Sanctum reject SPA API requests with a 401 Unauthenticated error when session domains are misconfigured?,php / laravel
"How do you optimize Laravel application performance in production using `config:cache`, `route:cache`, and `view:cache`?",php / laravel
Why does modifying an `.env` file variable have no effect until `php artisan config:clear` is executed?,php / laravel
How do you broadcast real-time events in Laravel using Laravel Echo and Pusher or WebSockets?,php / laravel
Why does an Eloquent `whereHas` query execute substantially slower than an explicit `join` on large relational tables?,php / laravel
How do you implement soft deletes on Laravel Eloquent models using the `SoftDeletes` trait?,php / laravel
Why does PHP-FPM spawn too many child processes causing server RAM exhaustion under heavy web traffic spikes?,php / laravel
How do you configure PHP `opcache` in `php.ini` to accelerate script execution performance in production?,php / laravel
Why does file upload in PHP fail silently when file size exceeds `upload_max_filesize` or `post_max_size`?,php / laravel
How do you implement multi-tenant database isolation in Laravel using package ecosystems like `tenancyforlaravel`?,php / laravel
Why does `session()->put()` fail to persist session data across requests when PHP sessions are misconfigured?,php / laravel
How do you build custom Laravel Artisan console commands to execute scheduled cron jobs via the console kernel?,php / laravel
Why does Laravel's Form Request validation fail to return JSON error responses on API requests without an `Accept: application/json` header?,php / laravel
How do you handle database transactions in Laravel using `DB::transaction()` with automatic deadlock retries?,php / laravel
Why does Eloquent model event `saving` prevent records from persisting if the listener returns `false`?,php / laravel
How do you rate limit specific API routes in Laravel using the `throttle` middleware with custom keys?,php / laravel
Why does PHP's `password_hash()` provide better cryptographic security than legacy hashing methods like MD5 or SHA1?,php / laravel
How do you configure Laravel to store session and cache data in Redis instead of file drivers?,php / laravel
Why does `php artisan migrate:fresh` pose a severe data loss danger if executed against production databases?,php / laravel
How do you implement Repository and Service patterns in Laravel to decouple business logic from controllers?,php / laravel
Why does an uncaught exception inside a Laravel queue worker terminate the daemon process unless managed by Supervisor?,php / laravel
How do you solve issues when configuring Horizon queue supervisor workers for high-concurrency Laravel workloads in PHP and Laravel applications?,php / laravel
How do you solve issues when managing database replication lag between read and write database connections in Laravel in PHP and Laravel applications?,php / laravel
How do you solve issues when optimizing Eloquent polymorphic relationships and indexing morph columns in MySQL in PHP and Laravel applications?,php / laravel
How do you solve issues when handling secure webhook verification using Laravel signed routes and middleware in PHP and Laravel applications?,php / laravel
How do you solve issues when customizing Laravel API resource transformations for deeply nested relational datasets in PHP and Laravel applications?,php / laravel
How do you solve issues when implementing dynamic role and permission management in Laravel using Spatie permissions in PHP and Laravel applications?,php / laravel
How do you solve issues when configuring PHP-FPM process manager dynamic and ondemand settings for containerized apps in PHP and Laravel applications?,php / laravel
How do you solve issues when debugging slow database queries in Laravel using Laravel Telescope or Debugbar in PHP and Laravel applications?,php / laravel
How do you solve issues when handling chunked processing of massive Eloquent query results using lazy collections in PHP and Laravel applications?,php / laravel
How do you solve issues when preventing mass assignment security vulnerabilities in Eloquent models using guarded and fillable attributes in PHP and Laravel applications?,php / laravel
Why does configuring Horizon queue supervisor workers for high-concurrency Laravel workloads cause unexpected server errors or slowdowns in Laravel?,php / laravel
Why does managing database replication lag between read and write database connections in Laravel cause unexpected server errors or slowdowns in Laravel?,php / laravel
Why does optimizing Eloquent polymorphic relationships and indexing morph columns in MySQL cause unexpected server errors or slowdowns in Laravel?,php / laravel
Why does handling secure webhook verification using Laravel signed routes and middleware cause unexpected server errors or slowdowns in Laravel?,php / laravel
Why does customizing Laravel API resource transformations for deeply nested relational datasets cause unexpected server errors or slowdowns in Laravel?,php / laravel
Why does implementing dynamic role and permission management in Laravel using Spatie permissions cause unexpected server errors or slowdowns in Laravel?,php / laravel
Why does configuring PHP-FPM process manager dynamic and ondemand settings for containerized apps cause unexpected server errors or slowdowns in Laravel?,php / laravel
Why does debugging slow database queries in Laravel using Laravel Telescope or Debugbar cause unexpected server errors or slowdowns in Laravel?,php / laravel
Why does handling chunked processing of massive Eloquent query results using lazy collections cause unexpected server errors or slowdowns in Laravel?,php / laravel
Why does preventing mass assignment security vulnerabilities in Eloquent models using guarded and fillable attributes cause unexpected server errors or slowdowns in Laravel?,php / laravel
What is the recommended architecture for configuring Horizon queue supervisor workers for high-concurrency Laravel workloads in enterprise Laravel backends?,php / laravel
What is the recommended architecture for managing database replication lag between read and write database connections in Laravel in enterprise Laravel backends?,php / laravel
What is the recommended architecture for optimizing Eloquent polymorphic relationships and indexing morph columns in MySQL in enterprise Laravel backends?,php / laravel
What is the recommended architecture for handling secure webhook verification using Laravel signed routes and middleware in enterprise Laravel backends?,php / laravel
What is the recommended architecture for customizing Laravel API resource transformations for deeply nested relational datasets in enterprise Laravel backends?,php / laravel
What is the recommended architecture for implementing dynamic role and permission management in Laravel using Spatie permissions in enterprise Laravel backends?,php / laravel
What is the recommended architecture for configuring PHP-FPM process manager dynamic and ondemand settings for containerized apps in enterprise Laravel backends?,php / laravel
What is the recommended architecture for debugging slow database queries in Laravel using Laravel Telescope or Debugbar in enterprise Laravel backends?,php / laravel
What is the recommended architecture for handling chunked processing of massive Eloquent query results using lazy collections in enterprise Laravel backends?,php / laravel
What is the recommended architecture for preventing mass assignment security vulnerabilities in Eloquent models using guarded and fillable attributes in enterprise Laravel backends?,php / laravel
How do you optimize execution performance when configuring Horizon queue supervisor workers for high-concurrency Laravel workloads in Laravel?,php / laravel
How do you optimize execution performance when managing database replication lag between read and write database connections in Laravel in Laravel?,php / laravel
How do you optimize execution performance when optimizing Eloquent polymorphic relationships and indexing morph columns in MySQL in Laravel?,php / laravel
How do you optimize execution performance when handling secure webhook verification using Laravel signed routes and middleware in Laravel?,php / laravel
How do you optimize execution performance when customizing Laravel API resource transformations for deeply nested relational datasets in Laravel?,php / laravel
How do you optimize execution performance when implementing dynamic role and permission management in Laravel using Spatie permissions in Laravel?,php / laravel
How do you optimize execution performance when configuring PHP-FPM process manager dynamic and ondemand settings for containerized apps in Laravel?,php / laravel
How do you optimize execution performance when debugging slow database queries in Laravel using Laravel Telescope or Debugbar in Laravel?,php / laravel
How do you optimize execution performance when handling chunked processing of massive Eloquent query results using lazy collections in Laravel?,php / laravel
How do you optimize execution performance when preventing mass assignment security vulnerabilities in Eloquent models using guarded and fillable attributes in Laravel?,php / laravel
What causes configuration and caching conflicts when configuring Horizon queue supervisor workers for high-concurrency Laravel workloads in Laravel deployments?,php / laravel
What causes configuration and caching conflicts when managing database replication lag between read and write database connections in Laravel in Laravel deployments?,php / laravel
What causes configuration and caching conflicts when optimizing Eloquent polymorphic relationships and indexing morph columns in MySQL in Laravel deployments?,php / laravel
What causes configuration and caching conflicts when handling secure webhook verification using Laravel signed routes and middleware in Laravel deployments?,php / laravel
What causes configuration and caching conflicts when customizing Laravel API resource transformations for deeply nested relational datasets in Laravel deployments?,php / laravel
What causes configuration and caching conflicts when implementing dynamic role and permission management in Laravel using Spatie permissions in Laravel deployments?,php / laravel
What causes configuration and caching conflicts when configuring PHP-FPM process manager dynamic and ondemand settings for containerized apps in Laravel deployments?,php / laravel
What causes configuration and caching conflicts when debugging slow database queries in Laravel using Laravel Telescope or Debugbar in Laravel deployments?,php / laravel
What causes configuration and caching conflicts when handling chunked processing of massive Eloquent query results using lazy collections in Laravel deployments?,php / laravel
What causes configuration and caching conflicts when preventing mass assignment security vulnerabilities in Eloquent models using guarded and fillable attributes in Laravel deployments?,php / laravel
How do you properly write automated feature tests when configuring Horizon queue supervisor workers for high-concurrency Laravel workloads in Laravel?,php / laravel
How do you properly write automated feature tests when managing database replication lag between read and write database connections in Laravel in Laravel?,php / laravel
How do you properly write automated feature tests when optimizing Eloquent polymorphic relationships and indexing morph columns in MySQL in Laravel?,php / laravel
How do you properly write automated feature tests when handling secure webhook verification using Laravel signed routes and middleware in Laravel?,php / laravel
How do you properly write automated feature tests when customizing Laravel API resource transformations for deeply nested relational datasets in Laravel?,php / laravel
How do you properly write automated feature tests when implementing dynamic role and permission management in Laravel using Spatie permissions in Laravel?,php / laravel
How do you properly write automated feature tests when configuring PHP-FPM process manager dynamic and ondemand settings for containerized apps in Laravel?,php / laravel
How do you properly write automated feature tests when debugging slow database queries in Laravel using Laravel Telescope or Debugbar in Laravel?,php / laravel
How do you properly write automated feature tests when handling chunked processing of massive Eloquent query results using lazy collections in Laravel?,php / laravel
How do you properly write automated feature tests when preventing mass assignment security vulnerabilities in Eloquent models using guarded and fillable attributes in Laravel?,php / laravel
How do you solve issues when configuring Horizon queue supervisor workers for high-concurrency Laravel workloads in PHP and Laravel applications in production applications?,php / laravel
How do you solve issues when managing database replication lag between read and write database connections in Laravel in PHP and Laravel applications in production applications?,php / laravel
How do you solve issues when optimizing Eloquent polymorphic relationships and indexing morph columns in MySQL in PHP and Laravel applications in production applications?,php / laravel
How do you solve issues when handling secure webhook verification using Laravel signed routes and middleware in PHP and Laravel applications in production applications?,php / laravel
How do you solve issues when customizing Laravel API resource transformations for deeply nested relational datasets in PHP and Laravel applications in production applications?,php / laravel
How do you solve issues when implementing dynamic role and permission management in Laravel using Spatie permissions in PHP and Laravel applications in production applications?,php / laravel
How do you solve issues when configuring PHP-FPM process manager dynamic and ondemand settings for containerized apps in PHP and Laravel applications in production applications?,php / laravel
How do you solve issues when debugging slow database queries in Laravel using Laravel Telescope or Debugbar in PHP and Laravel applications in production applications?,php / laravel
How do you solve issues when handling chunked processing of massive Eloquent query results using lazy collections in PHP and Laravel applications in production applications?,php / laravel
How do you solve issues when preventing mass assignment security vulnerabilities in Eloquent models using guarded and fillable attributes in PHP and Laravel applications in production applications?,php / laravel
Why does configuring Horizon queue supervisor workers for high-concurrency Laravel workloads cause unexpected server errors or slowdowns in Laravel in production applications?,php / laravel
Why does managing database replication lag between read and write database connections in Laravel cause unexpected server errors or slowdowns in Laravel in production applications?,php / laravel
Why does optimizing Eloquent polymorphic relationships and indexing morph columns in MySQL cause unexpected server errors or slowdowns in Laravel in production applications?,php / laravel
Why does handling secure webhook verification using Laravel signed routes and middleware cause unexpected server errors or slowdowns in Laravel in production applications?,php / laravel
Why does customizing Laravel API resource transformations for deeply nested relational datasets cause unexpected server errors or slowdowns in Laravel in production applications?,php / laravel
Why does implementing dynamic role and permission management in Laravel using Spatie permissions cause unexpected server errors or slowdowns in Laravel in production applications?,php / laravel
Why does configuring PHP-FPM process manager dynamic and ondemand settings for containerized apps cause unexpected server errors or slowdowns in Laravel in production applications?,php / laravel
Why does debugging slow database queries in Laravel using Laravel Telescope or Debugbar cause unexpected server errors or slowdowns in Laravel in production applications?,php / laravel
Why does handling chunked processing of massive Eloquent query results using lazy collections cause unexpected server errors or slowdowns in Laravel in production applications?,php / laravel
Why does preventing mass assignment security vulnerabilities in Eloquent models using guarded and fillable attributes cause unexpected server errors or slowdowns in Laravel in production applications?,php / laravel
What is the recommended architecture for configuring Horizon queue supervisor workers for high-concurrency Laravel workloads in enterprise Laravel backends in production applications?,php / laravel
What is the recommended architecture for managing database replication lag between read and write database connections in Laravel in enterprise Laravel backends in production applications?,php / laravel
What is the recommended architecture for optimizing Eloquent polymorphic relationships and indexing morph columns in MySQL in enterprise Laravel backends in production applications?,php / laravel
What is the recommended architecture for handling secure webhook verification using Laravel signed routes and middleware in enterprise Laravel backends in production applications?,php / laravel
What is the recommended architecture for customizing Laravel API resource transformations for deeply nested relational datasets in enterprise Laravel backends in production applications?,php / laravel
What is the recommended architecture for implementing dynamic role and permission management in Laravel using Spatie permissions in enterprise Laravel backends in production applications?,php / laravel
What is the recommended architecture for configuring PHP-FPM process manager dynamic and ondemand settings for containerized apps in enterprise Laravel backends in production applications?,php / laravel
What is the recommended architecture for debugging slow database queries in Laravel using Laravel Telescope or Debugbar in enterprise Laravel backends in production applications?,php / laravel
What is the recommended architecture for handling chunked processing of massive Eloquent query results using lazy collections in enterprise Laravel backends in production applications?,php / laravel
What is the recommended architecture for preventing mass assignment security vulnerabilities in Eloquent models using guarded and fillable attributes in enterprise Laravel backends in production applications?,php / laravel
How do you optimize execution performance when configuring Horizon queue supervisor workers for high-concurrency Laravel workloads in Laravel in production applications?,php / laravel
How do you optimize execution performance when managing database replication lag between read and write database connections in Laravel in Laravel in production applications?,php / laravel
How do you optimize execution performance when optimizing Eloquent polymorphic relationships and indexing morph columns in MySQL in Laravel in production applications?,php / laravel
How do you optimize execution performance when handling secure webhook verification using Laravel signed routes and middleware in Laravel in production applications?,php / laravel
How do you optimize execution performance when customizing Laravel API resource transformations for deeply nested relational datasets in Laravel in production applications?,php / laravel
How do you optimize execution performance when implementing dynamic role and permission management in Laravel using Spatie permissions in Laravel in production applications?,php / laravel
How do you optimize execution performance when configuring PHP-FPM process manager dynamic and ondemand settings for containerized apps in Laravel in production applications?,php / laravel
How do you optimize execution performance when debugging slow database queries in Laravel using Laravel Telescope or Debugbar in Laravel in production applications?,php / laravel
How do you optimize execution performance when handling chunked processing of massive Eloquent query results using lazy collections in Laravel in production applications?,php / laravel
How do you optimize execution performance when preventing mass assignment security vulnerabilities in Eloquent models using guarded and fillable attributes in Laravel in production applications?,php / laravel
What causes configuration and caching conflicts when configuring Horizon queue supervisor workers for high-concurrency Laravel workloads in Laravel deployments in production applications?,php / laravel
What causes configuration and caching conflicts when managing database replication lag between read and write database connections in Laravel in Laravel deployments in production applications?,php / laravel
What causes configuration and caching conflicts when optimizing Eloquent polymorphic relationships and indexing morph columns in MySQL in Laravel deployments in production applications?,php / laravel
What causes configuration and caching conflicts when handling secure webhook verification using Laravel signed routes and middleware in Laravel deployments in production applications?,php / laravel
What causes configuration and caching conflicts when customizing Laravel API resource transformations for deeply nested relational datasets in Laravel deployments in production applications?,php / laravel
What causes configuration and caching conflicts when implementing dynamic role and permission management in Laravel using Spatie permissions in Laravel deployments in production applications?,php / laravel
What causes configuration and caching conflicts when configuring PHP-FPM process manager dynamic and ondemand settings for containerized apps in Laravel deployments in production applications?,php / laravel
What causes configuration and caching conflicts when debugging slow database queries in Laravel using Laravel Telescope or Debugbar in Laravel deployments in production applications?,php / laravel
What causes configuration and caching conflicts when handling chunked processing of massive Eloquent query results using lazy collections in Laravel deployments in production applications?,php / laravel
What causes configuration and caching conflicts when preventing mass assignment security vulnerabilities in Eloquent models using guarded and fillable attributes in Laravel deployments in production applications?,php / laravel
How do you properly write automated feature tests when configuring Horizon queue supervisor workers for high-concurrency Laravel workloads in Laravel in production applications?,php / laravel
How do you properly write automated feature tests when managing database replication lag between read and write database connections in Laravel in Laravel in production applications?,php / laravel
How do you properly write automated feature tests when optimizing Eloquent polymorphic relationships and indexing morph columns in MySQL in Laravel in production applications?,php / laravel
How do you properly write automated feature tests when handling secure webhook verification using Laravel signed routes and middleware in Laravel in production applications?,php / laravel
How do you properly write automated feature tests when customizing Laravel API resource transformations for deeply nested relational datasets in Laravel in production applications?,php / laravel
How do you properly write automated feature tests when implementing dynamic role and permission management in Laravel using Spatie permissions in Laravel in production applications?,php / laravel
How do you properly write automated feature tests when configuring PHP-FPM process manager dynamic and ondemand settings for containerized apps in Laravel in production applications?,php / laravel
How do you properly write automated feature tests when debugging slow database queries in Laravel using Laravel Telescope or Debugbar in Laravel in production applications?,php / laravel
How do you properly write automated feature tests when handling chunked processing of massive Eloquent query results using lazy collections in Laravel in production applications?,php / laravel
How do you properly write automated feature tests when preventing mass assignment security vulnerabilities in Eloquent models using guarded and fillable attributes in Laravel in production applications?,php / laravel
Your uploaded file URL returns 404 on a login page—how would you configure public storage access?,php / laravel
Your 100vh causes unwanted scrolling on mobile while building a dashboard—which newer viewport units could you consider?,html / css
Your metadata differs between dynamic product pages in a user profile—how would you generate it from route data?,next.js
Your aggregate query mixes grouped and ungrouped columns on a login page—how would you rewrite it correctly?,sql
Your image from a remote host is rejected during checkout—which image configuration would you update?,next.js
Your cache causes a user-specific response to leak across requests in an admin panel—how would you configure fetching or rendering safely?,next.js
Your subquery returns more than one value where one is expected while building a dashboard—how would you change the comparison or aggregation?,sql
Your dictionary lookup may not contain a key while implementing search—how would you handle the missing value safely?,python
Your browser says a variable is already declared while building a dashboard—how would you locate the duplicate declaration?,javascript
Your cache causes a user-specific response to leak across requests on a product listing—how would you configure fetching or rendering safely?,next.js
Your array mutation unexpectedly changes data used elsewhere while building a dashboard—how would you create an immutable update?,javascript
Your useRouter is called in a server component during checkout—how would you restructure the component boundary?,next.js
Your enum adds behavior you do not need during checkout—when would a union of literal types be simpler?,typescript
Your CommonJS import fails after switching to ES modules in a user profile—what module configuration would you review?,node.js
Your button looks disabled but is still clickable in an admin panel—how would you implement semantic and visual disabling?,html / css
Your sorting numbers produces lexicographic order while implementing search—what comparator should you provide?,javascript
Your React.memo does not prevent rerenders during checkout—which prop reference might still be changing?,react
Your promise rejection is not caught during checkout—where should you add error handling?,javascript
Your exception is caught but important context is lost during checkout—how would you preserve the original cause?,python
Your model changes are not saved on a login page—how would you check fillable fields and the save flow?,php / laravel
Your component needs different behavior for mobile width on a login page—how would you keep responsive state synchronized with the browser?,react
Your dataclass instances compare unexpectedly during checkout—which generated methods and field options would you inspect?,python
Your queued job never runs while implementing search—how would you check the queue connection and worker process?,php / laravel
Your conditional type gives an unexpected result for a union while building a dashboard—how would distributive behavior affect it?,typescript
Your failed job keeps retrying during checkout—how would you inspect attempts and failure handling?,php / laravel
Your JSON.parse throws an error for stored data in an admin panel—how would you guard against invalid JSON?,javascript
Your interface and type alias seem interchangeable while implementing search—which extension or composition need would guide your choice?,typescript
Your COUNT returns a surprising value with NULL data during checkout—how do COUNT(*) and COUNT(column) differ?,sql
Your custom hook causes duplicate subscriptions on a product listing—how would you verify its setup and cleanup behavior?,react
Your preventDefault does not stop the expected browser action on a login page—how would you confirm which event is being handled?,javascript
Your file path works locally but fails after deployment on a settings screen—how would you construct it portably?,node.js
Your COUNT returns a surprising value with NULL data in an admin panel—how do COUNT(*) and COUNT(column) differ?,sql
Your package update breaks production on a product listing—how would you use lockfiles and version ranges to control upgrades?,node.js
Your date range misses rows created late on the final day on a login page—how would you write the boundary safely?,sql
Your class implementation misses an interface member while building a dashboard—how would you satisfy the contract correctly?,typescript
Your Node process exits before an asynchronous task finishes on a login page—how would you trace the pending work?,node.js
Your context manager must manage a database transaction while building a dashboard—where would you commit and roll back?,python
Your font causes layout shift during loading during checkout—how would Next.js font optimization help?,next.js
Your enum adds behavior you do not need while building a dashboard—when would a union of literal types be simpler?,typescript
Your string concatenation produces an unexpected result with a number while implementing search—how would you convert the value explicitly?,javascript
Your asynchronous code returns undefined before the data arrives during checkout—how would you wait for the result correctly?,javascript
Your Eloquent query returns soft-deleted records unexpectedly during checkout—how would you inspect scopes and withTrashed usage?,php / laravel
Your object property name is computed dynamically while implementing search—how would you access it safely?,javascript
Your server listens on the wrong port in production in a user profile—how would you use environment-based configuration?,node.js
Your large CSV consumes too much memory on a login page—how would you process it incrementally?,python
Your component needs different behavior for mobile width in a user profile—how would you keep responsive state synchronized with the browser?,react
Your npm package works globally but not inside the project in an admin panel—how would you check local dependencies and scripts?,node.js
Your React warning says two children have the same key on a settings screen—how would you generate a unique stable key?,react
Your form submits and immediately reloads the page while building a dashboard—where should you prevent the default submission?,javascript
Your logging appears twice while building a dashboard—how would you inspect handler configuration and propagation?,python
Your API returns stack traces in production while implementing search—how would you separate development and production error responses?,express.js
Your server receives an empty object from your fetch request while implementing search—which headers and serialization steps would you verify?,javascript
Your file upload request has no file data in an admin panel—which multipart middleware and field name would you verify?,express.js
Your nested object access crashes when an intermediate value is missing in a user profile—how would optional chaining help?,javascript
Your transaction leaves half the changes saved after an error on a login page—how would you use rollback correctly?,sql
Your datetime comparison mixes timezone-aware and naive values while implementing search—how would you normalize them?,python
Your parallel routes need separate UI slots while building a dashboard—how would you organize the route segments?,next.js
Your dictionary merge overwrites values unexpectedly on a product listing—how would you control the conflict rule?,python
Your mapped type should make every property optional while implementing search—how would you construct it?,typescript
Your flex items refuse to shrink and overflow the container in an admin panel—which flex properties would you check?,html / css
Your rate limiting should apply only to login attempts during checkout—how would you mount the limiter selectively?,express.js
Your server data and local UI state conflict on a login page—how would you separate their responsibilities?,react
Your datetime comparison mixes timezone-aware and naive values in an admin panel—how would you normalize them?,python
Your readonly object still contains mutable nested values while building a dashboard—how would you understand shallow versus deep immutability?,typescript
Your Eloquent query returns soft-deleted records unexpectedly while implementing search—how would you inspect scopes and withTrashed usage?,php / laravel
Your regular expression is slow on long input while handling notifications—how would you simplify a pattern with catastrophic backtracking?,python
Your date range misses rows created late on the final day on a product listing—how would you write the boundary safely?,sql
Your API returns stack traces in production in a user profile—how would you separate development and production error responses?,express.js
Your query string contains unescaped user input in an admin panel—how would you encode the parameters safely?,javascript
Your authentication middleware protects every route including login on a product listing—how would you change the middleware order or scope?,express.js
Your rate limiting should apply only to login attempts in an admin panel—how would you mount the limiter selectively?,express.js
Your 100vh causes unwanted scrolling on mobile in an admin panel—which newer viewport units could you consider?,html / css
Your intercepting route should show a modal instead of a full navigation on a settings screen—how would you structure the matching route folders?,next.js
Your optional property is used as if it always exists on a login page—how would you handle the undefined case?,typescript
Your component needs to expose a DOM element to its parent during checkout—when would you use a ref?,react
Your inline element ignores your width and height on a login page—how would you change its display behavior?,html / css
Your subclass constructor does not initialize the parent in an admin panel—how would you call the parent implementation correctly?,python
Your modal renders inside a parent with clipping styles on a product listing—how would a portal solve the layout problem?,react
Your responsive layout breaks only on a small phone screen in an admin panel—how would you adjust the media query and sizing rules?,html / css
Your context manager must manage a database transaction during form validation—where would you commit and roll back?,python
Your preventDefault does not stop the expected browser action while building a dashboard—how would you confirm which event is being handled?,javascript
Your optimistic update must be rolled back after a failed request while implementing search—how would you preserve the previous state?,react
Your async route throws but the error response is inconsistent on a product listing—how would you forward failures to centralized handling?,express.js
Your async function runs sequentially instead of concurrently on a login page—how would you schedule the coroutines together?,python
Your process pool fails because a function cannot be pickled on a product listing—how would you restructure the callable?,python
"Your cookie is not sent from the browser during checkout—which CORS, credentials, SameSite, and secure settings would you inspect?",express.js
Your file remains open after an error during form validation—how would a context manager solve the cleanup?,python
Your file path works locally but fails after deployment while building a dashboard—how would you construct it portably?,node.js
Your button handler runs twice on a settings screen—how would you find and prevent duplicate event listeners?,javascript
Your broad except block hides programming errors during checkout—which specific exceptions should you catch?,python
Your exception is caught but important context is lost on a login page—how would you preserve the original cause?,python
Your context manager must manage a database transaction in a user profile—where would you commit and roll back?,python
"Your array method returns an unexpected value in a user profile—how would you choose between map, filter, find, and reduce?",javascript
Your spread syntax copies an object but nested values still change on a settings screen—why does that happen and how would you handle it?,javascript
Your policy denies a user who should have access while building a dashboard—how would you trace the authenticated user and ability arguments?,php / laravel
Your subclass constructor does not initialize the parent while handling notifications—how would you call the parent implementation correctly?,python
Your list items lose their internal state after reordering on a login page—how would you choose stable keys?,react
Your metadata differs between dynamic product pages while building a dashboard—how would you generate it from route data?,next.js
Your error middleware is skipped in a user profile—how would you verify its four-argument signature and registration order?,express.js
Your controller method receives no validated input on a product listing—where should you inspect the request validation rules?,php / laravel
Your pagination becomes slow on very large offsets on a login page—how could keyset pagination help?,sql
Your foreign key insert fails on a product listing—how would you check the referenced parent row and column types?,sql
Your image stretches out of proportion on a product listing—which CSS properties would preserve its aspect ratio?,html / css
Your intercepting route should show a modal instead of a full navigation while implementing search—how would you structure the matching route folders?,next.js
Your browser freezes during a large computation in a user profile—how could you break up or move the work?,javascript
Your lazy-loaded component flashes without fallback content on a settings screen—how would you configure Suspense?,react
Your process needs a graceful shutdown while implementing search—how would you close servers and connections on termination signals?,node.js
Your array mutation unexpectedly changes data used elsewhere while implementing search—how would you create an immutable update?,javascript
Your application restarts repeatedly after an uncaught exception while implementing search—how would you capture the root cause safely?,node.js
Your memory usage keeps growing during a long-running process during checkout—how would you investigate a possible leak?,node.js
Your list items lose their internal state after reordering on a product listing—how would you choose stable keys?,react
Your graceful shutdown stops accepting requests but existing requests hang on a login page—how would you track and finish active connections?,express.js
Your LEFT JOIN behaves like an INNER JOIN unexpectedly on a settings screen—where should you place conditions on the optional table?,sql
Your context manager must manage a database transaction on a settings screen—where would you commit and roll back?,python
Your lazy-loaded component flashes without fallback content during checkout—how would you configure Suspense?,react
Your percentage height does not work inside a container in an admin panel—which parent dimensions must be defined?,html / css
Your conditional type gives an unexpected result for a union in an admin panel—how would distributive behavior affect it?,typescript
Your foreign key insert fails during checkout—how would you check the referenced parent row and column types?,sql
Your percentage height does not work inside a container while building a dashboard—which parent dimensions must be defined?,html / css
Your type hints disagree with runtime data while building a dashboard—how would you validate the incoming values?,python
Your async function runs sequentially instead of concurrently while handling notifications—how would you schedule the coroutines together?,python
Your pagination becomes slow on very large offsets while implementing search—how could keyset pagination help?,sql
Your tsconfig change creates many new errors in an admin panel—which strictness option likely exposed the issues?,typescript
Your memory usage keeps growing during a long-running process while building a dashboard—how would you investigate a possible leak?,node.js
Your element is centered horizontally but not vertically during checkout—which container alignment rule is missing?,html / css
Your CORS blocks a frontend request on a settings screen—how would you configure the allowed origin and methods?,express.js
Your multiple async operations should run together on a login page—when would Promise.all or Promise.allSettled be appropriate?,node.js
Your event handler receives stale props on a settings screen—how would you restructure the callback dependencies?,react
Your API response shape is assumed but not verified on a settings screen—how would you combine runtime validation with TypeScript types?,typescript
Your z-index has no visible effect in an admin panel—how would you inspect the stacking contexts involved?,html / css
Your Eloquent relationship returns an empty collection unexpectedly in an admin panel—how would you verify the foreign and local keys?,php / laravel
Your Eloquent relationship returns an empty collection unexpectedly while building a dashboard—how would you verify the foreign and local keys?,php / laravel
Your API request updates state after the component unmounts during checkout—how would you cancel or ignore the result?,react
Your readFile blocks your server during heavy traffic during checkout—which asynchronous alternative should you use?,node.js
Your useEffect runs repeatedly and creates an infinite loop in a user profile—which dependency is changing every render?,react
Your cache causes a user-specific response to leak across requests on a login page—how would you configure fetching or rendering safely?,next.js
Your session data disappears between requests while implementing search—how would you inspect the session driver and cookie settings?,php / laravel
Your API resource exposes fields that should stay private in an admin panel—how would you control the transformed response?,php / laravel
Your context manager must manage a database transaction on a product listing—where would you commit and roll back?,python
Your route parameter is undefined on a settings screen—how would you compare the path definition with req.params?,express.js
Your authentication check should run before protected routes render on a product listing—where could middleware fit into the flow?,next.js
Your z-index has no visible effect on a login page—how would you inspect the stacking contexts involved?,html / css
Your dictionary merge overwrites values unexpectedly during checkout—how would you control the conflict rule?,python
Your useEffect runs repeatedly and creates an infinite loop on a settings screen—which dependency is changing every render?,react
Your virtual environment uses the wrong interpreter on a login page—how would you verify the active Python executable?,python
Your streaming a large file causes memory usage to spike during checkout—how would you pipe the data instead of buffering it?,node.js
Your API request updates state after the component unmounts on a login page—how would you cancel or ignore the result?,react
Your loading UI should appear while a route segment is waiting in an admin panel—where would you add the loading file?,next.js
Your regular expression matches more text than expected in a user profile—which flags or quantifiers would you inspect?,javascript
Your event listener never fires during checkout—what would you check in the element selection and event binding?,javascript
Your regular expression is slow on long input on a product listing—how would you simplify a pattern with catastrophic backtracking?,python
Your transaction leaves half the changes saved after an error in an admin panel—how would you use rollback correctly?,sql
Your JSON file becomes corrupted after simultaneous writes while implementing search—how would you serialize or redesign the storage?,node.js
Your enum adds behavior you do not need while implementing search—when would a union of literal types be simpler?,typescript
Your fixed header covers the top of anchored content on a login page—how would you offset the scroll position?,html / css
Your form field value is treated as text instead of a number during checkout—where should you convert its type?,javascript
Your readFile blocks your server during heavy traffic on a product listing—which asynchronous alternative should you use?,node.js
Your generator is exhausted when reused on a product listing—how would you redesign the data flow?,python
Your Node cannot resolve a module in a user profile—how would you inspect the import path and package installation?,node.js
Your function modifies a default list argument across calls during checkout—how would you avoid the shared mutable default?,python
Your search results arrive out of order on a login page—how would you prevent an older request from replacing newer data?,react
Your API request updates state after the component unmounts while implementing search—how would you cancel or ignore the result?,react
Your preventDefault does not stop the expected browser action in an admin panel—how would you confirm which event is being handled?,javascript
Your React component props allow invalid combinations in a user profile—how would you model mutually exclusive props with a union?,typescript
Your file upload is missing from the request in a user profile—how would you verify the form encoding and input name?,php / laravel
Your route parameter is undefined during checkout—how would you compare the path definition with req.params?,express.js
Your logging appears twice in a user profile—how would you inspect handler configuration and propagation?,python
Your useRouter is called in a server component while building a dashboard—how would you restructure the component boundary?,next.js
Your object property name is computed dynamically in a user profile—how would you access it safely?,javascript
Your broad except block hides programming errors on a settings screen—which specific exceptions should you catch?,python
Your class implementation misses an interface member during checkout—how would you satisfy the contract correctly?,typescript
Your React warning says two children have the same key on a login page—how would you generate a unique stable key?,react
Your Laravel route returns a 404 even though the controller exists in a user profile—how would you verify the route definition and cache?,php / laravel
Your large CSV consumes too much memory while handling notifications—how would you process it incrementally?,python
Your animation restarts unexpectedly when a class changes during checkout—how would you control the animation state?,html / css
Your page needs a redirect after validating server-side conditions on a product listing—which Next.js navigation utility would you use?,next.js
Your state update based on previous state gives the wrong result on a product listing—how would you use the functional updater?,react
Your intercepting route should show a modal instead of a full navigation in a user profile—how would you structure the matching route folders?,next.js
Your context update rerenders too many components on a settings screen—how would you split or memoize the context value?,react
Your class attribute is unexpectedly shared by every instance during checkout—where should the value be initialized instead?,python
Your client component needs server-fetched data during checkout—how would you decide where to fetch and pass the data?,next.js
Your component needs to expose a DOM element to its parent on a product listing—when would you use a ref?,react
Your logging appears twice during form validation—how would you inspect handler configuration and propagation?,python
Your enum adds behavior you do not need on a settings screen—when would a union of literal types be simpler?,typescript
Your useCallback makes the code more complex without improving performance in a user profile—how would you decide whether to remove it?,react
Your useEffect runs repeatedly and creates an infinite loop in an admin panel—which dependency is changing every render?,react
Your Laravel route returns a 404 even though the controller exists on a settings screen—how would you verify the route definition and cache?,php / laravel
Your dictionary counting code is verbose during checkout—which standard library collection could simplify it?,python
Your property access fails because TypeScript sees a union type on a settings screen—how would you narrow the type safely?,typescript
Your route should render a page at a URL but the file is ignored while building a dashboard—how would you verify the App Router folder structure and file name?,next.js
Your environment variable is undefined at runtime while implementing search—how would you verify loading and configuration?,node.js
Your form submits and immediately reloads the page while implementing search—where should you prevent the default submission?,javascript
Your loading UI should appear while a route segment is waiting on a settings screen—where would you add the loading file?,next.js
Your query string contains unescaped user input in a user profile—how would you encode the parameters safely?,javascript
Your async function is called without awaiting its result while building a dashboard—how could that create a race condition in your UI?,javascript
Your CPU-heavy loop makes every request slow on a login page—how could you move that work off the event loop?,node.js
Your function overloads are difficult to maintain in an admin panel—could a generic or union parameter simplify the API?,typescript
Your nested prop drilling makes components difficult to maintain while implementing search—when would context or composition be a better choice?,react
Your multiple state updates produce unexpected values while building a dashboard—how would you account for React batching?,react
Your dictionary lookup may not contain a key on a login page—how would you handle the missing value safely?,python
Your model changes are not saved while building a dashboard—how would you check fillable fields and the save flow?,php / laravel
Your server crashes from an unhandled promise rejection during checkout—where should you catch and log the failure?,node.js
Your comparison behaves unexpectedly because the values have different types on a product listing—how would you normalize the values before comparing them?,javascript
Your input switches between controlled and uncontrolled in an admin panel—how would you initialize its value consistently?,react
Your inline element ignores your width and height during checkout—how would you change its display behavior?,html / css
Your object keys must be iterated with both key and value in a user profile—which built-in method would you use?,javascript
Your API returns stack traces in production during checkout—how would you separate development and production error responses?,express.js
Your one route segment needs isolated error handling in a user profile—how would you use the error boundary file convention?,next.js
Your conditional type gives an unexpected result for a union on a login page—how would distributive behavior affect it?,typescript
Your interval keeps running after the feature is closed on a login page—how would you clean it up?,javascript
Your exception is caught but important context is lost on a settings screen—how would you preserve the original cause?,python
Your interval keeps running after the feature is closed while building a dashboard—how would you clean it up?,javascript
Your async function is called without awaiting its result on a settings screen—how could that create a race condition in your UI?,javascript
Your dynamically added button has no click behavior on a product listing—when would event delegation solve the issue?,javascript
Your component fetches the same data on every mount while building a dashboard—how would you introduce caching or shared server state?,react
Your dataclass instances compare unexpectedly during form validation—which generated methods and field options would you inspect?,python
Your type assertion hides a real runtime problem on a product listing—what safer narrowing strategy could you use?,typescript
Your inline element ignores your width and height while building a dashboard—how would you change its display behavior?,html / css
Your CSS custom property falls back unexpectedly during checkout—how would you check its scope and spelling?,html / css
Your intercepting route should show a modal instead of a full navigation while building a dashboard—how would you structure the matching route folders?,next.js
Your two transactions deadlock while building a dashboard—how would you identify the conflicting lock order?,sql
Your two arrays need to be merged without duplicates on a product listing—how would you implement that efficiently?,javascript
Your readFile blocks your server during heavy traffic in a user profile—which asynchronous alternative should you use?,node.js
Your optional property is used as if it always exists on a product listing—how would you handle the undefined case?,typescript
Your unit test passes alone but fails with the full suite during form validation—how would you isolate shared state?,python
Your query causes an N+1 performance problem on a product listing—how would you eager load the required relationship?,php / laravel
Your ellipsis does not appear on overflowing text on a product listing—which three CSS conditions are required?,html / css
Your date displays one day earlier than expected in an admin panel—what timezone behavior would you investigate?,javascript
Your decorator hides the original function metadata during checkout—which utility should you use to preserve it?,python
Your margin collapse changes the spacing around a section during checkout—how would you prevent or account for it?,html / css
Your session data disappears between requests on a product listing—how would you inspect the session driver and cookie settings?,php / laravel
Your date displays one day earlier than expected in a user profile—what timezone behavior would you investigate?,javascript
Your async function runs sequentially instead of concurrently on a product listing—how would you schedule the coroutines together?,python
Your logger misses the final response status on a product listing—where would you attach response lifecycle logging?,express.js
Your dataclass instances compare unexpectedly on a settings screen—which generated methods and field options would you inspect?,python
Your button looks disabled but is still clickable while building a dashboard—how would you implement semantic and visual disabling?,html / css
Your date range misses rows created late on the final day while implementing search—how would you write the boundary safely?,sql
Your server data and local UI state conflict on a settings screen—how would you separate their responsibilities?,react
Your route should render a page at a URL but the file is ignored while implementing search—how would you verify the App Router folder structure and file name?,next.js
Your environment variable is undefined at runtime on a product listing—how would you verify loading and configuration?,node.js
Your effect uses an old state value during checkout—how would you fix the stale closure?,react
Your custom middleware never calls the next handler on a settings screen—where should you invoke next or send a response?,express.js
Your database connection is created for every request during checkout—how would you reuse a connection or pool?,node.js
Your HAVING filter could run before aggregation on a login page—when should you move the condition into WHERE?,sql
Your parallel routes need separate UI slots on a settings screen—how would you organize the route segments?,next.js
Your sorting numbers produces lexicographic order in an admin panel—what comparator should you provide?,javascript
Your React warning says two children have the same key in a user profile—how would you generate a unique stable key?,react
Your CSRF protection rejects an AJAX request on a product listing—how would you send the token correctly?,php / laravel
Your derived value is stored in state and becomes inconsistent in a user profile—how would you compute it from existing data instead?,react
Your one route segment needs isolated error handling on a product listing—how would you use the error boundary file convention?,next.js
Your COUNT returns a surprising value with NULL data in a user profile—how do COUNT(*) and COUNT(column) differ?,sql
Your position absolute element appears relative to the wrong container on a login page—which ancestor positioning rule would you verify?,html / css
Your class implementation misses an interface member in an admin panel—how would you satisfy the contract correctly?,typescript
Your readFile blocks your server during heavy traffic while building a dashboard—which asynchronous alternative should you use?,node.js
Your async route throws but the error response is inconsistent while building a dashboard—how would you forward failures to centralized handling?,express.js
Your generic function loses the relationship between input and output while building a dashboard—how would you introduce a type parameter?,typescript
Your process needs a graceful shutdown on a product listing—how would you close servers and connections on termination signals?,node.js
Your scheduled task runs twice after scaling the app while implementing search—how would you prevent duplicate execution?,node.js
Your CSRF protection rejects an AJAX request in an admin panel—how would you send the token correctly?,php / laravel
Your font causes layout shift during loading in an admin panel—how would Next.js font optimization help?,next.js
Your deeply nested loops are slowing down the page while building a dashboard—how would you identify a better data structure or algorithm?,javascript
Your controller method receives no validated input during checkout—where should you inspect the request validation rules?,php / laravel
Your URL parameter is missing after navigation on a login page—how would you construct and read it reliably?,javascript
Your logger misses the final response status while implementing search—where would you attach response lifecycle logging?,express.js
Your foreign key insert fails while implementing search—how would you check the referenced parent row and column types?,sql
Your class attribute is unexpectedly shared by every instance on a login page—where should the value be initialized instead?,python
Your animation restarts unexpectedly when a class changes while building a dashboard—how would you control the animation state?,html / css
Your function loses the expected this value on a product listing—what change would preserve the correct context?,javascript
Your function loses the expected this value in a user profile—what change would preserve the correct context?,javascript
Your API response shape is assumed but not verified on a login page—how would you combine runtime validation with TypeScript types?,typescript
Your image from a remote host is rejected while implementing search—which image configuration would you update?,next.js
Your validation rule should depend on another field in a user profile—how would you implement conditional validation?,php / laravel
Your process needs a graceful shutdown while building a dashboard—how would you close servers and connections on termination signals?,node.js
Your decorator hides the original function metadata in an admin panel—which utility should you use to preserve it?,python
Your API resource exposes fields that should stay private in a user profile—how would you control the transformed response?,php / laravel
Your failed job keeps retrying in a user profile—how would you inspect attempts and failure handling?,php / laravel
Your server listens on the wrong port in production while implementing search—how would you use environment-based configuration?,node.js
Your long word breaks the page layout on a product listing—how would you allow safe word breaking?,html / css
Your request validation is duplicated across controllers on a product listing—how would you extract reusable validation middleware?,express.js
Your localStorage value is not restored as the original object in a user profile—how would you serialize and parse it correctly?,javascript
Your Laravel route returns a 404 even though the controller exists on a product listing—how would you verify the route definition and cache?,php / laravel
Your query value is missing during checkout—where should you read it from the request?,express.js
Your streaming a large file causes memory usage to spike on a settings screen—how would you pipe the data instead of buffering it?,node.js
Your API endpoint is not recognized on a settings screen—how would you structure the route handler file?,next.js
Your shared navigation appears on every page on a product listing—where should you place it in the layout hierarchy?,next.js
Your JSON.parse throws an error for stored data while building a dashboard—how would you guard against invalid JSON?,javascript
Your localStorage value is not restored as the original object on a settings screen—how would you serialize and parse it correctly?,javascript
Your JSON serialization fails for a custom object in a user profile—how would you provide a serializable representation?,python
Your regular expression matches more text than expected while building a dashboard—which flags or quantifiers would you inspect?,javascript
Your variable is undefined inside a callback on a product listing—how would you trace the scope causing the problem?,javascript
Your page needs a redirect after validating server-side conditions in an admin panel—which Next.js navigation utility would you use?,next.js
Your subclass constructor does not initialize the parent while building a dashboard—how would you call the parent implementation correctly?,python
Your rate limiting should apply only to login attempts while building a dashboard—how would you mount the limiter selectively?,express.js
Your loop skips items after removing elements from the same list in an admin panel—how would you iterate without mutating the active sequence?,python
Your server logs are hard to correlate across requests in a user profile—how would you attach a request identifier?,node.js
Your form input has no accessible name on a login page—what HTML association would you add?,html / css
Your API request succeeds but JSON parsing fails while building a dashboard—what should you inspect in the response handling?,javascript
Your dictionary counting code is verbose in a user profile—which standard library collection could simplify it?,python
Your datetime comparison mixes timezone-aware and naive values while handling notifications—how would you normalize them?,python
Your fixed header covers the top of anchored content on a product listing—how would you offset the scroll position?,html / css
Your child process output is missing in a user profile—which stdout and stderr events would you handle?,node.js
Your two arrays need to be merged without duplicates while building a dashboard—how would you implement that efficiently?,javascript
Your Laravel environment value seems outdated during checkout—how would configuration caching affect the result?,php / laravel
"Your cookie is not sent from the browser on a login page—which CORS, credentials, SameSite, and secure settings would you inspect?",express.js
Your input switches between controlled and uncontrolled on a product listing—how would you initialize its value consistently?,react
Your file upload is missing from the request during checkout—how would you verify the form encoding and input name?,php / laravel
Your API response shape is assumed but not verified while implementing search—how would you combine runtime validation with TypeScript types?,typescript
Your parallel routes need separate UI slots on a product listing—how would you organize the route segments?,next.js
Your recursive data such as categories must be queried while building a dashboard—when would a recursive CTE be appropriate?,sql
Your form submits and immediately reloads the page on a login page—where should you prevent the default submission?,javascript
Your function parameter becomes implicitly any in an admin panel—where should you add an explicit type?,typescript
Your async function runs sequentially instead of concurrently in an admin panel—how would you schedule the coroutines together?,python
Your page shows stale data after a mutation while building a dashboard—how would you revalidate the relevant route or data?,next.js
Your unique constraint rejects a value that looks different during checkout—what normalization or collation issue could explain it?,sql
Your React component props allow invalid combinations while building a dashboard—how would you model mutually exclusive props with a union?,typescript
Your multiple async operations should run together in an admin panel—when would Promise.all or Promise.allSettled be appropriate?,node.js
Your function modifies a default list argument across calls on a login page—how would you avoid the shared mutable default?,python
Your pip installs a package but your script cannot import it on a login page—how would you check interpreter and environment mismatch?,python
Your threaded code does not speed up CPU-bound work during form validation—how would the GIL influence your approach?,python
Your unit test passes alone but fails with the full suite on a login page—how would you isolate shared state?,python
Your asynchronous code returns undefined before the data arrives while building a dashboard—how would you wait for the result correctly?,javascript
Your virtual environment uses the wrong interpreter on a product listing—how would you verify the active Python executable?,python
Your promise rejection is not caught on a product listing—where should you add error handling?,javascript
Your element is centered horizontally but not vertically on a login page—which container alignment rule is missing?,html / css
Your two transactions deadlock on a product listing—how would you identify the conflicting lock order?,sql
Your streaming a large file causes memory usage to spike on a product listing—how would you pipe the data instead of buffering it?,node.js
Your policy denies a user who should have access during checkout—how would you trace the authenticated user and ability arguments?,php / laravel
Your npm package works globally but not inside the project while implementing search—how would you check local dependencies and scripts?,node.js
Your file remains open after an error in an admin panel—how would a context manager solve the cleanup?,python
Your modal renders inside a parent with clipping styles during checkout—how would a portal solve the layout problem?,react
Your dropdown is hidden behind another component on a product listing—how would you debug its positioning and stacking order?,html / css
Your npm package works globally but not inside the project in a user profile—how would you check local dependencies and scripts?,node.js
Your proxy hides the original client IP in a user profile—which trust proxy configuration would you consider?,express.js
Your environment variable is undefined at runtime during checkout—how would you verify loading and configuration?,node.js
Your long word breaks the page layout while building a dashboard—how would you allow safe word breaking?,html / css
Your exception is caught but important context is lost while implementing search—how would you preserve the original cause?,python
Your fixed header covers the top of anchored content in an admin panel—how would you offset the scroll position?,html / css
Your browser says a variable is already declared on a product listing—how would you locate the duplicate declaration?,javascript
Your array lookup may return undefined during checkout—how would you handle it under strict settings?,typescript
Your dataclass instances compare unexpectedly while implementing search—which generated methods and field options would you inspect?,python
Your query value is missing while building a dashboard—where should you read it from the request?,express.js
"Your CSS rule is not applying to an element on a login page—how would you inspect specificity, inheritance, and the cascade?",html / css
Your Laravel event listener does not execute in an admin panel—how would you verify registration and queue configuration?,php / laravel
Your useEffect runs repeatedly and creates an infinite loop while implementing search—which dependency is changing every render?,react
Your scheduled task runs twice after scaling the app during checkout—how would you prevent duplicate execution?,node.js
Your threaded code does not speed up CPU-bound work while building a dashboard—how would the GIL influence your approach?,python
Your CSS transition does not animate while building a dashboard—how would you verify the changed property and transition declaration?,html / css
Your model changes are not saved on a product listing—how would you check fillable fields and the save flow?,php / laravel
Your file upload request has no file data in a user profile—which multipart middleware and field name would you verify?,express.js
Your subquery returns more than one value where one is expected during checkout—how would you change the comparison or aggregation?,sql
Your form field value is treated as text instead of a number on a product listing—where should you convert its type?,javascript
Your npm package works globally but not inside the project while building a dashboard—how would you check local dependencies and scripts?,node.js
Your API returns stack traces in production on a login page—how would you separate development and production error responses?,express.js
Your function modifies a default list argument across calls in an admin panel—how would you avoid the shared mutable default?,python
Your function loses the expected this value during checkout—what change would preserve the correct context?,javascript
Your large JSON response is slow to generate in a user profile—how would you profile serialization and response size?,node.js
Your list comprehension becomes hard to debug during form validation—when would an explicit loop be clearer?,python
Your package import works in an interactive shell but fails when running a module while implementing search—how would you run the package correctly?,python
Your client component needs server-fetched data on a settings screen—how would you decide where to fetch and pass the data?,next.js
Your function overloads are difficult to maintain while implementing search—could a generic or union parameter simplify the API?,typescript
Your server listens on the wrong port in production while building a dashboard—how would you use environment-based configuration?,node.js
Your flex items refuse to shrink and overflow the container while building a dashboard—which flex properties would you check?,html / css
Your error in one component crashes the whole screen on a product listing—where would you place an error boundary?,react
Your input validation accepts whitespace-only text on a product listing—how would you normalize the input first?,javascript
Your CPU-heavy loop makes every request slow on a settings screen—how could you move that work off the event loop?,node.js
Your secret appears in a repository commit on a login page—how would you remove it from configuration and rotate it?,node.js
Your subclass constructor does not initialize the parent in a user profile—how would you call the parent implementation correctly?,python
Your percentage height does not work inside a container on a login page—which parent dimensions must be defined?,html / css
Your array lookup may return undefined on a settings screen—how would you handle it under strict settings?,typescript
Your script works in one file but not another while implementing search—how would you check module scope and script loading?,javascript
Your async route throws but the error response is inconsistent on a settings screen—how would you forward failures to centralized handling?,express.js
Your subclass constructor does not initialize the parent during form validation—how would you call the parent implementation correctly?,python
Your DOM query returns null while building a dashboard—how would you verify the selector and execution timing?,javascript
Your broad except block hides programming errors while implementing search—which specific exceptions should you catch?,python
Your class attribute is unexpectedly shared by every instance while building a dashboard—where should the value be initialized instead?,python
Your subclass constructor does not initialize the parent on a login page—how would you call the parent implementation correctly?,python
Your streaming a large file causes memory usage to spike while building a dashboard—how would you pipe the data instead of buffering it?,node.js
Your dictionary merge overwrites values unexpectedly while implementing search—how would you control the conflict rule?,python
Your model changes are not saved during checkout—how would you check fillable fields and the save flow?,php / laravel
Your route handler never receives the parsed JSON body in an admin panel—which middleware must run before the route?,express.js
Your route handler never receives the parsed JSON body during checkout—which middleware must run before the route?,express.js
Your optimistic update must be rolled back after a failed request on a settings screen—how would you preserve the previous state?,react
Your grid layout creates columns wider than the viewport on a product listing—how would you constrain the track sizes?,html / css
Your list comprehension becomes hard to debug on a product listing—when would an explicit loop be clearer?,python
Your router paths produce duplicated URL segments in an admin panel—how would you check the mount path and child routes?,express.js
Your component needs different behavior for mobile width during checkout—how would you keep responsive state synchronized with the browser?,react
Your memory usage keeps growing during a long-running process in an admin panel—how would you investigate a possible leak?,node.js
Your request validation is duplicated across controllers while building a dashboard—how would you extract reusable validation middleware?,express.js
Your database connection is created for every request while implementing search—how would you reuse a connection or pool?,node.js
Your file upload request has no file data while implementing search—which multipart middleware and field name would you verify?,express.js
Your API call should retry only transient failures on a settings screen—how would you distinguish retryable exceptions?,python
Your large CSV consumes too much memory during checkout—how would you process it incrementally?,python
Your file path works locally but fails after deployment on a login page—how would you construct it portably?,node.js
Your search results arrive out of order in an admin panel—how would you prevent an older request from replacing newer data?,react
Your CommonJS import fails after switching to ES modules during checkout—what module configuration would you review?,node.js
Your aggregate query mixes grouped and ungrouped columns during checkout—how would you rewrite it correctly?,sql
Your loading UI should appear while a route segment is waiting during checkout—where would you add the loading file?,next.js
Your relative file path fails when the application starts from another directory while implementing search—how would you build a stable path?,python
Your setTimeout inside a loop prints the wrong index while implementing search—how would you fix the variable scope?,javascript
Your server listens on the wrong port in production during checkout—how would you use environment-based configuration?,node.js
Your case-insensitive search is unexpectedly slow during checkout—what indexing or collation options would you investigate?,sql
Your event listener never fires while implementing search—what would you check in the element selection and event binding?,javascript
Your lazy-loaded component flashes without fallback content in a user profile—how would you configure Suspense?,react
Your state update based on previous state gives the wrong result while building a dashboard—how would you use the functional updater?,react
"Your CSS rule is not applying to an element on a product listing—how would you inspect specificity, inheritance, and the cascade?",html / css
Your function overloads are difficult to maintain while building a dashboard—could a generic or union parameter simplify the API?,typescript
Your session data disappears between requests on a settings screen—how would you inspect the session driver and cookie settings?,php / laravel
Your position absolute element appears relative to the wrong container in an admin panel—which ancestor positioning rule would you verify?,html / css
Your query is slow despite filtering by a common column while implementing search—how would you inspect indexes and the execution plan?,sql
Your font causes layout shift during loading while building a dashboard—how would Next.js font optimization help?,next.js
Your database connection is created for every request in a user profile—how would you reuse a connection or pool?,node.js
Your event handler receives stale props in an admin panel—how would you restructure the callback dependencies?,react
Your dictionary lookup may not contain a key on a settings screen—how would you handle the missing value safely?,python
Your LEFT JOIN behaves like an INNER JOIN unexpectedly in an admin panel—where should you place conditions on the optional table?,sql
Your query string contains unescaped user input while building a dashboard—how would you encode the parameters safely?,javascript
Your authentication middleware protects every route including login on a login page—how would you change the middleware order or scope?,express.js
Your JSON.parse throws an error for stored data while implementing search—how would you guard against invalid JSON?,javascript
Your object property name is computed dynamically while building a dashboard—how would you access it safely?,javascript
Your deeply nested loops are slowing down the page on a product listing—how would you identify a better data structure or algorithm?,javascript
Your logging appears twice on a settings screen—how would you inspect handler configuration and propagation?,python
Your component state changes but the UI does not rerender as expected on a login page—how would you check whether the state was mutated directly?,react
Your grid layout creates columns wider than the viewport while building a dashboard—how would you constrain the track sizes?,html / css
Your loading UI should appear while a route segment is waiting while implementing search—where would you add the loading file?,next.js
Your scheduled task runs twice after scaling the app in a user profile—how would you prevent duplicate execution?,node.js
Your environment variable is unavailable in the browser on a settings screen—which naming and exposure rule would you check?,next.js
Your JSON serialization fails for a custom object during form validation—how would you provide a serializable representation?,python
Your image from a remote host is rejected on a product listing—which image configuration would you update?,next.js
Your function parameter becomes implicitly any during checkout—where should you add an explicit type?,typescript
Your HAVING filter could run before aggregation in a user profile—when should you move the condition into WHERE?,sql
Your shared navigation appears on every page in a user profile—where should you place it in the layout hierarchy?,next.js
Your z-index has no visible effect on a product listing—how would you inspect the stacking contexts involved?,html / css
Your file remains open after an error on a login page—how would a context manager solve the cleanup?,python
Your route handler needs query parameters during checkout—how would you read them from the request?,next.js
Your task must retry after a temporary failure in a user profile—how would you add bounded retry logic?,node.js
Your CSRF protection rejects an AJAX request in a user profile—how would you send the token correctly?,php / laravel
Your Laravel environment value seems outdated while implementing search—how would configuration caching affect the result?,php / laravel
Your object literal has an unexpected extra property error on a product listing—how would you adjust the interface without weakening validation unnecessarily?,typescript
Your aggregate query mixes grouped and ungrouped columns on a product listing—how would you rewrite it correctly?,sql
Your responsive layout breaks only on a small phone screen during checkout—how would you adjust the media query and sizing rules?,html / css
Your request validation is duplicated across controllers in a user profile—how would you extract reusable validation middleware?,express.js
Your form input has no accessible name on a product listing—what HTML association would you add?,html / css
Your URL parameter is missing after navigation on a product listing—how would you construct and read it reliably?,javascript
Your session disappears after restarting the server while building a dashboard—how would you choose persistent session storage?,express.js
Your multiple async operations should run together while implementing search—when would Promise.all or Promise.allSettled be appropriate?,node.js
Your rate limiting should apply only to login attempts on a product listing—how would you mount the limiter selectively?,express.js
Your server crashes from an unhandled promise rejection in a user profile—where should you catch and log the failure?,node.js
Your HAVING filter could run before aggregation on a product listing—when should you move the condition into WHERE?,sql
Your API returns stack traces in production while building a dashboard—how would you separate development and production error responses?,express.js
Your event handler receives stale props while building a dashboard—how would you restructure the callback dependencies?,react
Your metadata differs between dynamic product pages in an admin panel—how would you generate it from route data?,next.js
Your setTimeout inside a loop prints the wrong index during checkout—how would you fix the variable scope?,javascript
Your form submission should mutate data without building a separate client fetch while implementing search—when could a Server Action be appropriate?,next.js
Your variable is undefined inside a callback on a login page—how would you trace the scope causing the problem?,javascript
Your deployment fails because a page depends on request-time data on a login page—how would you choose the correct rendering behavior?,next.js
Your database transaction commits part of a workflow after an exception on a login page—how would you wrap the operations atomically?,php / laravel
Your class attribute is unexpectedly shared by every instance in an admin panel—where should the value be initialized instead?,python
Your image stretches out of proportion while building a dashboard—which CSS properties would preserve its aspect ratio?,html / css
Your relative file path fails when the application starts from another directory on a settings screen—how would you build a stable path?,python
Your 404 response is returned before a valid route while implementing search—how would you fix the route and middleware order?,express.js
Your Node cannot resolve a module while building a dashboard—how would you inspect the import path and package installation?,node.js
Your browser says a variable is already declared while implementing search—how would you locate the duplicate declaration?,javascript
Your form input has no accessible name in an admin panel—what HTML association would you add?,html / css
Your list items lose their internal state after reordering during checkout—how would you choose stable keys?,react
Your foreign key insert fails in a user profile—how would you check the referenced parent row and column types?,sql
Your hover menu cannot be used on touch devices on a product listing—what interaction alternative would you provide?,html / css
Your query string contains unescaped user input while implementing search—how would you encode the parameters safely?,javascript
Your module import is undefined on a product listing—how would you verify default versus named exports?,javascript
Your NULL comparison never matches while building a dashboard—which SQL predicate should you use instead of equals?,sql
Your asynchronous code returns undefined before the data arrives while implementing search—how would you wait for the result correctly?,javascript
Your UPDATE changes every row by mistake while building a dashboard—what safety checks would you perform before executing it?,sql
Your box width becomes larger than the value you set on a product listing—how would box-sizing affect the calculation?,html / css
Your secret appears in a repository commit in a user profile—how would you remove it from configuration and rotate it?,node.js
Your modal renders inside a parent with clipping styles in a user profile—how would a portal solve the layout problem?,react
Your static page unexpectedly becomes dynamic in an admin panel—what server-side dependency would you inspect?,next.js
Your exception is caught but important context is lost on a product listing—how would you preserve the original cause?,python
Your application restarts repeatedly after an uncaught exception while building a dashboard—how would you capture the root cause safely?,node.js
Your component state changes but the UI does not rerender as expected while building a dashboard—how would you check whether the state was mutated directly?,react
Your box width becomes larger than the value you set during checkout—how would box-sizing affect the calculation?,html / css
Your regular expression matches more text than expected while implementing search—which flags or quantifiers would you inspect?,javascript
Your request validation is duplicated across controllers during checkout—how would you extract reusable validation middleware?,express.js
Your relative file path fails when the application starts from another directory while handling notifications—how would you build a stable path?,python
"Your cookie is not sent from the browser in an admin panel—which CORS, credentials, SameSite, and secure settings would you inspect?",express.js
"Your array method returns an unexpected value while implementing search—how would you choose between map, filter, find, and reduce?",javascript
Your 100vh causes unwanted scrolling on mobile during checkout—which newer viewport units could you consider?,html / css
Your one route segment needs isolated error handling on a settings screen—how would you use the error boundary file convention?,next.js
Your form submission should mutate data without building a separate client fetch on a product listing—when could a Server Action be appropriate?,next.js
Your child rerenders whenever the parent changes in an admin panel—how would you determine whether memoization is useful?,react
Your background image is cropped unexpectedly on a login page—how would you tune its size and position?,html / css
Your HAVING filter could run before aggregation while building a dashboard—when should you move the condition into WHERE?,sql
Your animation restarts unexpectedly when a class changes in an admin panel—how would you control the animation state?,html / css
Your package import works in an interactive shell but fails when running a module on a login page—how would you run the package correctly?,python
Your position absolute element appears relative to the wrong container on a product listing—which ancestor positioning rule would you verify?,html / css
Your query causes an N+1 performance problem while building a dashboard—how would you eager load the required relationship?,php / laravel
Your npm package works globally but not inside the project during checkout—how would you check local dependencies and scripts?,node.js
Your state update based on previous state gives the wrong result during checkout—how would you use the functional updater?,react
Your nested prop drilling makes components difficult to maintain during checkout—when would context or composition be a better choice?,react
Your API endpoint is not recognized while implementing search—how would you structure the route handler file?,next.js
Your dropdown is hidden behind another component during checkout—how would you debug its positioning and stacking order?,html / css
Your list comprehension becomes hard to debug in an admin panel—when would an explicit loop be clearer?,python
Your context update rerenders too many components while building a dashboard—how would you split or memoize the context value?,react
Your file remains open after an error while implementing search—how would a context manager solve the cleanup?,python
Your server returns stale configuration after editing an environment file during checkout—what restart or loading behavior would you check?,node.js
Your pagination becomes slow on very large offsets while building a dashboard—how could keyset pagination help?,sql
Your image from a remote host is rejected on a settings screen—which image configuration would you update?,next.js
Your regular expression is slow on long input while building a dashboard—how would you simplify a pattern with catastrophic backtracking?,python
Your file upload is missing from the request on a product listing—how would you verify the form encoding and input name?,php / laravel
Your custom middleware never calls the next handler on a product listing—where should you invoke next or send a response?,express.js
Your debounced search still makes too many requests on a product listing—what would you check in the debounce implementation?,javascript
Your uploaded file URL returns 404 on a product listing—how would you configure public storage access?,php / laravel
Your class implementation misses an interface member in a user profile—how would you satisfy the contract correctly?,typescript
"Your array method returns an unexpected value on a product listing—how would you choose between map, filter, find, and reduce?",javascript
Your nested object access crashes when an intermediate value is missing on a settings screen—how would optional chaining help?,javascript
Your application restarts repeatedly after an uncaught exception on a product listing—how would you capture the root cause safely?,node.js
Your 404 response is returned before a valid route in an admin panel—how would you fix the route and middleware order?,express.js
Your Laravel environment value seems outdated while building a dashboard—how would configuration caching affect the result?,php / laravel
Your datetime comparison mixes timezone-aware and naive values during checkout—how would you normalize them?,python
Your lazy-loaded component flashes without fallback content while implementing search—how would you configure Suspense?,react
Your URL parameter is missing after navigation while implementing search—how would you construct and read it reliably?,javascript
Your router paths produce duplicated URL segments on a settings screen—how would you check the mount path and child routes?,express.js
Your unique constraint rejects a value that looks different while implementing search—what normalization or collation issue could explain it?,sql
Your subclass constructor does not initialize the parent while implementing search—how would you call the parent implementation correctly?,python
Your text overflows a card instead of wrapping in an admin panel—which wrapping and width rules would you inspect?,html / css
Your context manager must manage a database transaction during checkout—where would you commit and roll back?,python
Your form submission reloads the page in an admin panel—where should you prevent the default event?,react
Your list filtering is slow on every keystroke in an admin panel—how would you defer or memoize expensive rendering work?,react
Your useCallback makes the code more complex without improving performance on a product listing—how would you decide whether to remove it?,react
Your scheduled task runs twice after scaling the app in an admin panel—how would you prevent duplicate execution?,node.js
Your margin collapse changes the spacing around a section while building a dashboard—how would you prevent or account for it?,html / css
Your component needs to expose a DOM element to its parent while implementing search—when would you use a ref?,react
Your shared navigation appears on every page in an admin panel—where should you place it in the layout hierarchy?,next.js
Your object literal has an unexpected extra property error on a login page—how would you adjust the interface without weakening validation unnecessarily?,typescript
Your Laravel event listener does not execute during checkout—how would you verify registration and queue configuration?,php / laravel
Your form field value is treated as text instead of a number on a login page—where should you convert its type?,javascript
Your optimistic update must be rolled back after a failed request while building a dashboard—how would you preserve the previous state?,react
Your query returns duplicate rows after joining two tables on a login page—how would you inspect the join cardinality?,sql
Your file upload is missing from the request while implementing search—how would you verify the form encoding and input name?,php / laravel
Your API call should retry only transient failures on a login page—how would you distinguish retryable exceptions?,python
Your composite index is ignored on a login page—how would you check the column order against the query?,sql
Your task must retry after a temporary failure on a login page—how would you add bounded retry logic?,node.js
Your CSRF protection rejects an AJAX request while implementing search—how would you send the token correctly?,php / laravel
Your browser freezes during a large computation on a product listing—how could you break up or move the work?,javascript
Your API endpoint is not recognized on a login page—how would you structure the route handler file?,next.js
Your generic function loses the relationship between input and output on a login page—how would you introduce a type parameter?,typescript
Your function parameter becomes implicitly any on a product listing—where should you add an explicit type?,typescript
Your page shows stale data after a mutation on a settings screen—how would you revalidate the relevant route or data?,next.js
Your subquery returns more than one value where one is expected on a product listing—how would you change the comparison or aggregation?,sql
Your modal renders inside a parent with clipping styles in an admin panel—how would a portal solve the layout problem?,react
Your datetime comparison mixes timezone-aware and naive values on a settings screen—how would you normalize them?,python
Your database transaction commits part of a workflow after an exception in an admin panel—how would you wrap the operations atomically?,php / laravel
Your dictionary lookup may not contain a key while handling notifications—how would you handle the missing value safely?,python
Your JSON file becomes corrupted after simultaneous writes on a product listing—how would you serialize or redesign the storage?,node.js
Your function loses the expected this value while building a dashboard—what change would preserve the correct context?,javascript
Your input validation accepts whitespace-only text while implementing search—how would you normalize the input first?,javascript
Your array lookup may return undefined in an admin panel—how would you handle it under strict settings?,typescript
Your setTimeout inside a loop prints the wrong index in an admin panel—how would you fix the variable scope?,javascript
Your API endpoint is not recognized while building a dashboard—how would you structure the route handler file?,next.js
Your process pool fails because a function cannot be pickled in a user profile—how would you restructure the callable?,python
Your class attribute is unexpectedly shared by every instance while handling notifications—where should the value be initialized instead?,python
Your DOM query returns null in an admin panel—how would you verify the selector and execution timing?,javascript
Your broad except block hides programming errors in an admin panel—which specific exceptions should you catch?,python
Your package update breaks production while building a dashboard—how would you use lockfiles and version ranges to control upgrades?,node.js
Your uploaded file URL returns 404 while implementing search—how would you configure public storage access?,php / laravel
Your component fetches the same data on every mount on a settings screen—how would you introduce caching or shared server state?,react
Your ref value changes but the UI stays the same during checkout—why should that value be state instead?,react
Your memory usage keeps growing during a long-running process while implementing search—how would you investigate a possible leak?,node.js
Your third-party JavaScript package has no types in an admin panel—how would you add a declaration safely?,typescript
Your migration runs locally but fails in production on a product listing—how would you inspect database state and migration order?,php / laravel
Your controlled input becomes unresponsive in a user profile—which value and onChange connection would you inspect?,react
Your recursive data such as categories must be queried while implementing search—when would a recursive CTE be appropriate?,sql
Your URL parameter is missing after navigation while building a dashboard—how would you construct and read it reliably?,javascript
Your metadata differs between dynamic product pages during checkout—how would you generate it from route data?,next.js
Your deployment fails because a page depends on request-time data in an admin panel—how would you choose the correct rendering behavior?,next.js
Your loading UI should appear while a route segment is waiting in a user profile—where would you add the loading file?,next.js
Your proxy hides the original client IP in an admin panel—which trust proxy configuration would you consider?,express.js
Your child process output is missing while building a dashboard—which stdout and stderr events would you handle?,node.js
Your path alias works in TypeScript but fails at runtime on a login page—how would you configure the runtime or bundler to match it?,typescript
Your child process output is missing in an admin panel—which stdout and stderr events would you handle?,node.js
Your middleware runs on routes you did not intend while building a dashboard—how would you refine its matcher?,next.js
Your queued job never runs on a login page—how would you check the queue connection and worker process?,php / laravel
Your database transaction commits part of a workflow after an exception while implementing search—how would you wrap the operations atomically?,php / laravel
Your 404 response is returned before a valid route during checkout—how would you fix the route and middleware order?,express.js
Your validation rule should depend on another field on a login page—how would you implement conditional validation?,php / laravel
Your session disappears after restarting the server in an admin panel—how would you choose persistent session storage?,express.js
Your text overflows a card instead of wrapping on a login page—which wrapping and width rules would you inspect?,html / css
Your query is slow despite filtering by a common column during checkout—how would you inspect indexes and the execution plan?,sql
Your label click does not focus the associated input during checkout—how would you connect the label correctly?,html / css
Your dynamic route parameter is undefined in a user profile—how would you verify the folder name and parameter access?,next.js
Your relative file path fails when the application starts from another directory during checkout—how would you build a stable path?,python
Your image stretches out of proportion on a login page—which CSS properties would preserve its aspect ratio?,html / css
Your script works in one file but not another in a user profile—how would you check module scope and script loading?,javascript
Your CSRF protection rejects an AJAX request on a login page—how would you send the token correctly?,php / laravel
Your component state changes but the UI does not rerender as expected in an admin panel—how would you check whether the state was mutated directly?,react
Your Laravel event listener does not execute on a product listing—how would you verify registration and queue configuration?,php / laravel
Your metadata differs between dynamic product pages on a settings screen—how would you generate it from route data?,next.js
Your type hints disagree with runtime data on a settings screen—how would you validate the incoming values?,python
Your dynamically added button has no click behavior during checkout—when would event delegation solve the issue?,javascript
Your list comprehension becomes hard to debug on a login page—when would an explicit loop be clearer?,python
Your Laravel environment value seems outdated in a user profile—how would configuration caching affect the result?,php / laravel
Your aggregate query mixes grouped and ungrouped columns while building a dashboard—how would you rewrite it correctly?,sql
Your query is slow despite filtering by a common column in an admin panel—how would you inspect indexes and the execution plan?,sql
Your React.memo does not prevent rerenders while implementing search—which prop reference might still be changing?,react
Your Node process exits before an asynchronous task finishes in a user profile—how would you trace the pending work?,node.js
Your npm package works globally but not inside the project on a product listing—how would you check local dependencies and scripts?,node.js
Your one route segment needs isolated error handling while building a dashboard—how would you use the error boundary file convention?,next.js
Your one route segment needs isolated error handling while implementing search—how would you use the error boundary file convention?,next.js
Your static page unexpectedly becomes dynamic in a user profile—what server-side dependency would you inspect?,next.js
Your object index access has an implicit any error in a user profile—how would keyof help type the key?,typescript
Your error middleware is skipped in an admin panel—how would you verify its four-argument signature and registration order?,express.js
Your fetch request sends no request body on a settings screen—how would you configure the method and body correctly?,javascript
Your dataclass instances compare unexpectedly while building a dashboard—which generated methods and field options would you inspect?,python
Your type assertion hides a real runtime problem on a login page—what safer narrowing strategy could you use?,typescript
Your server returns stale configuration after editing an environment file in a user profile—what restart or loading behavior would you check?,node.js
Your DELETE statement must remove only related records while building a dashboard—how would you verify the WHERE clause first?,sql
Your custom middleware never calls the next handler during checkout—where should you invoke next or send a response?,express.js
Your regular expression is slow on long input in an admin panel—how would you simplify a pattern with catastrophic backtracking?,python
Your broad except block hides programming errors while building a dashboard—which specific exceptions should you catch?,python
Your query returns duplicate rows after joining two tables on a settings screen—how would you inspect the join cardinality?,sql
Your dynamic route parameter is undefined while building a dashboard—how would you verify the folder name and parameter access?,next.js
Your React.memo does not prevent rerenders in a user profile—which prop reference might still be changing?,react
Your COUNT returns a surprising value with NULL data on a login page—how do COUNT(*) and COUNT(column) differ?,sql
Your relative file path fails when the application starts from another directory on a product listing—how would you build a stable path?,python
Your page shows stale data after a mutation on a login page—how would you revalidate the relevant route or data?,next.js
Your optimistic update must be rolled back after a failed request during checkout—how would you preserve the previous state?,react
Your CommonJS import fails after switching to ES modules while implementing search—what module configuration would you review?,node.js
Your model changes are not saved on a settings screen—how would you check fillable fields and the save flow?,php / laravel
Your decorator hides the original function metadata on a login page—which utility should you use to preserve it?,python
Your error middleware is skipped while building a dashboard—how would you verify its four-argument signature and registration order?,express.js
Your two transactions deadlock in a user profile—how would you identify the conflicting lock order?,sql
Your scheduled task runs twice after scaling the app while building a dashboard—how would you prevent duplicate execution?,node.js
Your intercepting route should show a modal instead of a full navigation on a product listing—how would you structure the matching route folders?,next.js
Your object keys must be iterated with both key and value while implementing search—which built-in method would you use?,javascript
Your dictionary merge overwrites values unexpectedly while handling notifications—how would you control the conflict rule?,python
Your table becomes unusable on a narrow screen while building a dashboard—what responsive strategy would you apply?,html / css
Your property access fails because TypeScript sees a union type during checkout—how would you narrow the type safely?,typescript
Your two arrays need to be merged without duplicates in a user profile—how would you implement that efficiently?,javascript
Your server crashes from an unhandled promise rejection on a product listing—where should you catch and log the failure?,node.js
Your Eloquent query returns soft-deleted records unexpectedly on a login page—how would you inspect scopes and withTrashed usage?,php / laravel
Your API call should retry only transient failures during form validation—how would you distinguish retryable exceptions?,python
Your promise rejection is not caught in a user profile—where should you add error handling?,javascript
Your 404 page is not shown for missing dynamic data on a settings screen—how would you trigger the not-found behavior?,next.js
Your JSON serialization fails for a custom object on a login page—how would you provide a serializable representation?,python
Your localStorage value is not restored as the original object while building a dashboard—how would you serialize and parse it correctly?,javascript
Your child process output is missing on a settings screen—which stdout and stderr events would you handle?,node.js
Your queued job never runs in a user profile—how would you check the queue connection and worker process?,php / laravel
Your file upload is missing from the request on a login page—how would you verify the form encoding and input name?,php / laravel
Your dictionary merge overwrites values unexpectedly during form validation—how would you control the conflict rule?,python
Your element is centered horizontally but not vertically in an admin panel—which container alignment rule is missing?,html / css
Your streaming a large file causes memory usage to spike in an admin panel—how would you pipe the data instead of buffering it?,node.js
Your function overloads are difficult to maintain in a user profile—could a generic or union parameter simplify the API?,typescript
Your object index access has an implicit any error during checkout—how would keyof help type the key?,typescript
Your dictionary counting code is verbose in an admin panel—which standard library collection could simplify it?,python
Your environment variable is unavailable in the browser on a login page—which naming and exposure rule would you check?,next.js
Your function parameter becomes implicitly any in a user profile—where should you add an explicit type?,typescript
Your React component props allow invalid combinations during checkout—how would you model mutually exclusive props with a union?,typescript
Your decorator hides the original function metadata while building a dashboard—which utility should you use to preserve it?,python
Your deeply nested loops are slowing down the page in an admin panel—how would you identify a better data structure or algorithm?,javascript
Your page needs a redirect after validating server-side conditions while building a dashboard—which Next.js navigation utility would you use?,next.js
Your Eloquent relationship returns an empty collection unexpectedly on a settings screen—how would you verify the foreign and local keys?,php / laravel
Your package update breaks production in an admin panel—how would you use lockfiles and version ranges to control upgrades?,node.js
Your database connection is created for every request in an admin panel—how would you reuse a connection or pool?,node.js
Your button handler runs twice in an admin panel—how would you find and prevent duplicate event listeners?,javascript
Your query needs the latest row for each user on a login page—how would you use a window function or grouped strategy?,sql
Your subquery returns more than one value where one is expected in a user profile—how would you change the comparison or aggregation?,sql
Your CSS transition does not animate in an admin panel—how would you verify the changed property and transition declaration?,html / css
Your transaction leaves half the changes saved after an error while implementing search—how would you use rollback correctly?,sql
Your large CSV consumes too much memory on a product listing—how would you process it incrementally?,python
Your asynchronous code returns undefined before the data arrives in an admin panel—how would you wait for the result correctly?,javascript
Your broad except block hides programming errors on a product listing—which specific exceptions should you catch?,python
"Your SVG icon inherits an unexpected color on a login page—which fill, stroke, or currentColor rule would you inspect?",html / css
Your fetch request sends no request body on a login page—how would you configure the method and body correctly?,javascript
Your child rerenders whenever the parent changes during checkout—how would you determine whether memoization is useful?,react
Your generator is exhausted when reused on a login page—how would you redesign the data flow?,python
Your unique constraint rejects a value that looks different on a login page—what normalization or collation issue could explain it?,sql
Your multiple state updates produce unexpected values on a settings screen—how would you account for React batching?,react
Your server crashes from an unhandled promise rejection on a login page—where should you catch and log the failure?,node.js
Your task must retry after a temporary failure while building a dashboard—how would you add bounded retry logic?,node.js
Your route handler never receives the parsed JSON body on a product listing—which middleware must run before the route?,express.js
Your server receives an empty object from your fetch request on a settings screen—which headers and serialization steps would you verify?,javascript
Your case-insensitive search is unexpectedly slow in an admin panel—what indexing or collation options would you investigate?,sql
Your API resource exposes fields that should stay private while implementing search—how would you control the transformed response?,php / laravel
Your route handler needs query parameters while implementing search—how would you read them from the request?,next.js
Your third-party JavaScript package has no types on a product listing—how would you add a declaration safely?,typescript
Your nested prop drilling makes components difficult to maintain while building a dashboard—when would context or composition be a better choice?,react
Your dictionary merge overwrites values unexpectedly in a user profile—how would you control the conflict rule?,python
Your dictionary lookup may not contain a key in a user profile—how would you handle the missing value safely?,python
Your large CSV consumes too much memory in an admin panel—how would you process it incrementally?,python
Your dictionary counting code is verbose while building a dashboard—which standard library collection could simplify it?,python
Your proxy hides the original client IP while implementing search—which trust proxy configuration would you consider?,express.js
Your query value is missing on a login page—where should you read it from the request?,express.js
Your JSON serialization fails for a custom object during checkout—how would you provide a serializable representation?,python
Your dark mode styles are overridden by existing rules on a login page—how would you organize the selectors to avoid conflicts?,html / css
Your percentage height does not work inside a container on a product listing—which parent dimensions must be defined?,html / css
Your API request updates state after the component unmounts on a product listing—how would you cancel or ignore the result?,react
Your tsconfig change creates many new errors while building a dashboard—which strictness option likely exposed the issues?,typescript
Your intercepting route should show a modal instead of a full navigation on a login page—how would you structure the matching route folders?,next.js
Your type hints disagree with runtime data in an admin panel—how would you validate the incoming values?,python
Your spread syntax copies an object but nested values still change on a product listing—why does that happen and how would you handle it?,javascript
Your static page unexpectedly becomes dynamic on a product listing—what server-side dependency would you inspect?,next.js
Your component needs different behavior for mobile width while building a dashboard—how would you keep responsive state synchronized with the browser?,react
Your fetch request sends no request body in an admin panel—how would you configure the method and body correctly?,javascript
Your Laravel event listener does not execute while building a dashboard—how would you verify registration and queue configuration?,php / laravel
Your Eloquent query returns soft-deleted records unexpectedly on a product listing—how would you inspect scopes and withTrashed usage?,php / laravel
Your npm package works globally but not inside the project on a login page—how would you check local dependencies and scripts?,node.js
Your file remains open after an error while handling notifications—how would a context manager solve the cleanup?,python
Your string concatenation produces an unexpected result with a number while building a dashboard—how would you convert the value explicitly?,javascript
Your custom middleware never calls the next handler in a user profile—where should you invoke next or send a response?,express.js
Your scheduled task runs twice after scaling the app on a settings screen—how would you prevent duplicate execution?,node.js
Your optimistic update must be rolled back after a failed request on a login page—how would you preserve the previous state?,react
Your setTimeout inside a loop prints the wrong index in a user profile—how would you fix the variable scope?,javascript
Your regular expression matches more text than expected in an admin panel—which flags or quantifiers would you inspect?,javascript
Your query is slow despite filtering by a common column on a product listing—how would you inspect indexes and the execution plan?,sql
Your client component needs server-fetched data while building a dashboard—how would you decide where to fetch and pass the data?,next.js
Your NULL comparison never matches on a product listing—which SQL predicate should you use instead of equals?,sql
Your string concatenation produces an unexpected result with a number on a product listing—how would you convert the value explicitly?,javascript
Your form submission reloads the page on a product listing—where should you prevent the default event?,react
Your multiple async operations should run together in a user profile—when would Promise.all or Promise.allSettled be appropriate?,node.js
Your relative file path fails when the application starts from another directory on a login page—how would you build a stable path?,python
Your localStorage value is not restored as the original object on a login page—how would you serialize and parse it correctly?,javascript
Your element is centered horizontally but not vertically on a product listing—which container alignment rule is missing?,html / css
Your route handler needs query parameters in a user profile—how would you read them from the request?,next.js
Your API request succeeds but JSON parsing fails on a settings screen—what should you inspect in the response handling?,javascript
Your generator is exhausted when reused while building a dashboard—how would you redesign the data flow?,python
Your responsive layout breaks only on a small phone screen on a product listing—how would you adjust the media query and sizing rules?,html / css
Your router paths produce duplicated URL segments in a user profile—how would you check the mount path and child routes?,express.js
Your route handler needs query parameters on a product listing—how would you read them from the request?,next.js
Your lazy-loaded component flashes without fallback content on a login page—how would you configure Suspense?,react
Your query string contains unescaped user input on a login page—how would you encode the parameters safely?,javascript
Your query returns duplicate rows after joining two tables in an admin panel—how would you inspect the join cardinality?,sql
Your state update based on previous state gives the wrong result in an admin panel—how would you use the functional updater?,react
Your unique constraint rejects a value that looks different on a product listing—what normalization or collation issue could explain it?,sql
Your string concatenation produces an unexpected result with a number in a user profile—how would you convert the value explicitly?,javascript
Your multiple state updates produce unexpected values in a user profile—how would you account for React batching?,react
Your CSS custom property falls back unexpectedly on a login page—how would you check its scope and spelling?,html / css
Your server listens on the wrong port in production on a product listing—how would you use environment-based configuration?,node.js
Your object literal has an unexpected extra property error during checkout—how would you adjust the interface without weakening validation unnecessarily?,typescript
Your search results arrive out of order while building a dashboard—how would you prevent an older request from replacing newer data?,react
Your logging appears twice on a login page—how would you inspect handler configuration and propagation?,python
Your readonly object still contains mutable nested values while implementing search—how would you understand shallow versus deep immutability?,typescript
Your text overflows a card instead of wrapping while building a dashboard—which wrapping and width rules would you inspect?,html / css
Your readFile blocks your server during heavy traffic on a settings screen—which asynchronous alternative should you use?,node.js
Your DOM query returns null during checkout—how would you verify the selector and execution timing?,javascript
Your loading UI should appear while a route segment is waiting on a product listing—where would you add the loading file?,next.js
"Your CSS rule is not applying to an element in an admin panel—how would you inspect specificity, inheritance, and the cascade?",html / css
Your function loses the expected this value in an admin panel—what change would preserve the correct context?,javascript
Your promise rejection is not caught while building a dashboard—where should you add error handling?,javascript
Your scheduled task runs twice after scaling the app on a login page—how would you prevent duplicate execution?,node.js
Your sorting numbers produces lexicographic order during checkout—what comparator should you provide?,javascript
Your useEffect runs repeatedly and creates an infinite loop on a product listing—which dependency is changing every render?,react
Your image from a remote host is rejected while building a dashboard—which image configuration would you update?,next.js
Your route should render a page at a URL but the file is ignored on a login page—how would you verify the App Router folder structure and file name?,next.js
Your error middleware is skipped on a login page—how would you verify its four-argument signature and registration order?,express.js
Your server component uses a browser-only API on a login page—how would you move the code behind a client boundary?,next.js
Your threaded code does not speed up CPU-bound work in an admin panel—how would the GIL influence your approach?,python
Your Node process exits before an asynchronous task finishes in an admin panel—how would you trace the pending work?,node.js
Your list comprehension becomes hard to debug on a settings screen—when would an explicit loop be clearer?,python
Your JSON.parse throws an error for stored data on a product listing—how would you guard against invalid JSON?,javascript
Your date range misses rows created late on the final day on a settings screen—how would you write the boundary safely?,sql
Your type hints disagree with runtime data while implementing search—how would you validate the incoming values?,python
Your two transactions deadlock in an admin panel—how would you identify the conflicting lock order?,sql
Your environment variable is unavailable in the browser on a product listing—which naming and exposure rule would you check?,next.js
Your relative file path fails when the application starts from another directory in an admin panel—how would you build a stable path?,python
Your file path works locally but fails after deployment during checkout—how would you construct it portably?,node.js
Your form input has no accessible name while building a dashboard—what HTML association would you add?,html / css
Your middleware runs on routes you did not intend on a settings screen—how would you refine its matcher?,next.js
Your uploaded file URL returns 404 in a user profile—how would you configure public storage access?,php / laravel
Your property access fails because TypeScript sees a union type on a login page—how would you narrow the type safely?,typescript
Your model changes are not saved while implementing search—how would you check fillable fields and the save flow?,php / laravel
Your custom middleware never calls the next handler in an admin panel—where should you invoke next or send a response?,express.js
Your server crashes from an unhandled promise rejection while implementing search—where should you catch and log the failure?,node.js
Your API endpoint is not recognized during checkout—how would you structure the route handler file?,next.js
Your function loses the expected this value while implementing search—what change would preserve the correct context?,javascript
Your 404 page is not shown for missing dynamic data in a user profile—how would you trigger the not-found behavior?,next.js
Your tsconfig change creates many new errors on a login page—which strictness option likely exposed the issues?,typescript
Your session disappears after restarting the server during checkout—how would you choose persistent session storage?,express.js
Your long word breaks the page layout on a login page—how would you allow safe word breaking?,html / css
Your label click does not focus the associated input on a product listing—how would you connect the label correctly?,html / css
Your session data disappears between requests in an admin panel—how would you inspect the session driver and cookie settings?,php / laravel
Your client component needs server-fetched data in a user profile—how would you decide where to fetch and pass the data?,next.js
Your responsive layout breaks only on a small phone screen on a login page—how would you adjust the media query and sizing rules?,html / css
Your background image is cropped unexpectedly on a product listing—how would you tune its size and position?,html / css
Your input switches between controlled and uncontrolled on a login page—how would you initialize its value consistently?,react
Your background image is cropped unexpectedly in an admin panel—how would you tune its size and position?,html / css
Your server logs are hard to correlate across requests on a product listing—how would you attach a request identifier?,node.js
Your NULL comparison never matches during checkout—which SQL predicate should you use instead of equals?,sql
Your setTimeout inside a loop prints the wrong index on a product listing—how would you fix the variable scope?,javascript
Your middleware runs on routes you did not intend while implementing search—how would you refine its matcher?,next.js
Your secret appears in a repository commit while implementing search—how would you remove it from configuration and rotate it?,node.js
Your error in one component crashes the whole screen in a user profile—where would you place an error boundary?,react
Your object literal has an unexpected extra property error on a settings screen—how would you adjust the interface without weakening validation unnecessarily?,typescript
Your DELETE statement must remove only related records in an admin panel—how would you verify the WHERE clause first?,sql
Your custom middleware never calls the next handler while building a dashboard—where should you invoke next or send a response?,express.js
Your threaded code does not speed up CPU-bound work while handling notifications—how would the GIL influence your approach?,python
Your query is slow despite filtering by a common column while building a dashboard—how would you inspect indexes and the execution plan?,sql
Your API response shape is assumed but not verified while building a dashboard—how would you combine runtime validation with TypeScript types?,typescript
Your array mutation unexpectedly changes data used elsewhere on a settings screen—how would you create an immutable update?,javascript
Your HAVING filter could run before aggregation during checkout—when should you move the condition into WHERE?,sql
Your application restarts repeatedly after an uncaught exception on a login page—how would you capture the root cause safely?,node.js
Your server component uses a browser-only API on a product listing—how would you move the code behind a client boundary?,next.js
Your array lookup may return undefined while implementing search—how would you handle it under strict settings?,typescript
Your custom modal is inaccessible from the keyboard in an admin panel—how would you manage focus and dialog semantics?,html / css
Your server data and local UI state conflict on a product listing—how would you separate their responsibilities?,react
Your mapped type should make every property optional in an admin panel—how would you construct it?,typescript
Your browser says a variable is already declared in an admin panel—how would you locate the duplicate declaration?,javascript
Your fetch request sends no request body during checkout—how would you configure the method and body correctly?,javascript
Your migration runs locally but fails in production on a settings screen—how would you inspect database state and migration order?,php / laravel
Your derived value is stored in state and becomes inconsistent while implementing search—how would you compute it from existing data instead?,react
Your box width becomes larger than the value you set while building a dashboard—how would box-sizing affect the calculation?,html / css
Your exception is caught but important context is lost in an admin panel—how would you preserve the original cause?,python
Your useEffect runs repeatedly and creates an infinite loop while building a dashboard—which dependency is changing every render?,react
Your state update based on previous state gives the wrong result in a user profile—how would you use the functional updater?,react
Your JSON serialization fails for a custom object on a product listing—how would you provide a serializable representation?,python
Your async function is called without awaiting its result in a user profile—how could that create a race condition in your UI?,javascript
Your API returns stack traces in production on a product listing—how would you separate development and production error responses?,express.js
Your date displays one day earlier than expected during checkout—what timezone behavior would you investigate?,javascript
Your query causes an N+1 performance problem while implementing search—how would you eager load the required relationship?,php / laravel
Your image from a remote host is rejected in a user profile—which image configuration would you update?,next.js
Your broad except block hides programming errors during form validation—which specific exceptions should you catch?,python
Your dataclass instances compare unexpectedly on a login page—which generated methods and field options would you inspect?,python
Your object index access has an implicit any error while implementing search—how would keyof help type the key?,typescript
Your route handler needs query parameters on a settings screen—how would you read them from the request?,next.js
Your type hints disagree with runtime data during form validation—how would you validate the incoming values?,python
Your list items lose their internal state after reordering in an admin panel—how would you choose stable keys?,react
Your generator is exhausted when reused during form validation—how would you redesign the data flow?,python
Your useEffect runs repeatedly and creates an infinite loop during form validation—which dependency is changing every render?,react
Your React warning says two children have the same key while implementing search—how would you generate a unique stable key?,react
"Your array method returns an unexpected value on a login page—how would you choose between map, filter, find, and reduce?",javascript
Your dataclass instances compare unexpectedly on a product listing—which generated methods and field options would you inspect?,python
Your authentication middleware protects every route including login while building a dashboard—how would you change the middleware order or scope?,express.js
Your variable is undefined inside a callback on a settings screen—how would you trace the scope causing the problem?,javascript
Your input switches between controlled and uncontrolled in a user profile—how would you initialize its value consistently?,react
Your environment variable is unavailable in the browser in a user profile—which naming and exposure rule would you check?,next.js
Your object property name is computed dynamically on a settings screen—how would you access it safely?,javascript
Your context update rerenders too many components during checkout—how would you split or memoize the context value?,react
Your server crashes from an unhandled promise rejection on a settings screen—where should you catch and log the failure?,node.js
Your composite index is ignored in an admin panel—how would you check the column order against the query?,sql
Your list items lose their internal state after reordering on a settings screen—how would you choose stable keys?,react
Your async function is called without awaiting its result during checkout—how could that create a race condition in your UI?,javascript
Your generic function loses the relationship between input and output while implementing search—how would you introduce a type parameter?,typescript
Your 100vh causes unwanted scrolling on mobile on a login page—which newer viewport units could you consider?,html / css
Your property access fails because TypeScript sees a union type in an admin panel—how would you narrow the type safely?,typescript
Your multiple state updates produce unexpected values while implementing search—how would you account for React batching?,react
Your composite index is ignored during checkout—how would you check the column order against the query?,sql
Your policy denies a user who should have access on a login page—how would you trace the authenticated user and ability arguments?,php / laravel
Your child rerenders whenever the parent changes on a settings screen—how would you determine whether memoization is useful?,react
Your LEFT JOIN behaves like an INNER JOIN unexpectedly while building a dashboard—where should you place conditions on the optional table?,sql
Your component needs to expose a DOM element to its parent while building a dashboard—when would you use a ref?,react
Your form field value is treated as text instead of a number in a user profile—where should you convert its type?,javascript
Your threaded code does not speed up CPU-bound work on a settings screen—how would the GIL influence your approach?,python
Your 404 page is not shown for missing dynamic data in an admin panel—how would you trigger the not-found behavior?,next.js
Your deeply nested loops are slowing down the page during checkout—how would you identify a better data structure or algorithm?,javascript
Your enum adds behavior you do not need on a login page—when would a union of literal types be simpler?,typescript
Your case-insensitive search is unexpectedly slow on a product listing—what indexing or collation options would you investigate?,sql
Your form submission reloads the page while implementing search—where should you prevent the default event?,react
Your CommonJS import fails after switching to ES modules on a settings screen—what module configuration would you review?,node.js
Your server logs are hard to correlate across requests in an admin panel—how would you attach a request identifier?,node.js
Your response is sent twice while building a dashboard—how would you prevent execution after an early response?,express.js
Your pip installs a package but your script cannot import it while implementing search—how would you check interpreter and environment mismatch?,python
Your package update breaks production in a user profile—how would you use lockfiles and version ranges to control upgrades?,node.js
Your sorting numbers produces lexicographic order on a product listing—what comparator should you provide?,javascript
Your unit test passes alone but fails with the full suite on a settings screen—how would you isolate shared state?,python
Your controlled input becomes unresponsive on a settings screen—which value and onChange connection would you inspect?,react
Your CSS transition does not animate during checkout—how would you verify the changed property and transition declaration?,html / css
Your array mutation unexpectedly changes data used elsewhere in an admin panel—how would you create an immutable update?,javascript
Your query returns duplicate rows after joining two tables in a user profile—how would you inspect the join cardinality?,sql
Your query value is missing in a user profile—where should you read it from the request?,express.js
Your two arrays need to be merged without duplicates during checkout—how would you implement that efficiently?,javascript
"Your SVG icon inherits an unexpected color during checkout—which fill, stroke, or currentColor rule would you inspect?",html / css
Your class attribute is unexpectedly shared by every instance during form validation—where should the value be initialized instead?,python
Your environment variable is undefined at runtime while building a dashboard—how would you verify loading and configuration?,node.js
Your migration runs locally but fails in production on a login page—how would you inspect database state and migration order?,php / laravel
Your error in one component crashes the whole screen on a login page—where would you place an error boundary?,react
Your logger misses the final response status on a login page—where would you attach response lifecycle logging?,express.js
Your controller method receives no validated input while building a dashboard—where should you inspect the request validation rules?,php / laravel
Your page needs a redirect after validating server-side conditions during checkout—which Next.js navigation utility would you use?,next.js
Your dark mode styles are overridden by existing rules on a product listing—how would you organize the selectors to avoid conflicts?,html / css
Your file path works locally but fails after deployment on a product listing—how would you construct it portably?,node.js
Your localStorage value is not restored as the original object on a product listing—how would you serialize and parse it correctly?,javascript
"Your CSS rule is not applying to an element during checkout—how would you inspect specificity, inheritance, and the cascade?",html / css
Your file path works locally but fails after deployment in a user profile—how would you construct it portably?,node.js
Your logger misses the final response status during checkout—where would you attach response lifecycle logging?,express.js
Your exception is caught but important context is lost in a user profile—how would you preserve the original cause?,python
Your middleware runs on routes you did not intend during checkout—how would you refine its matcher?,next.js
Your list comprehension becomes hard to debug during checkout—when would an explicit loop be clearer?,python
Your composite index is ignored while implementing search—how would you check the column order against the query?,sql
Your search results arrive out of order in a user profile—how would you prevent an older request from replacing newer data?,react
Your list comprehension becomes hard to debug while handling notifications—when would an explicit loop be clearer?,python
Your COUNT returns a surprising value with NULL data on a product listing—how do COUNT(*) and COUNT(column) differ?,sql
Your authentication check should run before protected routes render in a user profile—where could middleware fit into the flow?,next.js
Your context update rerenders too many components on a login page—how would you split or memoize the context value?,react
Your debounced search still makes too many requests during checkout—what would you check in the debounce implementation?,javascript
Your 404 response is returned before a valid route in a user profile—how would you fix the route and middleware order?,express.js
Your router paths produce duplicated URL segments while building a dashboard—how would you check the mount path and child routes?,express.js
Your API request updates state after the component unmounts on a settings screen—how would you cancel or ignore the result?,react
Your flex items refuse to shrink and overflow the container on a product listing—which flex properties would you check?,html / css
Your application restarts repeatedly after an uncaught exception on a settings screen—how would you capture the root cause safely?,node.js
Your CORS blocks a frontend request on a login page—how would you configure the allowed origin and methods?,express.js
Your React warning says two children have the same key on a product listing—how would you generate a unique stable key?,react
Your async route throws but the error response is inconsistent on a login page—how would you forward failures to centralized handling?,express.js
Your task must retry after a temporary failure while implementing search—how would you add bounded retry logic?,node.js
Your string concatenation produces an unexpected result with a number on a settings screen—how would you convert the value explicitly?,javascript
Your composite index is ignored while building a dashboard—how would you check the column order against the query?,sql
Your route handler needs query parameters in an admin panel—how would you read them from the request?,next.js
Your failed job keeps retrying in an admin panel—how would you inspect attempts and failure handling?,php / laravel
Your promise rejection is not caught in an admin panel—where should you add error handling?,javascript
Your button handler runs twice while building a dashboard—how would you find and prevent duplicate event listeners?,javascript
Your datetime comparison mixes timezone-aware and naive values during form validation—how would you normalize them?,python
Your Eloquent relationship returns an empty collection unexpectedly on a product listing—how would you verify the foreign and local keys?,php / laravel
Your object property name is computed dynamically during checkout—how would you access it safely?,javascript
Your LEFT JOIN behaves like an INNER JOIN unexpectedly in a user profile—where should you place conditions on the optional table?,sql
Your type assertion hides a real runtime problem in a user profile—what safer narrowing strategy could you use?,typescript
Your optional property is used as if it always exists in an admin panel—how would you handle the undefined case?,typescript
Your query causes an N+1 performance problem on a login page—how would you eager load the required relationship?,php / laravel
Your parallel routes need separate UI slots in a user profile—how would you organize the route segments?,next.js
Your proxy hides the original client IP on a product listing—which trust proxy configuration would you consider?,express.js
Your asynchronous code returns undefined before the data arrives on a product listing—how would you wait for the result correctly?,javascript
Your context update rerenders too many components in an admin panel—how would you split or memoize the context value?,react
"Your array method returns an unexpected value on a settings screen—how would you choose between map, filter, find, and reduce?",javascript
Your metadata differs between dynamic product pages on a login page—how would you generate it from route data?,next.js
Your file remains open after an error while building a dashboard—how would a context manager solve the cleanup?,python
Your Laravel environment value seems outdated in an admin panel—how would configuration caching affect the result?,php / laravel
Your dictionary lookup may not contain a key during checkout—how would you handle the missing value safely?,python
Your 404 page is not shown for missing dynamic data while implementing search—how would you trigger the not-found behavior?,next.js
Your derived value is stored in state and becomes inconsistent on a product listing—how would you compute it from existing data instead?,react
Your controlled input becomes unresponsive while implementing search—which value and onChange connection would you inspect?,react
Your dropdown is hidden behind another component while building a dashboard—how would you debug its positioning and stacking order?,html / css
Your policy denies a user who should have access on a product listing—how would you trace the authenticated user and ability arguments?,php / laravel
Your secret appears in a repository commit on a product listing—how would you remove it from configuration and rotate it?,node.js
Your recursive data such as categories must be queried on a login page—when would a recursive CTE be appropriate?,sql
Your pagination becomes slow on very large offsets during checkout—how could keyset pagination help?,sql
Your Eloquent relationship returns an empty collection unexpectedly during checkout—how would you verify the foreign and local keys?,php / laravel
Your response is sent twice during checkout—how would you prevent execution after an early response?,express.js
Your datetime comparison mixes timezone-aware and naive values while building a dashboard—how would you normalize them?,python
Your useRouter is called in a server component on a product listing—how would you restructure the component boundary?,next.js
Your dataclass instances compare unexpectedly while handling notifications—which generated methods and field options would you inspect?,python
Your array mutation unexpectedly changes data used elsewhere during checkout—how would you create an immutable update?,javascript
Your Node cannot resolve a module on a login page—how would you inspect the import path and package installation?,node.js
Your label click does not focus the associated input in an admin panel—how would you connect the label correctly?,html / css
Your useRouter is called in a server component in a user profile—how would you restructure the component boundary?,next.js
Your element is centered horizontally but not vertically while building a dashboard—which container alignment rule is missing?,html / css
Your interface and type alias seem interchangeable in a user profile—which extension or composition need would guide your choice?,typescript
Your function modifies a default list argument across calls on a settings screen—how would you avoid the shared mutable default?,python
Your logger misses the final response status in an admin panel—where would you attach response lifecycle logging?,express.js
Your ref value changes but the UI stays the same in a user profile—why should that value be state instead?,react
Your optional property is used as if it always exists during checkout—how would you handle the undefined case?,typescript
Your aggregate query mixes grouped and ungrouped columns in a user profile—how would you rewrite it correctly?,sql
Your Laravel environment value seems outdated on a login page—how would configuration caching affect the result?,php / laravel
Your query causes an N+1 performance problem in a user profile—how would you eager load the required relationship?,php / laravel
Your Laravel route returns a 404 even though the controller exists on a login page—how would you verify the route definition and cache?,php / laravel
Your two transactions deadlock on a login page—how would you identify the conflicting lock order?,sql
Your database transaction commits part of a workflow after an exception during checkout—how would you wrap the operations atomically?,php / laravel
Your function overloads are difficult to maintain during checkout—could a generic or union parameter simplify the API?,typescript
Your table becomes unusable on a narrow screen on a login page—what responsive strategy would you apply?,html / css
Your static page unexpectedly becomes dynamic while building a dashboard—what server-side dependency would you inspect?,next.js
Your dropdown is hidden behind another component on a login page—how would you debug its positioning and stacking order?,html / css
Your dictionary counting code is verbose on a product listing—which standard library collection could simplify it?,python
Your metadata differs between dynamic product pages while implementing search—how would you generate it from route data?,next.js
Your loop skips items after removing elements from the same list while implementing search—how would you iterate without mutating the active sequence?,python
Your server receives an empty object from your fetch request on a product listing—which headers and serialization steps would you verify?,javascript
Your nested object access crashes when an intermediate value is missing on a login page—how would optional chaining help?,javascript
Your validation rule should depend on another field during checkout—how would you implement conditional validation?,php / laravel
Your object property name is computed dynamically on a product listing—how would you access it safely?,javascript
Your large JSON response is slow to generate on a settings screen—how would you profile serialization and response size?,node.js
Your object index access has an implicit any error on a login page—how would keyof help type the key?,typescript
Your date displays one day earlier than expected while implementing search—what timezone behavior would you investigate?,javascript
Your environment variable is unavailable in the browser while implementing search—which naming and exposure rule would you check?,next.js
Your response is sent twice on a settings screen—how would you prevent execution after an early response?,express.js
Your LEFT JOIN behaves like an INNER JOIN unexpectedly on a login page—where should you place conditions on the optional table?,sql
Your custom hook causes duplicate subscriptions on a login page—how would you verify its setup and cleanup behavior?,react
Your localStorage value is not restored as the original object while implementing search—how would you serialize and parse it correctly?,javascript
Your context update rerenders too many components while implementing search—how would you split or memoize the context value?,react
Your useCallback makes the code more complex without improving performance on a settings screen—how would you decide whether to remove it?,react
Your relative file path fails when the application starts from another directory during form validation—how would you build a stable path?,python
Your localStorage value is not restored as the original object during checkout—how would you serialize and parse it correctly?,javascript
Your effect uses an old state value during form validation—how would you fix the stale closure?,react
Your pip installs a package but your script cannot import it while handling notifications—how would you check interpreter and environment mismatch?,python
Your large JSON response is slow to generate during checkout—how would you profile serialization and response size?,node.js
Your hover menu cannot be used on touch devices on a login page—what interaction alternative would you provide?,html / css
Your CORS blocks a frontend request while implementing search—how would you configure the allowed origin and methods?,express.js
Your package import works in an interactive shell but fails when running a module during form validation—how would you run the package correctly?,python
Your type assertion hides a real runtime problem while implementing search—what safer narrowing strategy could you use?,typescript
Your Node cannot resolve a module on a product listing—how would you inspect the import path and package installation?,node.js
Your JSON.parse throws an error for stored data during checkout—how would you guard against invalid JSON?,javascript
Your list comprehension becomes hard to debug while implementing search—when would an explicit loop be clearer?,python
Your child process output is missing during checkout—which stdout and stderr events would you handle?,node.js
Your module import is undefined in a user profile—how would you verify default versus named exports?,javascript
Your multiple state updates produce unexpected values in an admin panel—how would you account for React batching?,react
Your ref value changes but the UI stays the same on a product listing—why should that value be state instead?,react
Your pip installs a package but your script cannot import it in a user profile—how would you check interpreter and environment mismatch?,python
Your date range misses rows created late on the final day in a user profile—how would you write the boundary safely?,sql
Your hover menu cannot be used on touch devices during checkout—what interaction alternative would you provide?,html / css
Your box width becomes larger than the value you set on a login page—how would box-sizing affect the calculation?,html / css
Your async function runs sequentially instead of concurrently on a settings screen—how would you schedule the coroutines together?,python
Your JSON.parse throws an error for stored data on a settings screen—how would you guard against invalid JSON?,javascript
Your middleware runs on routes you did not intend in an admin panel—how would you refine its matcher?,next.js
Your API resource exposes fields that should stay private on a product listing—how would you control the transformed response?,php / laravel
Your browser says a variable is already declared on a login page—how would you locate the duplicate declaration?,javascript
Your session data disappears between requests on a login page—how would you inspect the session driver and cookie settings?,php / laravel
Your API request updates state after the component unmounts in an admin panel—how would you cancel or ignore the result?,react
Your transaction leaves half the changes saved after an error in a user profile—how would you use rollback correctly?,sql
Your regular expression matches more text than expected on a product listing—which flags or quantifiers would you inspect?,javascript
Your CSS transition does not animate on a product listing—how would you verify the changed property and transition declaration?,html / css
Your server returns stale configuration after editing an environment file on a product listing—what restart or loading behavior would you check?,node.js
Your HAVING filter could run before aggregation in an admin panel—when should you move the condition into WHERE?,sql
Your recursive data such as categories must be queried on a product listing—when would a recursive CTE be appropriate?,sql
Your file path works locally but fails after deployment in an admin panel—how would you construct it portably?,node.js
Your streaming a large file causes memory usage to spike while implementing search—how would you pipe the data instead of buffering it?,node.js
Your virtual environment uses the wrong interpreter in a user profile—how would you verify the active Python executable?,python
Your conditional type gives an unexpected result for a union in a user profile—how would distributive behavior affect it?,typescript
Your dictionary merge overwrites values unexpectedly on a settings screen—how would you control the conflict rule?,python
Your ref value changes but the UI stays the same while implementing search—why should that value be state instead?,react
Your function loses the expected this value on a login page—what change would preserve the correct context?,javascript
Your 404 page is not shown for missing dynamic data during checkout—how would you trigger the not-found behavior?,next.js
Your static page unexpectedly becomes dynamic on a login page—what server-side dependency would you inspect?,next.js
Your JSON file becomes corrupted after simultaneous writes on a login page—how would you serialize or redesign the storage?,node.js
Your animation restarts unexpectedly when a class changes on a login page—how would you control the animation state?,html / css
Your API request succeeds but JSON parsing fails on a login page—what should you inspect in the response handling?,javascript
Your debounced search still makes too many requests in a user profile—what would you check in the debounce implementation?,javascript
Your page needs a redirect after validating server-side conditions while implementing search—which Next.js navigation utility would you use?,next.js
Your package update breaks production during checkout—how would you use lockfiles and version ranges to control upgrades?,node.js
Your dynamically added button has no click behavior in a user profile—when would event delegation solve the issue?,javascript
Your browser freezes during a large computation on a login page—how could you break up or move the work?,javascript
Your JSON file becomes corrupted after simultaneous writes during checkout—how would you serialize or redesign the storage?,node.js
Your variable is undefined inside a callback while implementing search—how would you trace the scope causing the problem?,javascript
Your derived value is stored in state and becomes inconsistent during form validation—how would you compute it from existing data instead?,react
Your API response shape is assumed but not verified on a product listing—how would you combine runtime validation with TypeScript types?,typescript
Your response is sent twice in an admin panel—how would you prevent execution after an early response?,express.js
Your pagination links lose existing query filters on a login page—how would you preserve the query string?,php / laravel
Your state update based on previous state gives the wrong result while implementing search—how would you use the functional updater?,react
Your proxy hides the original client IP on a login page—which trust proxy configuration would you consider?,express.js
Your subclass constructor does not initialize the parent during checkout—how would you call the parent implementation correctly?,python
Your database transaction commits part of a workflow after an exception in a user profile—how would you wrap the operations atomically?,php / laravel
Your form submission reloads the page on a login page—where should you prevent the default event?,react
Your one route segment needs isolated error handling on a login page—how would you use the error boundary file convention?,next.js
Your button looks disabled but is still clickable on a login page—how would you implement semantic and visual disabling?,html / css
Your form submission reloads the page while building a dashboard—where should you prevent the default event?,react
Your async route throws but the error response is inconsistent in a user profile—how would you forward failures to centralized handling?,express.js
Your margin collapse changes the spacing around a section on a product listing—how would you prevent or account for it?,html / css
Your memory usage keeps growing during a long-running process in a user profile—how would you investigate a possible leak?,node.js
Your Laravel event listener does not execute in a user profile—how would you verify registration and queue configuration?,php / laravel
Your package update breaks production while implementing search—how would you use lockfiles and version ranges to control upgrades?,node.js
Your property access fails because TypeScript sees a union type while implementing search—how would you narrow the type safely?,typescript
Your composite index is ignored on a settings screen—how would you check the column order against the query?,sql
Your DOM query returns null in a user profile—how would you verify the selector and execution timing?,javascript
Your type assertion hides a real runtime problem during checkout—what safer narrowing strategy could you use?,typescript
Your API endpoint is not recognized in a user profile—how would you structure the route handler file?,next.js
Your font causes layout shift during loading on a product listing—how would Next.js font optimization help?,next.js
Your script works in one file but not another while building a dashboard—how would you check module scope and script loading?,javascript
Your module import is undefined on a login page—how would you verify default versus named exports?,javascript
Your module import is undefined during checkout—how would you verify default versus named exports?,javascript
Your application restarts repeatedly after an uncaught exception during checkout—how would you capture the root cause safely?,node.js
Your form submission reloads the page in a user profile—where should you prevent the default event?,react
Your CORS blocks a frontend request during checkout—how would you configure the allowed origin and methods?,express.js
Your API request succeeds but JSON parsing fails in an admin panel—what should you inspect in the response handling?,javascript
Your threaded code does not speed up CPU-bound work during checkout—how would the GIL influence your approach?,python
Your async function runs sequentially instead of concurrently during checkout—how would you schedule the coroutines together?,python
Your decorator hides the original function metadata during form validation—which utility should you use to preserve it?,python
Your regular expression is slow on long input during form validation—how would you simplify a pattern with catastrophic backtracking?,python
Your dictionary merge overwrites values unexpectedly on a login page—how would you control the conflict rule?,python
Your React component props allow invalid combinations on a product listing—how would you model mutually exclusive props with a union?,typescript
Your grid layout creates columns wider than the viewport in an admin panel—how would you constrain the track sizes?,html / css
Your dictionary lookup may not contain a key in an admin panel—how would you handle the missing value safely?,python
Your API resource exposes fields that should stay private on a login page—how would you control the transformed response?,php / laravel
Your HAVING filter could run before aggregation while implementing search—when should you move the condition into WHERE?,sql
Your two transactions deadlock while implementing search—how would you identify the conflicting lock order?,sql
Your client component needs server-fetched data on a product listing—how would you decide where to fetch and pass the data?,next.js
Your dynamic route parameter is undefined while implementing search—how would you verify the folder name and parameter access?,next.js
Your function modifies a default list argument across calls while implementing search—how would you avoid the shared mutable default?,python
Your component needs to expose a DOM element to its parent on a login page—when would you use a ref?,react
Your margin collapse changes the spacing around a section in an admin panel—how would you prevent or account for it?,html / css
Your object keys must be iterated with both key and value while building a dashboard—which built-in method would you use?,javascript
Your DOM query returns null on a login page—how would you verify the selector and execution timing?,javascript
Your 404 response is returned before a valid route while building a dashboard—how would you fix the route and middleware order?,express.js
Your Node process exits before an asynchronous task finishes during checkout—how would you trace the pending work?,node.js
Your decorator hides the original function metadata while handling notifications—which utility should you use to preserve it?,python
Your form field value is treated as text instead of a number while building a dashboard—where should you convert its type?,javascript
Your database connection is created for every request on a settings screen—how would you reuse a connection or pool?,node.js
Your grid layout creates columns wider than the viewport on a login page—how would you constrain the track sizes?,html / css
Your derived value is stored in state and becomes inconsistent in an admin panel—how would you compute it from existing data instead?,react
Your large JSON response is slow to generate while implementing search—how would you profile serialization and response size?,node.js
Your server receives an empty object from your fetch request on a login page—which headers and serialization steps would you verify?,javascript
Your effect uses an old state value in a user profile—how would you fix the stale closure?,react
Your transaction leaves half the changes saved after an error on a settings screen—how would you use rollback correctly?,sql
Your z-index has no visible effect while building a dashboard—how would you inspect the stacking contexts involved?,html / css
Your server receives an empty object from your fetch request while building a dashboard—which headers and serialization steps would you verify?,javascript
Your generator is exhausted when reused on a settings screen—how would you redesign the data flow?,python
Your script works in one file but not another in an admin panel—how would you check module scope and script loading?,javascript
Your hover menu cannot be used on touch devices while building a dashboard—what interaction alternative would you provide?,html / css
Your interface and type alias seem interchangeable while building a dashboard—which extension or composition need would guide your choice?,typescript
Your deeply nested loops are slowing down the page in a user profile—how would you identify a better data structure or algorithm?,javascript
Your comparison behaves unexpectedly because the values have different types in a user profile—how would you normalize the values before comparing them?,javascript
Your package import works in an interactive shell but fails when running a module on a settings screen—how would you run the package correctly?,python
Your enum adds behavior you do not need on a product listing—when would a union of literal types be simpler?,typescript
Your list filtering is slow on every keystroke on a product listing—how would you defer or memoize expensive rendering work?,react
Your exception is caught but important context is lost while building a dashboard—how would you preserve the original cause?,python
Your loop skips items after removing elements from the same list while building a dashboard—how would you iterate without mutating the active sequence?,python
Your dictionary lookup may not contain a key on a product listing—how would you handle the missing value safely?,python
Your server returns stale configuration after editing an environment file in an admin panel—what restart or loading behavior would you check?,node.js
Your URL parameter is missing after navigation in a user profile—how would you construct and read it reliably?,javascript
Your memory usage keeps growing during a long-running process on a settings screen—how would you investigate a possible leak?,node.js
Your authentication middleware protects every route including login in a user profile—how would you change the middleware order or scope?,express.js
Your Node cannot resolve a module during checkout—how would you inspect the import path and package installation?,node.js
Your queued job never runs on a product listing—how would you check the queue connection and worker process?,php / laravel
Your file path works locally but fails after deployment while implementing search—how would you construct it portably?,node.js
Your page shows stale data after a mutation in a user profile—how would you revalidate the relevant route or data?,next.js
Your optional property is used as if it always exists while building a dashboard—how would you handle the undefined case?,typescript
Your page shows stale data after a mutation on a product listing—how would you revalidate the relevant route or data?,next.js
Your date displays one day earlier than expected while building a dashboard—what timezone behavior would you investigate?,javascript
Your authentication check should run before protected routes render in an admin panel—where could middleware fit into the flow?,next.js
Your nested object access crashes when an intermediate value is missing in an admin panel—how would optional chaining help?,javascript
Your ref value changes but the UI stays the same on a login page—why should that value be state instead?,react
Your event listener never fires on a settings screen—what would you check in the element selection and event binding?,javascript
Your API response shape is assumed but not verified during checkout—how would you combine runtime validation with TypeScript types?,typescript
"Your SVG icon inherits an unexpected color while building a dashboard—which fill, stroke, or currentColor rule would you inspect?",html / css
Your path alias works in TypeScript but fails at runtime during checkout—how would you configure the runtime or bundler to match it?,typescript
Your readonly object still contains mutable nested values in a user profile—how would you understand shallow versus deep immutability?,typescript
Your modal renders inside a parent with clipping styles while implementing search—how would a portal solve the layout problem?,react
Your custom middleware never calls the next handler while implementing search—where should you invoke next or send a response?,express.js
Your form submits and immediately reloads the page in an admin panel—where should you prevent the default submission?,javascript
Your variable is undefined inside a callback while building a dashboard—how would you trace the scope causing the problem?,javascript
Your API request succeeds but JSON parsing fails during checkout—what should you inspect in the response handling?,javascript
Your asynchronous code returns undefined before the data arrives in a user profile—how would you wait for the result correctly?,javascript
Your nested object access crashes when an intermediate value is missing while building a dashboard—how would optional chaining help?,javascript
Your process needs a graceful shutdown during checkout—how would you close servers and connections on termination signals?,node.js
Your dynamically added button has no click behavior while building a dashboard—when would event delegation solve the issue?,javascript
Your JSON serialization fails for a custom object while implementing search—how would you provide a serializable representation?,python
Your authentication middleware protects every route including login on a settings screen—how would you change the middleware order or scope?,express.js
Your interval keeps running after the feature is closed on a product listing—how would you clean it up?,javascript
Your spread syntax copies an object but nested values still change during checkout—why does that happen and how would you handle it?,javascript
Your controlled input becomes unresponsive during form validation—which value and onChange connection would you inspect?,react
Your event handler receives stale props on a product listing—how would you restructure the callback dependencies?,react
Your nested object access crashes when an intermediate value is missing during checkout—how would optional chaining help?,javascript
Your event listener never fires in an admin panel—what would you check in the element selection and event binding?,javascript
Your validation rule should depend on another field while implementing search—how would you implement conditional validation?,php / laravel
Your route handler never receives the parsed JSON body on a settings screen—which middleware must run before the route?,express.js
Your server logs are hard to correlate across requests during checkout—how would you attach a request identifier?,node.js
Your logging appears twice during checkout—how would you inspect handler configuration and propagation?,python
Your composite index is ignored on a product listing—how would you check the column order against the query?,sql
Your API request succeeds but JSON parsing fails on a product listing—what should you inspect in the response handling?,javascript
Your promise rejection is not caught while implementing search—where should you add error handling?,javascript
Your CSS custom property falls back unexpectedly on a product listing—how would you check its scope and spelling?,html / css
"Your cookie is not sent from the browser in a user profile—which CORS, credentials, SameSite, and secure settings would you inspect?",express.js
Your server data and local UI state conflict while implementing search—how would you separate their responsibilities?,react
Your 404 page is not shown for missing dynamic data on a login page—how would you trigger the not-found behavior?,next.js
Your spread syntax copies an object but nested values still change in an admin panel—why does that happen and how would you handle it?,javascript
Your Eloquent relationship returns an empty collection unexpectedly while implementing search—how would you verify the foreign and local keys?,php / laravel
Your optimistic update must be rolled back after a failed request in an admin panel—how would you preserve the previous state?,react
Your dynamic route parameter is undefined in an admin panel—how would you verify the folder name and parameter access?,next.js
Your debounced search still makes too many requests in an admin panel—what would you check in the debounce implementation?,javascript
Your button looks disabled but is still clickable on a product listing—how would you implement semantic and visual disabling?,html / css
Your input validation accepts whitespace-only text while building a dashboard—how would you normalize the input first?,javascript
Your dictionary lookup may not contain a key during form validation—how would you handle the missing value safely?,python
Your loading UI should appear while a route segment is waiting while building a dashboard—where would you add the loading file?,next.js
Your subquery returns more than one value where one is expected on a login page—how would you change the comparison or aggregation?,sql
Your datetime comparison mixes timezone-aware and naive values in a user profile—how would you normalize them?,python
Your function modifies a default list argument across calls on a product listing—how would you avoid the shared mutable default?,python
Your JSON serialization fails for a custom object in an admin panel—how would you provide a serializable representation?,python
Your custom hook causes duplicate subscriptions during checkout—how would you verify its setup and cleanup behavior?,react
Your transaction leaves half the changes saved after an error on a product listing—how would you use rollback correctly?,sql
Your table becomes unusable on a narrow screen in an admin panel—what responsive strategy would you apply?,html / css
Your sorting numbers produces lexicographic order in a user profile—what comparator should you provide?,javascript
Your CORS blocks a frontend request in a user profile—how would you configure the allowed origin and methods?,express.js
Your DOM query returns null while implementing search—how would you verify the selector and execution timing?,javascript
Your tsconfig change creates many new errors while implementing search—which strictness option likely exposed the issues?,typescript
Your object keys must be iterated with both key and value in an admin panel—which built-in method would you use?,javascript
Your dictionary merge overwrites values unexpectedly while building a dashboard—how would you control the conflict rule?,python
Your list filtering is slow on every keystroke on a login page—how would you defer or memoize expensive rendering work?,react
Your async function is called without awaiting its result while implementing search—how could that create a race condition in your UI?,javascript
Your API returns stack traces in production in an admin panel—how would you separate development and production error responses?,express.js
Your query causes an N+1 performance problem on a settings screen—how would you eager load the required relationship?,php / laravel
Your string concatenation produces an unexpected result with a number in an admin panel—how would you convert the value explicitly?,javascript
Your regular expression matches more text than expected on a login page—which flags or quantifiers would you inspect?,javascript
Your async route throws but the error response is inconsistent during checkout—how would you forward failures to centralized handling?,express.js
Your regular expression is slow on long input during checkout—how would you simplify a pattern with catastrophic backtracking?,python
Your table becomes unusable on a narrow screen on a product listing—what responsive strategy would you apply?,html / css
Your React.memo does not prevent rerenders in an admin panel—which prop reference might still be changing?,react
Your dictionary counting code is verbose during form validation—which standard library collection could simplify it?,python
Your logger misses the final response status in a user profile—where would you attach response lifecycle logging?,express.js
Your event listener never fires on a login page—what would you check in the element selection and event binding?,javascript
Your route should render a page at a URL but the file is ignored on a settings screen—how would you verify the App Router folder structure and file name?,next.js
Your object index access has an implicit any error in an admin panel—how would keyof help type the key?,typescript
Your path alias works in TypeScript but fails at runtime in an admin panel—how would you configure the runtime or bundler to match it?,typescript
Your shared navigation appears on every page while building a dashboard—where should you place it in the layout hierarchy?,next.js
Your variable is undefined inside a callback in an admin panel—how would you trace the scope causing the problem?,javascript
Your authentication check should run before protected routes render during checkout—where could middleware fit into the flow?,next.js
Your event handler receives stale props on a login page—how would you restructure the callback dependencies?,react
Your uploaded file URL returns 404 during checkout—how would you configure public storage access?,php / laravel
Your HAVING filter could run before aggregation on a settings screen—when should you move the condition into WHERE?,sql
Your component state changes but the UI does not rerender as expected on a product listing—how would you check whether the state was mutated directly?,react
Your validation rule should depend on another field on a product listing—how would you implement conditional validation?,php / laravel
Your dynamic route parameter is undefined during checkout—how would you verify the folder name and parameter access?,next.js
Your function modifies a default list argument across calls while building a dashboard—how would you avoid the shared mutable default?,python
Your response is sent twice on a product listing—how would you prevent execution after an early response?,express.js
Your button looks disabled but is still clickable during checkout—how would you implement semantic and visual disabling?,html / css
Your regular expression is slow on long input in a user profile—how would you simplify a pattern with catastrophic backtracking?,python
Your cache causes a user-specific response to leak across requests during checkout—how would you configure fetching or rendering safely?,next.js
Your font causes layout shift during loading in a user profile—how would Next.js font optimization help?,next.js
Your module import is undefined in an admin panel—how would you verify default versus named exports?,javascript
Your derived value is stored in state and becomes inconsistent while building a dashboard—how would you compute it from existing data instead?,react
Your dynamic route parameter is undefined on a product listing—how would you verify the folder name and parameter access?,next.js
Your event handler receives stale props in a user profile—how would you restructure the callback dependencies?,react
Your debounced search still makes too many requests while building a dashboard—what would you check in the debounce implementation?,javascript
Your custom hook causes duplicate subscriptions while implementing search—how would you verify its setup and cleanup behavior?,react
Your client component needs server-fetched data while implementing search—how would you decide where to fetch and pass the data?,next.js
Your interval keeps running after the feature is closed in a user profile—how would you clean it up?,javascript
Your browser says a variable is already declared during checkout—how would you locate the duplicate declaration?,javascript
Your path alias works in TypeScript but fails at runtime while building a dashboard—how would you configure the runtime or bundler to match it?,typescript
Your ellipsis does not appear on overflowing text in an admin panel—which three CSS conditions are required?,html / css
Your route handler never receives the parsed JSON body while building a dashboard—which middleware must run before the route?,express.js
Your mapped type should make every property optional on a product listing—how would you construct it?,typescript
Your exception is caught but important context is lost while handling notifications—how would you preserve the original cause?,python
"Your cookie is not sent from the browser on a product listing—which CORS, credentials, SameSite, and secure settings would you inspect?",express.js
Your process pool fails because a function cannot be pickled while building a dashboard—how would you restructure the callable?,python
Your intercepting route should show a modal instead of a full navigation in an admin panel—how would you structure the matching route folders?,next.js
Your async function is called without awaiting its result on a login page—how could that create a race condition in your UI?,javascript
"Your SVG icon inherits an unexpected color on a product listing—which fill, stroke, or currentColor rule would you inspect?",html / css
Your server data and local UI state conflict while building a dashboard—how would you separate their responsibilities?,react
Your form field value is treated as text instead of a number while implementing search—where should you convert its type?,javascript
Your custom hook causes duplicate subscriptions on a settings screen—how would you verify its setup and cleanup behavior?,react
"Your SVG icon inherits an unexpected color in an admin panel—which fill, stroke, or currentColor rule would you inspect?",html / css
Your case-insensitive search is unexpectedly slow on a login page—what indexing or collation options would you investigate?,sql
Your COUNT returns a surprising value with NULL data while building a dashboard—how do COUNT(*) and COUNT(column) differ?,sql
Your generator is exhausted when reused in a user profile—how would you redesign the data flow?,python
Your form submission should mutate data without building a separate client fetch while building a dashboard—when could a Server Action be appropriate?,next.js
Your server listens on the wrong port in production on a login page—how would you use environment-based configuration?,node.js
Your parallel routes need separate UI slots in an admin panel—how would you organize the route segments?,next.js
Your context manager must manage a database transaction while implementing search—where would you commit and roll back?,python
Your path alias works in TypeScript but fails at runtime in a user profile—how would you configure the runtime or bundler to match it?,typescript
Your subquery returns more than one value where one is expected in an admin panel—how would you change the comparison or aggregation?,sql
Your server crashes from an unhandled promise rejection in an admin panel—where should you catch and log the failure?,node.js
Your React warning says two children have the same key in an admin panel—how would you generate a unique stable key?,react
Your context manager must manage a database transaction while handling notifications—where would you commit and roll back?,python
Your derived value is stored in state and becomes inconsistent on a settings screen—how would you compute it from existing data instead?,react
Your component fetches the same data on every mount in an admin panel—how would you introduce caching or shared server state?,react
Your multiple async operations should run together during checkout—when would Promise.all or Promise.allSettled be appropriate?,node.js
Your shared navigation appears on every page on a login page—where should you place it in the layout hierarchy?,next.js
Your modal renders inside a parent with clipping styles while building a dashboard—how would a portal solve the layout problem?,react
Your useRouter is called in a server component on a settings screen—how would you restructure the component boundary?,next.js
Your shared navigation appears on every page on a settings screen—where should you place it in the layout hierarchy?,next.js
Your function overloads are difficult to maintain on a product listing—could a generic or union parameter simplify the API?,typescript
Your UPDATE changes every row by mistake while implementing search—what safety checks would you perform before executing it?,sql
Your long word breaks the page layout in an admin panel—how would you allow safe word breaking?,html / css
Your modal renders inside a parent with clipping styles on a login page—how would a portal solve the layout problem?,react
Your query value is missing while implementing search—where should you read it from the request?,express.js
Your dark mode styles are overridden by existing rules while building a dashboard—how would you organize the selectors to avoid conflicts?,html / css
Your date range misses rows created late on the final day during checkout—how would you write the boundary safely?,sql
Your multiple state updates produce unexpected values on a product listing—how would you account for React batching?,react
Your nested prop drilling makes components difficult to maintain in an admin panel—when would context or composition be a better choice?,react
Your query needs the latest row for each user while implementing search—how would you use a window function or grouped strategy?,sql
Your two transactions deadlock during checkout—how would you identify the conflicting lock order?,sql
Your route parameter is undefined while implementing search—how would you compare the path definition with req.params?,express.js
Your CORS blocks a frontend request on a product listing—how would you configure the allowed origin and methods?,express.js
Your async route throws but the error response is inconsistent while implementing search—how would you forward failures to centralized handling?,express.js
Your file upload request has no file data on a product listing—which multipart middleware and field name would you verify?,express.js
Your loop skips items after removing elements from the same list during checkout—how would you iterate without mutating the active sequence?,python
Your server component uses a browser-only API in an admin panel—how would you move the code behind a client boundary?,next.js
Your unit test passes alone but fails with the full suite on a product listing—how would you isolate shared state?,python
Your dictionary counting code is verbose while implementing search—which standard library collection could simplify it?,python
Your 404 page is not shown for missing dynamic data while building a dashboard—how would you trigger the not-found behavior?,next.js
Your nested prop drilling makes components difficult to maintain on a settings screen—when would context or composition be a better choice?,react
Your browser freezes during a large computation while building a dashboard—how could you break up or move the work?,javascript
Your object literal has an unexpected extra property error while implementing search—how would you adjust the interface without weakening validation unnecessarily?,typescript
Your context update rerenders too many components in a user profile—how would you split or memoize the context value?,react
Your one route segment needs isolated error handling during checkout—how would you use the error boundary file convention?,next.js
Your component fetches the same data on every mount on a login page—how would you introduce caching or shared server state?,react
Your request validation is duplicated across controllers while implementing search—how would you extract reusable validation middleware?,express.js
Your spread syntax copies an object but nested values still change while building a dashboard—why does that happen and how would you handle it?,javascript
Your comparison behaves unexpectedly because the values have different types during checkout—how would you normalize the values before comparing them?,javascript
Your class implementation misses an interface member on a product listing—how would you satisfy the contract correctly?,typescript
Your foreign key insert fails while building a dashboard—how would you check the referenced parent row and column types?,sql
Your decorator hides the original function metadata on a product listing—which utility should you use to preserve it?,python
Your list filtering is slow on every keystroke in a user profile—how would you defer or memoize expensive rendering work?,react
Your image from a remote host is rejected on a login page—which image configuration would you update?,next.js
Your readFile blocks your server during heavy traffic in an admin panel—which asynchronous alternative should you use?,node.js
Your decorator hides the original function metadata on a settings screen—which utility should you use to preserve it?,python
Your custom modal is inaccessible from the keyboard while building a dashboard—how would you manage focus and dialog semantics?,html / css
Your CSS custom property falls back unexpectedly in an admin panel—how would you check its scope and spelling?,html / css
Your COUNT returns a surprising value with NULL data while implementing search—how do COUNT(*) and COUNT(column) differ?,sql
Your API request updates state after the component unmounts during form validation—how would you cancel or ignore the result?,react
Your server data and local UI state conflict in a user profile—how would you separate their responsibilities?,react
Your model changes are not saved in an admin panel—how would you check fillable fields and the save flow?,php / laravel
Your Node process exits before an asynchronous task finishes while building a dashboard—how would you trace the pending work?,node.js
Your file upload request has no file data during checkout—which multipart middleware and field name would you verify?,express.js
Your authentication middleware protects every route including login in an admin panel—how would you change the middleware order or scope?,express.js
Your dictionary lookup may not contain a key while building a dashboard—how would you handle the missing value safely?,python
Your useEffect runs repeatedly and creates an infinite loop on a login page—which dependency is changing every render?,react
Your nested object access crashes when an intermediate value is missing on a product listing—how would optional chaining help?,javascript
Your readonly object still contains mutable nested values on a product listing—how would you understand shallow versus deep immutability?,typescript
Your deeply nested loops are slowing down the page on a login page—how would you identify a better data structure or algorithm?,javascript
Your effect uses an old state value in an admin panel—how would you fix the stale closure?,react
"Your array method returns an unexpected value in an admin panel—how would you choose between map, filter, find, and reduce?",javascript
Your Laravel environment value seems outdated on a product listing—how would configuration caching affect the result?,php / laravel
Your dynamic route parameter is undefined on a login page—how would you verify the folder name and parameter access?,next.js
Your component needs to expose a DOM element to its parent on a settings screen—when would you use a ref?,react
Your shared navigation appears on every page while implementing search—where should you place it in the layout hierarchy?,next.js
Your database transaction commits part of a workflow after an exception while building a dashboard—how would you wrap the operations atomically?,php / laravel
Your API response shape is assumed but not verified in an admin panel—how would you combine runtime validation with TypeScript types?,typescript
Your generic function loses the relationship between input and output in a user profile—how would you introduce a type parameter?,typescript
Your process pool fails because a function cannot be pickled on a settings screen—how would you restructure the callable?,python
Your session data disappears between requests in a user profile—how would you inspect the session driver and cookie settings?,php / laravel
Your large JSON response is slow to generate while building a dashboard—how would you profile serialization and response size?,node.js
Your responsive layout breaks only on a small phone screen while building a dashboard—how would you adjust the media query and sizing rules?,html / css
Your path alias works in TypeScript but fails at runtime while implementing search—how would you configure the runtime or bundler to match it?,typescript
Your dynamically added button has no click behavior on a login page—when would event delegation solve the issue?,javascript
Your useRouter is called in a server component on a login page—how would you restructure the component boundary?,next.js
Your page needs a redirect after validating server-side conditions on a settings screen—which Next.js navigation utility would you use?,next.js
Your function modifies a default list argument across calls while handling notifications—how would you avoid the shared mutable default?,python
Your aggregate query mixes grouped and ungrouped columns in an admin panel—how would you rewrite it correctly?,sql
Your async function is called without awaiting its result on a product listing—how could that create a race condition in your UI?,javascript
Your route parameter is undefined on a login page—how would you compare the path definition with req.params?,express.js
Your type assertion hides a real runtime problem on a settings screen—what safer narrowing strategy could you use?,typescript
Your client component needs server-fetched data in an admin panel—how would you decide where to fetch and pass the data?,next.js
Your generator is exhausted when reused in an admin panel—how would you redesign the data flow?,python
Your DELETE statement must remove only related records on a login page—how would you verify the WHERE clause first?,sql
Your server logs are hard to correlate across requests while building a dashboard—how would you attach a request identifier?,node.js
Your foreign key insert fails in an admin panel—how would you check the referenced parent row and column types?,sql
Your type assertion hides a real runtime problem in an admin panel—what safer narrowing strategy could you use?,typescript
Your DELETE statement must remove only related records while implementing search—how would you verify the WHERE clause first?,sql
Your CPU-heavy loop makes every request slow in a user profile—how could you move that work off the event loop?,node.js
Your input switches between controlled and uncontrolled during checkout—how would you initialize its value consistently?,react
Your useCallback makes the code more complex without improving performance on a login page—how would you decide whether to remove it?,react
Your input validation accepts whitespace-only text in a user profile—how would you normalize the input first?,javascript
Your custom hook causes duplicate subscriptions in an admin panel—how would you verify its setup and cleanup behavior?,react
Your pagination links lose existing query filters while implementing search—how would you preserve the query string?,php / laravel
Your API call should retry only transient failures in an admin panel—how would you distinguish retryable exceptions?,python
Your array lookup may return undefined in a user profile—how would you handle it under strict settings?,typescript
Your router paths produce duplicated URL segments during checkout—how would you check the mount path and child routes?,express.js
Your route parameter is undefined while building a dashboard—how would you compare the path definition with req.params?,express.js
Your pip installs a package but your script cannot import it in an admin panel—how would you check interpreter and environment mismatch?,python
Your unique constraint rejects a value that looks different while building a dashboard—what normalization or collation issue could explain it?,sql
Your loading UI should appear while a route segment is waiting on a login page—where would you add the loading file?,next.js
Your function overloads are difficult to maintain on a login page—could a generic or union parameter simplify the API?,typescript
Your dynamically added button has no click behavior in an admin panel—when would event delegation solve the issue?,javascript
Your error middleware is skipped on a settings screen—how would you verify its four-argument signature and registration order?,express.js
Your scheduled task runs twice after scaling the app on a product listing—how would you prevent duplicate execution?,node.js
Your tsconfig change creates many new errors in a user profile—which strictness option likely exposed the issues?,typescript
Your optional property is used as if it always exists while implementing search—how would you handle the undefined case?,typescript
Your component state changes but the UI does not rerender as expected during form validation—how would you check whether the state was mutated directly?,react
Your date range misses rows created late on the final day in an admin panel—how would you write the boundary safely?,sql
Your case-insensitive search is unexpectedly slow on a settings screen—what indexing or collation options would you investigate?,sql
Your server component uses a browser-only API while implementing search—how would you move the code behind a client boundary?,next.js
Your pip installs a package but your script cannot import it on a settings screen—how would you check interpreter and environment mismatch?,python
Your CORS blocks a frontend request in an admin panel—how would you configure the allowed origin and methods?,express.js
Your component needs different behavior for mobile width on a settings screen—how would you keep responsive state synchronized with the browser?,react
Your loop skips items after removing elements from the same list on a product listing—how would you iterate without mutating the active sequence?,python
Your search results arrive out of order while implementing search—how would you prevent an older request from replacing newer data?,react
Your component needs different behavior for mobile width in an admin panel—how would you keep responsive state synchronized with the browser?,react
Your useCallback makes the code more complex without improving performance in an admin panel—how would you decide whether to remove it?,react
Your readFile blocks your server during heavy traffic on a login page—which asynchronous alternative should you use?,node.js
Your module import is undefined while implementing search—how would you verify default versus named exports?,javascript
Your sorting numbers produces lexicographic order while building a dashboard—what comparator should you provide?,javascript
Your pip installs a package but your script cannot import it during checkout—how would you check interpreter and environment mismatch?,python
Your inline element ignores your width and height on a product listing—how would you change its display behavior?,html / css
Your position absolute element appears relative to the wrong container during checkout—which ancestor positioning rule would you verify?,html / css
Your array mutation unexpectedly changes data used elsewhere on a product listing—how would you create an immutable update?,javascript
Your query is slow despite filtering by a common column on a settings screen—how would you inspect indexes and the execution plan?,sql
Your async function runs sequentially instead of concurrently while implementing search—how would you schedule the coroutines together?,python
Your custom middleware never calls the next handler on a login page—where should you invoke next or send a response?,express.js
Your dynamic route parameter is undefined on a settings screen—how would you verify the folder name and parameter access?,next.js
Your process needs a graceful shutdown in a user profile—how would you close servers and connections on termination signals?,node.js
Your setTimeout inside a loop prints the wrong index while building a dashboard—how would you fix the variable scope?,javascript
Your deployment fails because a page depends on request-time data during checkout—how would you choose the correct rendering behavior?,next.js
Your state update based on previous state gives the wrong result on a settings screen—how would you use the functional updater?,react
Your router paths produce duplicated URL segments on a product listing—how would you check the mount path and child routes?,express.js
Your session data disappears between requests while building a dashboard—how would you inspect the session driver and cookie settings?,php / laravel
Your deeply nested loops are slowing down the page while implementing search—how would you identify a better data structure or algorithm?,javascript
Your two arrays need to be merged without duplicates on a login page—how would you implement that efficiently?,javascript
Your migration runs locally but fails in production while implementing search—how would you inspect database state and migration order?,php / laravel
Your state update based on previous state gives the wrong result on a login page—how would you use the functional updater?,react
Your Eloquent relationship returns an empty collection unexpectedly in a user profile—how would you verify the foreign and local keys?,php / laravel
Your route parameter is undefined in an admin panel—how would you compare the path definition with req.params?,express.js
Your recursive data such as categories must be queried during checkout—when would a recursive CTE be appropriate?,sql
Your process pool fails because a function cannot be pickled on a login page—how would you restructure the callable?,python
Your server data and local UI state conflict in an admin panel—how would you separate their responsibilities?,react
Your query string contains unescaped user input on a product listing—how would you encode the parameters safely?,javascript
Your NULL comparison never matches on a login page—which SQL predicate should you use instead of equals?,sql
Your child process output is missing on a login page—which stdout and stderr events would you handle?,node.js
Your nested prop drilling makes components difficult to maintain on a login page—when would context or composition be a better choice?,react
Your search results arrive out of order during checkout—how would you prevent an older request from replacing newer data?,react
Your pip installs a package but your script cannot import it during form validation—how would you check interpreter and environment mismatch?,python
Your API call should retry only transient failures while building a dashboard—how would you distinguish retryable exceptions?,python
Your error in one component crashes the whole screen in an admin panel—where would you place an error boundary?,react
Your percentage height does not work inside a container during checkout—which parent dimensions must be defined?,html / css
Your enum adds behavior you do not need in an admin panel—when would a union of literal types be simpler?,typescript
Your nested prop drilling makes components difficult to maintain in a user profile—when would context or composition be a better choice?,react
Your context manager must manage a database transaction in an admin panel—where would you commit and roll back?,python
Your server logs are hard to correlate across requests while implementing search—how would you attach a request identifier?,node.js
Your input validation accepts whitespace-only text in an admin panel—how would you normalize the input first?,javascript
Your dark mode styles are overridden by existing rules during checkout—how would you organize the selectors to avoid conflicts?,html / css
Your Laravel route returns a 404 even though the controller exists during checkout—how would you verify the route definition and cache?,php / laravel
Your transaction leaves half the changes saved after an error during checkout—how would you use rollback correctly?,sql
Your readFile blocks your server during heavy traffic while implementing search—which asynchronous alternative should you use?,node.js
Your session data disappears between requests during checkout—how would you inspect the session driver and cookie settings?,php / laravel
Your async function is called without awaiting its result in an admin panel—how could that create a race condition in your UI?,javascript
Your error in one component crashes the whole screen while implementing search—where would you place an error boundary?,react
Your graceful shutdown stops accepting requests but existing requests hang in a user profile—how would you track and finish active connections?,express.js
Your CSRF protection rejects an AJAX request during checkout—how would you send the token correctly?,php / laravel
Your multiple state updates produce unexpected values during checkout—how would you account for React batching?,react
Your server returns stale configuration after editing an environment file while building a dashboard—what restart or loading behavior would you check?,node.js
Your shared navigation appears on every page during checkout—where should you place it in the layout hierarchy?,next.js
Your route should render a page at a URL but the file is ignored in a user profile—how would you verify the App Router folder structure and file name?,next.js
Your object property name is computed dynamically on a login page—how would you access it safely?,javascript
Your z-index has no visible effect during checkout—how would you inspect the stacking contexts involved?,html / css
Your asynchronous code returns undefined before the data arrives on a settings screen—how would you wait for the result correctly?,javascript
Your third-party JavaScript package has no types on a login page—how would you add a declaration safely?,typescript
Your function parameter becomes implicitly any on a settings screen—where should you add an explicit type?,typescript
Your decorator hides the original function metadata while implementing search—which utility should you use to preserve it?,python
Your input switches between controlled and uncontrolled while building a dashboard—how would you initialize its value consistently?,react
Your API call should retry only transient failures while implementing search—how would you distinguish retryable exceptions?,python
Your migration runs locally but fails in production while building a dashboard—how would you inspect database state and migration order?,php / laravel
Your controlled input becomes unresponsive while building a dashboard—which value and onChange connection would you inspect?,react
Your component fetches the same data on every mount while implementing search—how would you introduce caching or shared server state?,react
Your browser freezes during a large computation during checkout—how could you break up or move the work?,javascript
Your child rerenders whenever the parent changes during form validation—how would you determine whether memoization is useful?,react
Your type hints disagree with runtime data on a login page—how would you validate the incoming values?,python
Your spread syntax copies an object but nested values still change while implementing search—why does that happen and how would you handle it?,javascript
Your position absolute element appears relative to the wrong container while building a dashboard—which ancestor positioning rule would you verify?,html / css
Your file upload is missing from the request while building a dashboard—how would you verify the form encoding and input name?,php / laravel
Your NULL comparison never matches while implementing search—which SQL predicate should you use instead of equals?,sql
Your task must retry after a temporary failure in an admin panel—how would you add bounded retry logic?,node.js
Your cache causes a user-specific response to leak across requests in a user profile—how would you configure fetching or rendering safely?,next.js
Your query needs the latest row for each user in a user profile—how would you use a window function or grouped strategy?,sql
Your server data and local UI state conflict during checkout—how would you separate their responsibilities?,react
Your virtual environment uses the wrong interpreter while implementing search—how would you verify the active Python executable?,python
Your component fetches the same data on every mount during checkout—how would you introduce caching or shared server state?,react
Your deployment fails because a page depends on request-time data while building a dashboard—how would you choose the correct rendering behavior?,next.js
Your client component needs server-fetched data on a login page—how would you decide where to fetch and pass the data?,next.js
Your authentication middleware protects every route including login during checkout—how would you change the middleware order or scope?,express.js
Your Laravel event listener does not execute while implementing search—how would you verify registration and queue configuration?,php / laravel
Your secret appears in a repository commit in an admin panel—how would you remove it from configuration and rotate it?,node.js
Your debounced search still makes too many requests on a login page—what would you check in the debounce implementation?,javascript
Your CSS custom property falls back unexpectedly while building a dashboard—how would you check its scope and spelling?,html / css
Your server component uses a browser-only API during checkout—how would you move the code behind a client boundary?,next.js
Your middleware runs on routes you did not intend on a product listing—how would you refine its matcher?,next.js
Your class attribute is unexpectedly shared by every instance on a product listing—where should the value be initialized instead?,python
Your background image is cropped unexpectedly while building a dashboard—how would you tune its size and position?,html / css
Your text overflows a card instead of wrapping on a product listing—which wrapping and width rules would you inspect?,html / css
Your server returns stale configuration after editing an environment file on a login page—what restart or loading behavior would you check?,node.js
Your spread syntax copies an object but nested values still change in a user profile—why does that happen and how would you handle it?,javascript
Your UPDATE changes every row by mistake on a login page—what safety checks would you perform before executing it?,sql
Your server component uses a browser-only API while building a dashboard—how would you move the code behind a client boundary?,next.js
Your virtual environment uses the wrong interpreter while building a dashboard—how would you verify the active Python executable?,python
Your UPDATE changes every row by mistake in a user profile—what safety checks would you perform before executing it?,sql
Your database transaction commits part of a workflow after an exception on a product listing—how would you wrap the operations atomically?,php / laravel
Your comparison behaves unexpectedly because the values have different types in an admin panel—how would you normalize the values before comparing them?,javascript
Your case-insensitive search is unexpectedly slow in a user profile—what indexing or collation options would you investigate?,sql
Your property access fails because TypeScript sees a union type while building a dashboard—how would you narrow the type safely?,typescript
Your object literal has an unexpected extra property error in an admin panel—how would you adjust the interface without weakening validation unnecessarily?,typescript
Your query causes an N+1 performance problem during checkout—how would you eager load the required relationship?,php / laravel
Your metadata differs between dynamic product pages on a product listing—how would you generate it from route data?,next.js
Your ref value changes but the UI stays the same while building a dashboard—why should that value be state instead?,react
Your broad except block hides programming errors while handling notifications—which specific exceptions should you catch?,python
Your pagination becomes slow on very large offsets on a product listing—how could keyset pagination help?,sql
Your regular expression matches more text than expected during checkout—which flags or quantifiers would you inspect?,javascript
Your interface and type alias seem interchangeable in an admin panel—which extension or composition need would guide your choice?,typescript
Your large CSV consumes too much memory in a user profile—how would you process it incrementally?,python
Your CSRF protection rejects an AJAX request on a settings screen—how would you send the token correctly?,php / laravel
Your lazy-loaded component flashes without fallback content on a product listing—how would you configure Suspense?,react
Your streaming a large file causes memory usage to spike in a user profile—how would you pipe the data instead of buffering it?,node.js
Your list filtering is slow on every keystroke while building a dashboard—how would you defer or memoize expensive rendering work?,react
Your middleware runs on routes you did not intend on a login page—how would you refine its matcher?,next.js
Your intercepting route should show a modal instead of a full navigation during checkout—how would you structure the matching route folders?,next.js
Your type hints disagree with runtime data during checkout—how would you validate the incoming values?,python
Your one route segment needs isolated error handling in an admin panel—how would you use the error boundary file convention?,next.js
Your CPU-heavy loop makes every request slow while building a dashboard—how could you move that work off the event loop?,node.js
Your CommonJS import fails after switching to ES modules on a product listing—what module configuration would you review?,node.js
Your object index access has an implicit any error on a product listing—how would keyof help type the key?,typescript
Your interface and type alias seem interchangeable during checkout—which extension or composition need would guide your choice?,typescript
Your list items lose their internal state after reordering in a user profile—how would you choose stable keys?,react
Your CPU-heavy loop makes every request slow in an admin panel—how could you move that work off the event loop?,node.js
Your Node cannot resolve a module on a settings screen—how would you inspect the import path and package installation?,node.js
Your queued job never runs during checkout—how would you check the queue connection and worker process?,php / laravel
Your regular expression is slow on long input on a settings screen—how would you simplify a pattern with catastrophic backtracking?,python
Your query value is missing on a settings screen—where should you read it from the request?,express.js
Your property access fails because TypeScript sees a union type in a user profile—how would you narrow the type safely?,typescript
Your search results arrive out of order on a product listing—how would you prevent an older request from replacing newer data?,react
Your two arrays need to be merged without duplicates in an admin panel—how would you implement that efficiently?,javascript
Your component state changes but the UI does not rerender as expected during checkout—how would you check whether the state was mutated directly?,react
Your threaded code does not speed up CPU-bound work on a product listing—how would the GIL influence your approach?,python
Your object index access has an implicit any error while building a dashboard—how would keyof help type the key?,typescript
Your component state changes but the UI does not rerender as expected while implementing search—how would you check whether the state was mutated directly?,react
Your browser freezes during a large computation in an admin panel—how could you break up or move the work?,javascript
Your React.memo does not prevent rerenders on a login page—which prop reference might still be changing?,react
Your Eloquent query returns soft-deleted records unexpectedly in an admin panel—how would you inspect scopes and withTrashed usage?,php / laravel
Your server listens on the wrong port in production on a settings screen—how would you use environment-based configuration?,node.js
Your image stretches out of proportion in an admin panel—which CSS properties would preserve its aspect ratio?,html / css
Your dynamically added button has no click behavior while implementing search—when would event delegation solve the issue?,javascript
Your child rerenders whenever the parent changes on a login page—how would you determine whether memoization is useful?,react
Your query needs the latest row for each user while building a dashboard—how would you use a window function or grouped strategy?,sql
Your custom hook causes duplicate subscriptions in a user profile—how would you verify its setup and cleanup behavior?,react
Your React.memo does not prevent rerenders on a settings screen—which prop reference might still be changing?,react
Your fetch request sends no request body while building a dashboard—how would you configure the method and body correctly?,javascript
Your cache causes a user-specific response to leak across requests while implementing search—how would you configure fetching or rendering safely?,next.js
Your file remains open after an error in a user profile—how would a context manager solve the cleanup?,python
Your UPDATE changes every row by mistake on a product listing—what safety checks would you perform before executing it?,sql
Your ref value changes but the UI stays the same on a settings screen—why should that value be state instead?,react
Your effect uses an old state value on a product listing—how would you fix the stale closure?,react
Your parallel routes need separate UI slots on a login page—how would you organize the route segments?,next.js
Your file upload is missing from the request on a settings screen—how would you verify the form encoding and input name?,php / laravel
Your asynchronous code returns undefined before the data arrives on a login page—how would you wait for the result correctly?,javascript
Your composite index is ignored in a user profile—how would you check the column order against the query?,sql
Your unit test passes alone but fails with the full suite in a user profile—how would you isolate shared state?,python
Your interval keeps running after the feature is closed while implementing search—how would you clean it up?,javascript
Your dictionary counting code is verbose on a login page—which standard library collection could simplify it?,python
Your JSON serialization fails for a custom object while handling notifications—how would you provide a serializable representation?,python
Your 100vh causes unwanted scrolling on mobile on a product listing—which newer viewport units could you consider?,html / css
Your query is slow despite filtering by a common column in a user profile—how would you inspect indexes and the execution plan?,sql
Your type assertion hides a real runtime problem while building a dashboard—what safer narrowing strategy could you use?,typescript
Your useCallback makes the code more complex without improving performance while implementing search—how would you decide whether to remove it?,react
Your function modifies a default list argument across calls during form validation—how would you avoid the shared mutable default?,python
Your margin collapse changes the spacing around a section on a login page—how would you prevent or account for it?,html / css
Your font causes layout shift during loading while implementing search—how would Next.js font optimization help?,next.js
Your broad except block hides programming errors on a login page—which specific exceptions should you catch?,python
Your ellipsis does not appear on overflowing text on a login page—which three CSS conditions are required?,html / css
Your preventDefault does not stop the expected browser action during checkout—how would you confirm which event is being handled?,javascript
Your path alias works in TypeScript but fails at runtime on a product listing—how would you configure the runtime or bundler to match it?,typescript
Your authentication check should run before protected routes render on a login page—where could middleware fit into the flow?,next.js
Your large JSON response is slow to generate on a product listing—how would you profile serialization and response size?,node.js
"Your array method returns an unexpected value while building a dashboard—how would you choose between map, filter, find, and reduce?",javascript
Your loop skips items after removing elements from the same list on a login page—how would you iterate without mutating the active sequence?,python
Your ref value changes but the UI stays the same in an admin panel—why should that value be state instead?,react
Your effect uses an old state value while implementing search—how would you fix the stale closure?,react
Your server component uses a browser-only API on a settings screen—how would you move the code behind a client boundary?,next.js
Your generic function loses the relationship between input and output during checkout—how would you introduce a type parameter?,typescript
Your third-party JavaScript package has no types in a user profile—how would you add a declaration safely?,typescript
Your process needs a graceful shutdown on a login page—how would you close servers and connections on termination signals?,node.js
Your UPDATE changes every row by mistake during checkout—what safety checks would you perform before executing it?,sql
Your effect uses an old state value on a login page—how would you fix the stale closure?,react
Your image stretches out of proportion during checkout—which CSS properties would preserve its aspect ratio?,html / css
Your application restarts repeatedly after an uncaught exception in an admin panel—how would you capture the root cause safely?,node.js
Your CSS transition does not animate on a login page—how would you verify the changed property and transition declaration?,html / css
Your JSON.parse throws an error for stored data on a login page—how would you guard against invalid JSON?,javascript
Your API request updates state after the component unmounts while building a dashboard—how would you cancel or ignore the result?,react
Your sorting numbers produces lexicographic order on a login page—what comparator should you provide?,javascript
Your query is slow despite filtering by a common column on a login page—how would you inspect indexes and the execution plan?,sql
Your large CSV consumes too much memory on a settings screen—how would you process it incrementally?,python
Your optimistic update must be rolled back after a failed request in a user profile—how would you preserve the previous state?,react
Your Eloquent relationship returns an empty collection unexpectedly on a login page—how would you verify the foreign and local keys?,php / laravel
Your custom modal is inaccessible from the keyboard during checkout—how would you manage focus and dialog semantics?,html / css
Your query returns duplicate rows after joining two tables while building a dashboard—how would you inspect the join cardinality?,sql
Your CPU-heavy loop makes every request slow during checkout—how could you move that work off the event loop?,node.js
Your error in one component crashes the whole screen during checkout—where would you place an error boundary?,react
Your policy denies a user who should have access in an admin panel—how would you trace the authenticated user and ability arguments?,php / laravel
Your mapped type should make every property optional on a login page—how would you construct it?,typescript
Your interface and type alias seem interchangeable on a settings screen—which extension or composition need would guide your choice?,typescript
Your API request succeeds but JSON parsing fails while implementing search—what should you inspect in the response handling?,javascript
Your 404 response is returned before a valid route on a login page—how would you fix the route and middleware order?,express.js
Your tsconfig change creates many new errors during checkout—which strictness option likely exposed the issues?,typescript
Your context update rerenders too many components on a product listing—how would you split or memoize the context value?,react
Your class attribute is unexpectedly shared by every instance while implementing search—where should the value be initialized instead?,python
Your multiple async operations should run together while building a dashboard—when would Promise.all or Promise.allSettled be appropriate?,node.js
Your input validation accepts whitespace-only text during checkout—how would you normalize the input first?,javascript
Your LEFT JOIN behaves like an INNER JOIN unexpectedly during checkout—where should you place conditions on the optional table?,sql
Your list filtering is slow on every keystroke while implementing search—how would you defer or memoize expensive rendering work?,react
Your 404 page is not shown for missing dynamic data on a product listing—how would you trigger the not-found behavior?,next.js
Your Node process exits before an asynchronous task finishes on a settings screen—how would you trace the pending work?,node.js
Your child rerenders whenever the parent changes while building a dashboard—how would you determine whether memoization is useful?,react
Your datetime comparison mixes timezone-aware and naive values on a login page—how would you normalize them?,python
Your memory usage keeps growing during a long-running process on a product listing—how would you investigate a possible leak?,node.js
Your pagination links lose existing query filters in an admin panel—how would you preserve the query string?,php / laravel
Your spread syntax copies an object but nested values still change on a login page—why does that happen and how would you handle it?,javascript
Your server receives an empty object from your fetch request during checkout—which headers and serialization steps would you verify?,javascript
Your deployment fails because a page depends on request-time data in a user profile—how would you choose the correct rendering behavior?,next.js
Your page shows stale data after a mutation during checkout—how would you revalidate the relevant route or data?,next.js
Your pagination links lose existing query filters in a user profile—how would you preserve the query string?,php / laravel
Your date range misses rows created late on the final day while building a dashboard—how would you write the boundary safely?,sql
Your query returns duplicate rows after joining two tables on a product listing—how would you inspect the join cardinality?,sql
Your policy denies a user who should have access in a user profile—how would you trace the authenticated user and ability arguments?,php / laravel
Your form submits and immediately reloads the page on a product listing—where should you prevent the default submission?,javascript
Your interface and type alias seem interchangeable on a product listing—which extension or composition need would guide your choice?,typescript
Your DELETE statement must remove only related records on a product listing—how would you verify the WHERE clause first?,sql
Your migration runs locally but fails in production in a user profile—how would you inspect database state and migration order?,php / laravel
Your virtual environment uses the wrong interpreter during checkout—how would you verify the active Python executable?,python
Your child process output is missing while implementing search—which stdout and stderr events would you handle?,node.js
Your date displays one day earlier than expected on a product listing—what timezone behavior would you investigate?,javascript
Your flex items refuse to shrink and overflow the container on a login page—which flex properties would you check?,html / css
Your secret appears in a repository commit while building a dashboard—how would you remove it from configuration and rotate it?,node.js
Your threaded code does not speed up CPU-bound work in a user profile—how would the GIL influence your approach?,python
Your relative file path fails when the application starts from another directory in a user profile—how would you build a stable path?,python
Your Eloquent query returns soft-deleted records unexpectedly while building a dashboard—how would you inspect scopes and withTrashed usage?,php / laravel
Your controller method receives no validated input on a settings screen—where should you inspect the request validation rules?,php / laravel
Your JSON file becomes corrupted after simultaneous writes in an admin panel—how would you serialize or redesign the storage?,node.js
Your policy denies a user who should have access while implementing search—how would you trace the authenticated user and ability arguments?,php / laravel
Your readonly object still contains mutable nested values on a login page—how would you understand shallow versus deep immutability?,typescript
Your server crashes from an unhandled promise rejection while building a dashboard—where should you catch and log the failure?,node.js
Your object keys must be iterated with both key and value during checkout—which built-in method would you use?,javascript
Your route handler needs query parameters while building a dashboard—how would you read them from the request?,next.js
Your generic function loses the relationship between input and output on a settings screen—how would you introduce a type parameter?,typescript
Your array mutation unexpectedly changes data used elsewhere on a login page—how would you create an immutable update?,javascript
Your session disappears after restarting the server while implementing search—how would you choose persistent session storage?,express.js
Your object literal has an unexpected extra property error while building a dashboard—how would you adjust the interface without weakening validation unnecessarily?,typescript
Your controller method receives no validated input while implementing search—where should you inspect the request validation rules?,php / laravel
Your secret appears in a repository commit during checkout—how would you remove it from configuration and rotate it?,node.js
Your graceful shutdown stops accepting requests but existing requests hang while implementing search—how would you track and finish active connections?,express.js
Your derived value is stored in state and becomes inconsistent on a login page—how would you compute it from existing data instead?,react
Your package import works in an interactive shell but fails when running a module in an admin panel—how would you run the package correctly?,python
Your NULL comparison never matches in a user profile—which SQL predicate should you use instead of equals?,sql
Your API call should retry only transient failures during checkout—how would you distinguish retryable exceptions?,python
Your route parameter is undefined in a user profile—how would you compare the path definition with req.params?,express.js
Your NULL comparison never matches in an admin panel—which SQL predicate should you use instead of equals?,sql
Your queued job never runs while building a dashboard—how would you check the queue connection and worker process?,php / laravel
Your function loses the expected this value on a settings screen—what change would preserve the correct context?,javascript
Your optimistic update must be rolled back after a failed request on a product listing—how would you preserve the previous state?,react
Your virtual environment uses the wrong interpreter in an admin panel—how would you verify the active Python executable?,python
Your browser says a variable is already declared in a user profile—how would you locate the duplicate declaration?,javascript
Your script works in one file but not another on a login page—how would you check module scope and script loading?,javascript
Your JSON serialization fails for a custom object on a settings screen—how would you provide a serializable representation?,python
Your custom modal is inaccessible from the keyboard on a product listing—how would you manage focus and dialog semantics?,html / css
Your pagination links lose existing query filters on a product listing—how would you preserve the query string?,php / laravel
Your authentication check should run before protected routes render on a settings screen—where could middleware fit into the flow?,next.js
Your preventDefault does not stop the expected browser action in a user profile—how would you confirm which event is being handled?,javascript
Your object keys must be iterated with both key and value on a login page—which built-in method would you use?,javascript
Your controlled input becomes unresponsive during checkout—which value and onChange connection would you inspect?,react
Your aggregate query mixes grouped and ungrouped columns on a settings screen—how would you rewrite it correctly?,sql
Your cache causes a user-specific response to leak across requests on a settings screen—how would you configure fetching or rendering safely?,next.js
Your memory usage keeps growing during a long-running process on a login page—how would you investigate a possible leak?,node.js
Your API call should retry only transient failures on a product listing—how would you distinguish retryable exceptions?,python
Your Eloquent query returns soft-deleted records unexpectedly in a user profile—how would you inspect scopes and withTrashed usage?,php / laravel
Your useCallback makes the code more complex without improving performance while building a dashboard—how would you decide whether to remove it?,react
Your unit test passes alone but fails with the full suite while handling notifications—how would you isolate shared state?,python
Your multiple async operations should run together on a settings screen—when would Promise.all or Promise.allSettled be appropriate?,node.js
Your class attribute is unexpectedly shared by every instance in a user profile—where should the value be initialized instead?,python
Your route handler needs query parameters on a login page—how would you read them from the request?,next.js
Your enum adds behavior you do not need in a user profile—when would a union of literal types be simpler?,typescript
Your session disappears after restarting the server on a login page—how would you choose persistent session storage?,express.js
Your authentication middleware protects every route including login while implementing search—how would you change the middleware order or scope?,express.js
Your package import works in an interactive shell but fails when running a module during checkout—how would you run the package correctly?,python
Your route should render a page at a URL but the file is ignored on a product listing—how would you verify the App Router folder structure and file name?,next.js
Your loop skips items after removing elements from the same list while handling notifications—how would you iterate without mutating the active sequence?,python
Your component state changes but the UI does not rerender as expected in a user profile—how would you check whether the state was mutated directly?,react
Your unit test passes alone but fails with the full suite while building a dashboard—how would you isolate shared state?,python
Your event listener never fires on a product listing—what would you check in the element selection and event binding?,javascript
Your pagination becomes slow on very large offsets in an admin panel—how could keyset pagination help?,sql
Your third-party JavaScript package has no types while implementing search—how would you add a declaration safely?,typescript
Your component fetches the same data on every mount in a user profile—how would you introduce caching or shared server state?,react
Your datetime comparison mixes timezone-aware and naive values on a product listing—how would you normalize them?,python
Your modal renders inside a parent with clipping styles on a settings screen—how would a portal solve the layout problem?,react
Your foreign key insert fails on a login page—how would you check the referenced parent row and column types?,sql
Your URL parameter is missing after navigation during checkout—how would you construct and read it reliably?,javascript
Your Laravel route returns a 404 even though the controller exists while building a dashboard—how would you verify the route definition and cache?,php / laravel
Your virtual environment uses the wrong interpreter on a settings screen—how would you verify the active Python executable?,python
Your CommonJS import fails after switching to ES modules in an admin panel—what module configuration would you review?,node.js
Your generic function loses the relationship between input and output on a product listing—how would you introduce a type parameter?,typescript
Your route should render a page at a URL but the file is ignored in an admin panel—how would you verify the App Router folder structure and file name?,next.js
Your subclass constructor does not initialize the parent on a product listing—how would you call the parent implementation correctly?,python
Your interval keeps running after the feature is closed in an admin panel—how would you clean it up?,javascript
Your query value is missing in an admin panel—where should you read it from the request?,express.js
Your async route throws but the error response is inconsistent in an admin panel—how would you forward failures to centralized handling?,express.js
Your application restarts repeatedly after an uncaught exception in a user profile—how would you capture the root cause safely?,node.js
Your file remains open after an error on a settings screen—how would a context manager solve the cleanup?,python
Your conditional type gives an unexpected result for a union on a product listing—how would distributive behavior affect it?,typescript
Your comparison behaves unexpectedly because the values have different types while building a dashboard—how would you normalize the values before comparing them?,javascript
Your query string contains unescaped user input during checkout—how would you encode the parameters safely?,javascript
Your ellipsis does not appear on overflowing text during checkout—which three CSS conditions are required?,html / css
Your failed job keeps retrying on a product listing—how would you inspect attempts and failure handling?,php / laravel
Your server receives an empty object from your fetch request in a user profile—which headers and serialization steps would you verify?,javascript
Your query causes an N+1 performance problem in an admin panel—how would you eager load the required relationship?,php / laravel
Your mapped type should make every property optional during checkout—how would you construct it?,typescript
Your Laravel route returns a 404 even though the controller exists in an admin panel—how would you verify the route definition and cache?,php / laravel
Your promise rejection is not caught on a login page—where should you add error handling?,javascript
Your unique constraint rejects a value that looks different in a user profile—what normalization or collation issue could explain it?,sql
Your validation rule should depend on another field in an admin panel—how would you implement conditional validation?,php / laravel
Your class implementation misses an interface member on a login page—how would you satisfy the contract correctly?,typescript
Your environment variable is undefined at runtime on a login page—how would you verify loading and configuration?,node.js
Your comparison behaves unexpectedly because the values have different types while implementing search—how would you normalize the values before comparing them?,javascript
Your server component uses a browser-only API in a user profile—how would you move the code behind a client boundary?,next.js
Your React.memo does not prevent rerenders during form validation—which prop reference might still be changing?,react
Your generator is exhausted when reused while implementing search—how would you redesign the data flow?,python
Your search results arrive out of order on a settings screen—how would you prevent an older request from replacing newer data?,react
Your package import works in an interactive shell but fails when running a module while building a dashboard—how would you run the package correctly?,python
Your pagination links lose existing query filters while building a dashboard—how would you preserve the query string?,php / laravel
Your server returns stale configuration after editing an environment file while implementing search—what restart or loading behavior would you check?,node.js
Your label click does not focus the associated input while building a dashboard—how would you connect the label correctly?,html / css
Your loop skips items after removing elements from the same list in a user profile—how would you iterate without mutating the active sequence?,python
Your debounced search still makes too many requests while implementing search—what would you check in the debounce implementation?,javascript
Your dataclass instances compare unexpectedly in an admin panel—which generated methods and field options would you inspect?,python
Your deployment fails because a page depends on request-time data on a product listing—how would you choose the correct rendering behavior?,next.js
Your proxy hides the original client IP while building a dashboard—which trust proxy configuration would you consider?,express.js
Your form submits and immediately reloads the page during checkout—where should you prevent the default submission?,javascript
Your package update breaks production on a login page—how would you use lockfiles and version ranges to control upgrades?,node.js
Your task must retry after a temporary failure on a settings screen—how would you add bounded retry logic?,node.js
Your failed job keeps retrying while implementing search—how would you inspect attempts and failure handling?,php / laravel
Your failed job keeps retrying while building a dashboard—how would you inspect attempts and failure handling?,php / laravel
Your Node process exits before an asynchronous task finishes on a product listing—how would you trace the pending work?,node.js
Your dictionary counting code is verbose on a settings screen—which standard library collection could simplify it?,python
Your case-insensitive search is unexpectedly slow while building a dashboard—what indexing or collation options would you investigate?,sql
Your database connection is created for every request while building a dashboard—how would you reuse a connection or pool?,node.js
Your process pool fails because a function cannot be pickled during form validation—how would you restructure the callable?,python
Your function parameter becomes implicitly any while implementing search—where should you add an explicit type?,typescript
Your script works in one file but not another during checkout—how would you check module scope and script loading?,javascript
Your list comprehension becomes hard to debug in a user profile—when would an explicit loop be clearer?,python
Your pagination links lose existing query filters during checkout—how would you preserve the query string?,php / laravel
Your long word breaks the page layout during checkout—how would you allow safe word breaking?,html / css
Your unique constraint rejects a value that looks different in an admin panel—what normalization or collation issue could explain it?,sql
Your CSRF protection rejects an AJAX request while building a dashboard—how would you send the token correctly?,php / laravel
Your controlled input becomes unresponsive on a login page—which value and onChange connection would you inspect?,react
Your static page unexpectedly becomes dynamic while implementing search—what server-side dependency would you inspect?,next.js
Your database connection is created for every request on a login page—how would you reuse a connection or pool?,node.js
Your page needs a redirect after validating server-side conditions in a user profile—which Next.js navigation utility would you use?,next.js
Your script works in one file but not another on a product listing—how would you check module scope and script loading?,javascript
Your tsconfig change creates many new errors on a product listing—which strictness option likely exposed the issues?,typescript
Your page needs a redirect after validating server-side conditions on a login page—which Next.js navigation utility would you use?,next.js
Your Node cannot resolve a module while implementing search—how would you inspect the import path and package installation?,node.js
Your interval keeps running after the feature is closed during checkout—how would you clean it up?,javascript
Your form submission reloads the page during checkout—where should you prevent the default event?,react
"Your cookie is not sent from the browser while implementing search—which CORS, credentials, SameSite, and secure settings would you inspect?",express.js
Your LEFT JOIN behaves like an INNER JOIN unexpectedly on a product listing—where should you place conditions on the optional table?,sql
Your object keys must be iterated with both key and value on a product listing—which built-in method would you use?,javascript
Your unit test passes alone but fails with the full suite in an admin panel—how would you isolate shared state?,python
Your list filtering is slow on every keystroke on a settings screen—how would you defer or memoize expensive rendering work?,react
Your browser freezes during a large computation while implementing search—how could you break up or move the work?,javascript
Your comparison behaves unexpectedly because the values have different types on a settings screen—how would you normalize the values before comparing them?,javascript
Your generator is exhausted when reused while handling notifications—how would you redesign the data flow?,python
Your background image is cropped unexpectedly during checkout—how would you tune its size and position?,html / css
Your variable is undefined inside a callback during checkout—how would you trace the scope causing the problem?,javascript
Your form submission should mutate data without building a separate client fetch on a login page—when could a Server Action be appropriate?,next.js
Your variable is undefined inside a callback in a user profile—how would you trace the scope causing the problem?,javascript
Your error middleware is skipped during checkout—how would you verify its four-argument signature and registration order?,express.js
Your child rerenders whenever the parent changes while implementing search—how would you determine whether memoization is useful?,react
Your fetch request sends no request body while implementing search—how would you configure the method and body correctly?,javascript
Your graceful shutdown stops accepting requests but existing requests hang while building a dashboard—how would you track and finish active connections?,express.js
Your unit test passes alone but fails with the full suite while implementing search—how would you isolate shared state?,python
Your queued job never runs in an admin panel—how would you check the queue connection and worker process?,php / laravel
Your broad except block hides programming errors in a user profile—which specific exceptions should you catch?,python
Your uploaded file URL returns 404 while building a dashboard—how would you configure public storage access?,php / laravel
Your API response shape is assumed but not verified in a user profile—how would you combine runtime validation with TypeScript types?,typescript
Your process pool fails because a function cannot be pickled during checkout—how would you restructure the callable?,python
Your CORS blocks a frontend request while building a dashboard—how would you configure the allowed origin and methods?,express.js
Your inline element ignores your width and height in an admin panel—how would you change its display behavior?,html / css
Your logging appears twice while implementing search—how would you inspect handler configuration and propagation?,python
Your component needs different behavior for mobile width while implementing search—how would you keep responsive state synchronized with the browser?,react
Your relative file path fails when the application starts from another directory while building a dashboard—how would you build a stable path?,python
Your JSON.parse throws an error for stored data in a user profile—how would you guard against invalid JSON?,javascript
Your server logs are hard to correlate across requests on a settings screen—how would you attach a request identifier?,node.js
Your button handler runs twice on a login page—how would you find and prevent duplicate event listeners?,javascript
Your URL parameter is missing after navigation in an admin panel—how would you construct and read it reliably?,javascript
Your error in one component crashes the whole screen while building a dashboard—where would you place an error boundary?,react
Your migration runs locally but fails in production during checkout—how would you inspect database state and migration order?,php / laravel
Your UPDATE changes every row by mistake in an admin panel—what safety checks would you perform before executing it?,sql
Your file remains open after an error during checkout—how would a context manager solve the cleanup?,python
Your dictionary merge overwrites values unexpectedly in an admin panel—how would you control the conflict rule?,python
Your API resource exposes fields that should stay private while building a dashboard—how would you control the transformed response?,php / laravel
Your file upload request has no file data on a login page—which multipart middleware and field name would you verify?,express.js
Your router paths produce duplicated URL segments on a login page—how would you check the mount path and child routes?,express.js
Your rate limiting should apply only to login attempts while implementing search—how would you mount the limiter selectively?,express.js
Your environment variable is unavailable in the browser during checkout—which naming and exposure rule would you check?,next.js
Your large CSV consumes too much memory during form validation—how would you process it incrementally?,python
Your animation restarts unexpectedly when a class changes on a product listing—how would you control the animation state?,html / css
Your route handler never receives the parsed JSON body while implementing search—which middleware must run before the route?,express.js
Your array lookup may return undefined on a product listing—how would you handle it under strict settings?,typescript
Your package import works in an interactive shell but fails when running a module in a user profile—how would you run the package correctly?,python
Your API endpoint is not recognized in an admin panel—how would you structure the route handler file?,next.js
Your Laravel event listener does not execute on a login page—how would you verify registration and queue configuration?,php / laravel
Your process pool fails because a function cannot be pickled in an admin panel—how would you restructure the callable?,python
Your type hints disagree with runtime data on a product listing—how would you validate the incoming values?,python
Your static page unexpectedly becomes dynamic on a settings screen—what server-side dependency would you inspect?,next.js
Your multiple state updates produce unexpected values on a login page—how would you account for React batching?,react
Your package import works in an interactive shell but fails when running a module while handling notifications—how would you run the package correctly?,python
Your form submission should mutate data without building a separate client fetch in an admin panel—when could a Server Action be appropriate?,next.js
Your subclass constructor does not initialize the parent on a settings screen—how would you call the parent implementation correctly?,python
Your function modifies a default list argument across calls in a user profile—how would you avoid the shared mutable default?,python
Your custom modal is inaccessible from the keyboard on a login page—how would you manage focus and dialog semantics?,html / css
Your server returns stale configuration after editing an environment file on a settings screen—what restart or loading behavior would you check?,node.js
"Your cookie is not sent from the browser while building a dashboard—which CORS, credentials, SameSite, and secure settings would you inspect?",express.js
Your graceful shutdown stops accepting requests but existing requests hang during checkout—how would you track and finish active connections?,express.js
Your React warning says two children have the same key while building a dashboard—how would you generate a unique stable key?,react
Your form submission should mutate data without building a separate client fetch on a settings screen—when could a Server Action be appropriate?,next.js
Your form submission should mutate data without building a separate client fetch during checkout—when could a Server Action be appropriate?,next.js
Your DELETE statement must remove only related records during checkout—how would you verify the WHERE clause first?,sql
Your environment variable is undefined at runtime on a settings screen—how would you verify loading and configuration?,node.js
Your npm package works globally but not inside the project on a settings screen—how would you check local dependencies and scripts?,node.js
Your API endpoint is not recognized on a product listing—how would you structure the route handler file?,next.js
Your route handler never receives the parsed JSON body on a login page—which middleware must run before the route?,express.js
Your response is sent twice on a login page—how would you prevent execution after an early response?,express.js
Your cache causes a user-specific response to leak across requests while building a dashboard—how would you configure fetching or rendering safely?,next.js
Your model changes are not saved in a user profile—how would you check fillable fields and the save flow?,php / laravel
Your page shows stale data after a mutation in an admin panel—how would you revalidate the relevant route or data?,next.js
Your 404 response is returned before a valid route on a product listing—how would you fix the route and middleware order?,express.js
Your deployment fails because a page depends on request-time data while implementing search—how would you choose the correct rendering behavior?,next.js
Your router paths produce duplicated URL segments while implementing search—how would you check the mount path and child routes?,express.js
Your unit test passes alone but fails with the full suite during checkout—how would you isolate shared state?,python
Your page shows stale data after a mutation while implementing search—how would you revalidate the relevant route or data?,next.js
Your API resource exposes fields that should stay private during checkout—how would you control the transformed response?,php / laravel
Your uploaded file URL returns 404 in an admin panel—how would you configure public storage access?,php / laravel
Your generator is exhausted when reused during checkout—how would you redesign the data flow?,python
Your logging appears twice while handling notifications—how would you inspect handler configuration and propagation?,python
Your nested prop drilling makes components difficult to maintain on a product listing—when would context or composition be a better choice?,react
Your process needs a graceful shutdown on a settings screen—how would you close servers and connections on termination signals?,node.js
Your DELETE statement must remove only related records in a user profile—how would you verify the WHERE clause first?,sql
Your dictionary counting code is verbose while handling notifications—which standard library collection could simplify it?,python
Your child process output is missing on a product listing—which stdout and stderr events would you handle?,node.js
Your list items lose their internal state after reordering while building a dashboard—how would you choose stable keys?,react
Your environment variable is undefined at runtime in a user profile—how would you verify loading and configuration?,node.js
Your readonly object still contains mutable nested values in an admin panel—how would you understand shallow versus deep immutability?,typescript
Your environment variable is unavailable in the browser in an admin panel—which naming and exposure rule would you check?,next.js
Your API call should retry only transient failures in a user profile—how would you distinguish retryable exceptions?,python
Your conditional type gives an unexpected result for a union while implementing search—how would distributive behavior affect it?,typescript
Your large JSON response is slow to generate in an admin panel—how would you profile serialization and response size?,node.js
Your interface and type alias seem interchangeable on a login page—which extension or composition need would guide your choice?,typescript
Your task must retry after a temporary failure during checkout—how would you add bounded retry logic?,node.js
Your optional property is used as if it always exists on a settings screen—how would you handle the undefined case?,typescript
Your file remains open after an error on a product listing—how would a context manager solve the cleanup?,python
Your derived value is stored in state and becomes inconsistent during checkout—how would you compute it from existing data instead?,react
Your controller method receives no validated input on a login page—where should you inspect the request validation rules?,php / laravel
Your file upload request has no file data while building a dashboard—which multipart middleware and field name would you verify?,express.js
Your CommonJS import fails after switching to ES modules while building a dashboard—what module configuration would you review?,node.js
Your regular expression is slow on long input while implementing search—how would you simplify a pattern with catastrophic backtracking?,python
Your form field value is treated as text instead of a number in an admin panel—where should you convert its type?,javascript
Your query returns duplicate rows after joining two tables while implementing search—how would you inspect the join cardinality?,sql
Your database connection is created for every request on a product listing—how would you reuse a connection or pool?,node.js
Your image from a remote host is rejected in an admin panel—which image configuration would you update?,next.js
Your useEffect runs repeatedly and creates an infinite loop during checkout—which dependency is changing every render?,react
Your effect uses an old state value on a settings screen—how would you fix the stale closure?,react
Your large CSV consumes too much memory while building a dashboard—how would you process it incrementally?,python
Your decorator hides the original function metadata in a user profile—which utility should you use to preserve it?,python
Your route parameter is undefined on a product listing—how would you compare the path definition with req.params?,express.js
Your list items lose their internal state after reordering during form validation—how would you choose stable keys?,react
Your regular expression is slow on long input on a login page—how would you simplify a pattern with catastrophic backtracking?,python
Your subquery returns more than one value where one is expected while implementing search—how would you change the comparison or aggregation?,sql
Your fetch request sends no request body in a user profile—how would you configure the method and body correctly?,javascript
Your grid layout creates columns wider than the viewport during checkout—how would you constrain the track sizes?,html / css
Your component needs different behavior for mobile width on a product listing—how would you keep responsive state synchronized with the browser?,react
Your input switches between controlled and uncontrolled on a settings screen—how would you initialize its value consistently?,react
Your fixed header covers the top of anchored content during checkout—how would you offset the scroll position?,html / css
Your event handler receives stale props during checkout—how would you restructure the callback dependencies?,react
Your process pool fails because a function cannot be pickled while handling notifications—how would you restructure the callable?,python
Your environment variable is unavailable in the browser while building a dashboard—which naming and exposure rule would you check?,next.js
Your case-insensitive search is unexpectedly slow while implementing search—what indexing or collation options would you investigate?,sql
Your loop skips items after removing elements from the same list during form validation—how would you iterate without mutating the active sequence?,python
Your JSON file becomes corrupted after simultaneous writes on a settings screen—how would you serialize or redesign the storage?,node.js
Your controller method receives no validated input in an admin panel—where should you inspect the request validation rules?,php / laravel
Your CPU-heavy loop makes every request slow while implementing search—how could you move that work off the event loop?,node.js
Your loop skips items after removing elements from the same list on a settings screen—how would you iterate without mutating the active sequence?,python
Your query returns duplicate rows after joining two tables during checkout—how would you inspect the join cardinality?,sql
Your threaded code does not speed up CPU-bound work on a login page—how would the GIL influence your approach?,python
Your component needs to expose a DOM element to its parent in an admin panel—when would you use a ref?,react
Your effect uses an old state value while building a dashboard—how would you fix the stale closure?,react
Your localStorage value is not restored as the original object in an admin panel—how would you serialize and parse it correctly?,javascript
Your API request updates state after the component unmounts in a user profile—how would you cancel or ignore the result?,react
Your process pool fails because a function cannot be pickled while implementing search—how would you restructure the callable?,python
Your pip installs a package but your script cannot import it while building a dashboard—how would you check interpreter and environment mismatch?,python
Your form input has no accessible name during checkout—what HTML association would you add?,html / css
Your environment variable is undefined at runtime in an admin panel—how would you verify loading and configuration?,node.js
Your function parameter becomes implicitly any while building a dashboard—where should you add an explicit type?,typescript
Your array lookup may return undefined on a login page—how would you handle it under strict settings?,typescript
Your transaction leaves half the changes saved after an error while building a dashboard—how would you use rollback correctly?,sql
Your controlled input becomes unresponsive on a product listing—which value and onChange connection would you inspect?,react
Your event listener never fires in a user profile—what would you check in the element selection and event binding?,javascript
Your string concatenation produces an unexpected result with a number during checkout—how would you convert the value explicitly?,javascript
Your function parameter becomes implicitly any on a login page—where should you add an explicit type?,typescript
Your event listener never fires while building a dashboard—what would you check in the element selection and event binding?,javascript
Your recursive data such as categories must be queried in a user profile—when would a recursive CTE be appropriate?,sql
Your form submits and immediately reloads the page in a user profile—where should you prevent the default submission?,javascript
Your rate limiting should apply only to login attempts in a user profile—how would you mount the limiter selectively?,express.js
Your exception is caught but important context is lost during form validation—how would you preserve the original cause?,python
Your dropdown is hidden behind another component in an admin panel—how would you debug its positioning and stacking order?,html / css
Your promise rejection is not caught on a settings screen—where should you add error handling?,javascript
Your table becomes unusable on a narrow screen during checkout—what responsive strategy would you apply?,html / css
Your logging appears twice on a product listing—how would you inspect handler configuration and propagation?,python
Your flex items refuse to shrink and overflow the container during checkout—which flex properties would you check?,html / css
Your JSON file becomes corrupted after simultaneous writes in a user profile—how would you serialize or redesign the storage?,node.js
Your error middleware is skipped while implementing search—how would you verify its four-argument signature and registration order?,express.js
Your mapped type should make every property optional in a user profile—how would you construct it?,typescript
Your third-party JavaScript package has no types while building a dashboard—how would you add a declaration safely?,typescript
Your session disappears after restarting the server on a product listing—how would you choose persistent session storage?,express.js
Your package update breaks production on a settings screen—how would you use lockfiles and version ranges to control upgrades?,node.js
Your object literal has an unexpected extra property error in a user profile—how would you adjust the interface without weakening validation unnecessarily?,typescript
Your useRouter is called in a server component while implementing search—how would you restructure the component boundary?,next.js
Your process needs a graceful shutdown in an admin panel—how would you close servers and connections on termination signals?,node.js
Your failed job keeps retrying on a login page—how would you inspect attempts and failure handling?,php / laravel
Your module import is undefined while building a dashboard—how would you verify default versus named exports?,javascript
Your virtual environment uses the wrong interpreter while handling notifications—how would you verify the active Python executable?,python
Your string concatenation produces an unexpected result with a number on a login page—how would you convert the value explicitly?,javascript
Your class implementation misses an interface member while implementing search—how would you satisfy the contract correctly?,typescript
Your React component props allow invalid combinations on a login page—how would you model mutually exclusive props with a union?,typescript
Your JSON file becomes corrupted after simultaneous writes while building a dashboard—how would you serialize or redesign the storage?,node.js
Your hover menu cannot be used on touch devices in an admin panel—what interaction alternative would you provide?,html / css
Your DOM query returns null on a product listing—how would you verify the selector and execution timing?,javascript
Your list filtering is slow on every keystroke during checkout—how would you defer or memoize expensive rendering work?,react
Your array mutation unexpectedly changes data used elsewhere in a user profile—how would you create an immutable update?,javascript
Your component fetches the same data on every mount on a product listing—how would you introduce caching or shared server state?,react
Your array lookup may return undefined while building a dashboard—how would you handle it under strict settings?,typescript
Your error in one component crashes the whole screen on a settings screen—where would you place an error boundary?,react
Your fixed header covers the top of anchored content while building a dashboard—how would you offset the scroll position?,html / css
Your class attribute is unexpectedly shared by every instance on a settings screen—where should the value be initialized instead?,python
Your controlled input becomes unresponsive in an admin panel—which value and onChange connection would you inspect?,react
Your large CSV consumes too much memory while implementing search—how would you process it incrementally?,python
Your form field value is treated as text instead of a number on a settings screen—where should you convert its type?,javascript
Your type hints disagree with runtime data in a user profile—how would you validate the incoming values?,python
Your pagination becomes slow on very large offsets in a user profile—how could keyset pagination help?,sql
Your route should render a page at a URL but the file is ignored during checkout—how would you verify the App Router folder structure and file name?,next.js
Your threaded code does not speed up CPU-bound work while implementing search—how would the GIL influence your approach?,python
Your query value is missing on a product listing—where should you read it from the request?,express.js
Your streaming a large file causes memory usage to spike on a login page—how would you pipe the data instead of buffering it?,node.js
Your Laravel environment value seems outdated on a settings screen—how would configuration caching affect the result?,php / laravel
Your component needs to expose a DOM element to its parent in a user profile—when would you use a ref?,react
Your validation rule should depend on another field while building a dashboard—how would you implement conditional validation?,php / laravel
Your preventDefault does not stop the expected browser action while implementing search—how would you confirm which event is being handled?,javascript
Your query needs the latest row for each user on a product listing—how would you use a window function or grouped strategy?,sql
Your button handler runs twice in a user profile—how would you find and prevent duplicate event listeners?,javascript
Your button handler runs twice on a product listing—how would you find and prevent duplicate event listeners?,javascript
Your context manager must manage a database transaction on a login page—where would you commit and roll back?,python
Your lazy-loaded component flashes without fallback content in an admin panel—how would you configure Suspense?,react
Your text overflows a card instead of wrapping during checkout—which wrapping and width rules would you inspect?,html / css
Your custom hook causes duplicate subscriptions while building a dashboard—how would you verify its setup and cleanup behavior?,react
Your route handler never receives the parsed JSON body in a user profile—which middleware must run before the route?,express.js
Your type hints disagree with runtime data while handling notifications—how would you validate the incoming values?,python
Your async function runs sequentially instead of concurrently during form validation—how would you schedule the coroutines together?,python
Your readonly object still contains mutable nested values during checkout—how would you understand shallow versus deep immutability?,typescript
Your task must retry after a temporary failure on a product listing—how would you add bounded retry logic?,node.js
Your rate limiting should apply only to login attempts on a login page—how would you mount the limiter selectively?,express.js
Your LEFT JOIN behaves like an INNER JOIN unexpectedly while implementing search—where should you place conditions on the optional table?,sql
Your aggregate query mixes grouped and ungrouped columns while implementing search—how would you rewrite it correctly?,sql
Your request validation is duplicated across controllers on a login page—how would you extract reusable validation middleware?,express.js
Your migration runs locally but fails in production in an admin panel—how would you inspect database state and migration order?,php / laravel
Your async function runs sequentially instead of concurrently while building a dashboard—how would you schedule the coroutines together?,python
Your React component props allow invalid combinations in an admin panel—how would you model mutually exclusive props with a union?,typescript
Your API request succeeds but JSON parsing fails in a user profile—what should you inspect in the response handling?,javascript
Your input validation accepts whitespace-only text on a login page—how would you normalize the input first?,javascript
Your child rerenders whenever the parent changes on a product listing—how would you determine whether memoization is useful?,react
Your Node cannot resolve a module in an admin panel—how would you inspect the import path and package installation?,node.js
Your request validation is duplicated across controllers in an admin panel—how would you extract reusable validation middleware?,express.js
Your proxy hides the original client IP during checkout—which trust proxy configuration would you consider?,express.js
Your Laravel route returns a 404 even though the controller exists while implementing search—how would you verify the route definition and cache?,php / laravel
Your font causes layout shift during loading on a settings screen—how would Next.js font optimization help?,next.js
Your object property name is computed dynamically in an admin panel—how would you access it safely?,javascript
Your authentication check should run before protected routes render while implementing search—where could middleware fit into the flow?,next.js
Your useCallback makes the code more complex without improving performance during form validation—how would you decide whether to remove it?,react
Your multiple async operations should run together on a product listing—when would Promise.all or Promise.allSettled be appropriate?,node.js
Your parallel routes need separate UI slots while implementing search—how would you organize the route segments?,next.js
Your React.memo does not prevent rerenders on a product listing—which prop reference might still be changing?,react
Your button handler runs twice while implementing search—how would you find and prevent duplicate event listeners?,javascript
Your comparison behaves unexpectedly because the values have different types on a login page—how would you normalize the values before comparing them?,javascript
Your label click does not focus the associated input on a login page—how would you connect the label correctly?,html / css
Your Node process exits before an asynchronous task finishes while implementing search—how would you trace the pending work?,node.js
Your dark mode styles are overridden by existing rules in an admin panel—how would you organize the selectors to avoid conflicts?,html / css
Your static page unexpectedly becomes dynamic during checkout—what server-side dependency would you inspect?,next.js
Your fetch request sends no request body on a product listing—how would you configure the method and body correctly?,javascript
Your input switches between controlled and uncontrolled while implementing search—how would you initialize its value consistently?,react
Your date displays one day earlier than expected on a login page—what timezone behavior would you investigate?,javascript
Your secret appears in a repository commit on a settings screen—how would you remove it from configuration and rotate it?,node.js
Your API call should retry only transient failures while handling notifications—how would you distinguish retryable exceptions?,python
Your response is sent twice in a user profile—how would you prevent execution after an early response?,express.js
Your optional property is used as if it always exists in a user profile—how would you handle the undefined case?,typescript
Your response is sent twice while implementing search—how would you prevent execution after an early response?,express.js
Your list items lose their internal state after reordering while implementing search—how would you choose stable keys?,react
Your useRouter is called in a server component in an admin panel—how would you restructure the component boundary?,next.js
Your JSON serialization fails for a custom object while building a dashboard—how would you provide a serializable representation?,python
Your file upload is missing from the request in an admin panel—how would you verify the form encoding and input name?,php / laravel
Your CPU-heavy loop makes every request slow on a product listing—how could you move that work off the event loop?,node.js
Your controller method receives no validated input in a user profile—where should you inspect the request validation rules?,php / laravel
Your React.memo does not prevent rerenders while building a dashboard—which prop reference might still be changing?,react
Your recursive data such as categories must be queried in an admin panel—when would a recursive CTE be appropriate?,sql
Your preventDefault does not stop the expected browser action on a product listing—how would you confirm which event is being handled?,javascript
Your virtual environment uses the wrong interpreter during form validation—how would you verify the active Python executable?,python
Your query needs the latest row for each user during checkout—how would you use a window function or grouped strategy?,sql
Your lazy-loaded component flashes without fallback content while building a dashboard—how would you configure Suspense?,react
Your graceful shutdown stops accepting requests but existing requests hang on a product listing—how would you track and finish active connections?,express.js
Your async function runs sequentially instead of concurrently in a user profile—how would you schedule the coroutines together?,python
Your server listens on the wrong port in production in an admin panel—how would you use environment-based configuration?,node.js
Your mapped type should make every property optional while building a dashboard—how would you construct it?,typescript
Your large JSON response is slow to generate on a login page—how would you profile serialization and response size?,node.js
Your list comprehension becomes hard to debug while building a dashboard—when would an explicit loop be clearer?,python
Your event handler receives stale props while implementing search—how would you restructure the callback dependencies?,react
Your useCallback makes the code more complex without improving performance during checkout—how would you decide whether to remove it?,react
Your nested object access crashes when an intermediate value is missing while implementing search—how would optional chaining help?,javascript
Your setTimeout inside a loop prints the wrong index on a login page—how would you fix the variable scope?,javascript
Your middleware runs on routes you did not intend in a user profile—how would you refine its matcher?,next.js
Your CommonJS import fails after switching to ES modules on a login page—what module configuration would you review?,node.js
Your React component props allow invalid combinations while implementing search—how would you model mutually exclusive props with a union?,typescript
Your two arrays need to be merged without duplicates while implementing search—how would you implement that efficiently?,javascript
Your query needs the latest row for each user in an admin panel—how would you use a window function or grouped strategy?,sql
Your font causes layout shift during loading on a login page—how would Next.js font optimization help?,next.js
Your box width becomes larger than the value you set in an admin panel—how would box-sizing affect the calculation?,html / css
Your child rerenders whenever the parent changes in a user profile—how would you determine whether memoization is useful?,react
Your logger misses the final response status while building a dashboard—where would you attach response lifecycle logging?,express.js
Your session disappears after restarting the server in a user profile—how would you choose persistent session storage?,express.js
Your ellipsis does not appear on overflowing text while building a dashboard—which three CSS conditions are required?,html / css
Your React warning says two children have the same key during checkout—how would you generate a unique stable key?,react
Your form submission should mutate data without building a separate client fetch in a user profile—when could a Server Action be appropriate?,next.js
Your package import works in an interactive shell but fails when running a module on a product listing—how would you run the package correctly?,python
"Your array method returns an unexpected value during checkout—how would you choose between map, filter, find, and reduce?",javascript
Your pip installs a package but your script cannot import it on a product listing—how would you check interpreter and environment mismatch?,python
Your form submission reloads the page on a settings screen—where should you prevent the default event?,react
Your conditional type gives an unexpected result for a union during checkout—how would distributive behavior affect it?,typescript
Your deployment fails because a page depends on request-time data on a settings screen—how would you choose the correct rendering behavior?,next.js
Your server receives an empty object from your fetch request in an admin panel—which headers and serialization steps would you verify?,javascript
Your error middleware is skipped on a product listing—how would you verify its four-argument signature and registration order?,express.js
"Your CSS rule is not applying to an element while building a dashboard—how would you inspect specificity, inheritance, and the cascade?",html / css
Your authentication check should run before protected routes render while building a dashboard—where could middleware fit into the flow?,next.js
Your server logs are hard to correlate across requests on a login page—how would you attach a request identifier?,node.js
Your button handler runs twice during checkout—how would you find and prevent duplicate event listeners?,javascript
Your logging appears twice in an admin panel—how would you inspect handler configuration and propagation?,python
Your COUNT returns a surprising value with NULL data on a settings screen—how do COUNT(*) and COUNT(column) differ?,sql
Your dataclass instances compare unexpectedly in a user profile—which generated methods and field options would you inspect?,python
Your generic function loses the relationship between input and output in an admin panel—how would you introduce a type parameter?,typescript
Your property access fails because TypeScript sees a union type on a product listing—how would you narrow the type safely?,typescript
Your parallel routes need separate UI slots during checkout—how would you organize the route segments?,next.js
Your component state changes but the UI does not rerender as expected on a settings screen—how would you check whether the state was mutated directly?,react
Your graceful shutdown stops accepting requests but existing requests hang in an admin panel—how would you track and finish active connections?,express.js
Your third-party JavaScript package has no types during checkout—how would you add a declaration safely?,typescript
