problems,labels
What's the best practice around the difference between derived state and stored state in React?,react
What's the correct way to deal with the difference between synchronous and asyncio-based concurrency in a Python project?,python
What would you check when debugging the difference between PHP's foreach by value and foreach by reference in a Laravel project?,php / laravel
"In React, what would you check when a component re-rendering too many times happens?",react
"In JavaScript, what causes issues with detecting an array vs a plain object and how would you fix it?",javascript
How do you debug why a Node process doesn't exit after the script finishes in a production Node.js server?,node.js
Why does writing a recursive query with a common table expression cause performance issues and how do you fix it?,sql
How do you correctly handle the difference between soft deletes and hard deletes in Eloquent in PHP/Laravel?,php / laravel
What's the difference-driven fix for the difference between enum and union of string literals in TypeScript?,typescript
What is the correct way to deal with the difference between synchronous middleware and async middleware errors when building a Node.js backend?,node.js
Why does using window functions like ROW_NUMBER and RANK cause performance issues and how do you fix it?,sql
What's the best practice for the difference between edge runtime and node runtime in Next.js in Next.js?,next.js
What is the recommended approach for handling the spread operator on objects in vanilla JavaScript?,javascript
What would you check when debugging handling a SQL injection vulnerability in a raw query in a Laravel project?,php / laravel
What is the correct approach to fetching data from MongoDB inside a Next.js server component in a Next.js app?,next.js
What would you check first when debugging handling file uploads with multer in an Express app in Express.js?,express.js
Why does a button losing focus outline for accessibility happen and what's the CSS-only solution?,html / css
Why does debugging why useState doesn't merge objects like setState did occur in React and how do you resolve it?,react
What's the best practice for protecting routes with a JWT authentication middleware in Express.js?,express.js
What is the correct React pattern to solve a component re-rendering too many times?,react
Why does resolving a circular type reference error cause a type error and how do you resolve it?,typescript
What's the correct SQL approach to handle handling a many-to-many relationship with a junction table?,sql
What is the correct React pattern to solve the difference between local component state and global state?,react
How do you fix debugging why a component doesn't unmount properly in a React application?,react
Why does using a decorator to log function execution time cause unexpected behavior and how do you fix it in Python?,python
What's the correct pattern to avoid bugs related to using Promise.all versus Promise.allSettled in JavaScript?,javascript
What's the difference-driven fix for typing the props of a React component in TypeScript?,typescript
"In JavaScript, what causes issues with microtasks vs macrotasks and how would you fix it?",javascript
What is the best approach to handle grid-template-areas not aligning correctly when building a responsive layout?,html / css
How would you resolve the difference between exception chaining with raise from and a plain raise in Python?,python
What is the correct way to deal with the difference between synchronous and asynchronous fs methods when building a Node.js backend?,node.js
What would you check first when debugging protecting routes with a JWT authentication middleware in Express.js?,express.js
What's the correct HTML/CSS technique to solve grid-template-areas not aligning correctly?,html / css
What is the best practice for handling handling large CSV files without loading them fully into memory in Python?,python
How would you resolve logging errors properly in a production Node app in a Node.js application?,node.js
Why does the difference between generics constraints with extends cause a type error and how do you resolve it?,typescript
Why does a generic type not inferring correctly cause a type error and how do you resolve it?,typescript
"In JavaScript, what causes issues with the spread operator on objects and how would you fix it?",javascript
What is the best approach to handle a table not being responsive on small screens when building a responsive layout?,html / css
What is the best practice for handling the difference between a virtual environment and a conda environment in Python?,python
What is the correct way to deal with the event loop blocking due to a synchronous CPU-heavy task when building a Node.js backend?,node.js
What is the correct way to deal with using worker_threads for CPU-bound tasks when building a Node.js backend?,node.js
How do you debug handling environment variables securely in a Python project in Python?,python
"In JavaScript, what causes issues with the difference between let and var in a loop and how would you fix it?",javascript
How would you resolve the difference between synchronous requests and async httpx calls in Python?,python
What's the best practice for the difference between client-side navigation and a full page reload with next/link in Next.js?,next.js
What is the best practice for dealing with using window functions like ROW_NUMBER and RANK in a relational database?,sql
How would you correctly implement hoisting of let and const in JavaScript?,javascript
What's the correct pattern to avoid bugs related to using localStorage vs sessionStorage in JavaScript?,javascript
What's the correct pattern to avoid bugs related to converting a callback-based API to promises in JavaScript?,javascript
Why does the difference between tsconfig strict mode options cause a type error and how do you resolve it?,typescript
How do you debug the difference between synchronous and asyncio-based concurrency in Python?,python
What's the correct way to deal with the difference between a list and a tuple in a Python project?,python
What is the correct React pattern to solve a state update not reflecting immediately in the UI?,react
Why does converting a NodeList to an array behave unexpectedly in JavaScript and how do you debug it?,javascript
How would you explain the difference between fetch caching defaults in the app router to debug a Next.js issue?,next.js
What is the correct way to deal with handling timeouts for outgoing HTTP requests when building a Node.js backend?,node.js
Why does structuring routes using the Express Router cause issues in an Express.js server and how do you fix it?,express.js
What's the best practice for logging incoming requests with morgan in Express.js?,express.js
Why does the difference between multiprocessing and multithreading cause unexpected behavior and how do you fix it in Python?,python
What query would you write to address the difference between INNER JOIN and LEFT JOIN?,sql
How would you explain the difference between build-time rendering and request-time rendering to debug a Next.js issue?,next.js
Why does the difference between monolithic and microservice Node architectures occur in Node.js and how do you fix it?,node.js
What would you check when debugging handling a fatal error caused by a null property access in a Laravel project?,php / laravel
Why does the difference between declaration merging and module augmentation cause a type error and how do you resolve it?,typescript
Why does handling loading states with the loading.js file behave this way in Next.js and how do you fix it?,next.js
What is the recommended approach for handling recursion causing a stack overflow in vanilla JavaScript?,javascript
What's the correct way to deal with the difference between args and kwargs in a Python project?,python
How do you debug the difference between __str__ and __repr__ in Python?,python
What is the best practice for dealing with handling pagination efficiently with OFFSET and LIMIT in a relational database?,sql
How would you solve a query running slowly due to a missing index in SQL?,sql
What is the best practice for handling the difference between args and kwargs in Python?,python
How would you type-safely solve the difference between abstract classes and interfaces?,typescript
How would you correctly implement the spread operator on arrays in JavaScript?,javascript
What query would you write to address the difference between clustered and non-clustered indexes?,sql
"In JavaScript, what causes issues with array destructuring and how would you fix it?",javascript
What is the correct React pattern to solve context causing unnecessary re-renders across the tree?,react
What's the difference-driven fix for the difference between tsconfig strict mode options in TypeScript?,typescript
What's the correct pattern to avoid bugs related to chaining multiple array methods for performance in JavaScript?,javascript
Why does fetching data in parallel inside a server component behave this way in Next.js and how do you fix it?,next.js
How would you resolve validating request data in a FastAPI endpoint with Pydantic in Python?,python
How do you fix the difference between inline-block and block display in CSS?,html / css
What's the correct HTML/CSS technique to solve text overflowing without ellipsis truncation?,html / css
What would you check when debugging the difference between Blade templates and returning JSON from a controller in a Laravel project?,php / laravel
How would you resolve using a decorator to log function execution time in Python?,python
How do you correctly handle handling environment configuration with the .env file in Laravel in PHP/Laravel?,php / laravel
How do you correctly handle the difference between readonly and const in TypeScript in TypeScript?,typescript
What is the recommended approach for handling circular imports between ES modules in vanilla JavaScript?,javascript
What's the best practice for the difference between body-parser and the built-in express.json middleware in Express.js?,express.js
Why does detecting an array vs a plain object behave unexpectedly in JavaScript and how do you debug it?,javascript
How do you fix handling optimistic UI updates before an API call resolves in a React application?,react
Why does a CSS animation stuttering on scroll happen and what's the CSS-only solution?,html / css
What is the recommended approach for handling aborting a fetch request with AbortController in vanilla JavaScript?,javascript
What is the best practice for the difference between artisan commands and scheduled tasks in a Laravel application?,php / laravel
What is the correct React pattern to solve the difference between useMemo and useCallback?,react
Why does using worker_threads for CPU-bound tasks occur in Node.js and how do you fix it?,node.js
"In JavaScript, what causes issues with module bundling with ES modules and how would you fix it?",javascript
"In JavaScript, what causes issues with prototype inheritance and how would you fix it?",javascript
Why does the difference between middleware order in Express occur in Node.js and how do you fix it?,node.js
How would you type-safely solve extending an interface from multiple sources?,typescript
How do you correctly implement the difference between app.listen and a custom http server wrapping Express in an Express.js app?,express.js
How would you solve the difference between ACID properties and eventual consistency in SQL?,sql
How do you correctly implement logging incoming requests with morgan in an Express.js app?,express.js
How do you fix handling race conditions when fetching data on prop change in a React application?,react
What would you check first when debugging connecting Express to a PostgreSQL database with a connection pool in Express.js?,express.js
How would you solve the difference between VARCHAR and TEXT column types in SQL?,sql
What is the best practice for handling the difference between a shallow function call stack and recursion depth limit in Python?,python
How would you explain fetching data from MongoDB inside a Next.js server component to debug a Next.js issue?,next.js
How do you fix why a child element ignores the parent's height percentage in CSS?,html / css
Why does the difference between type assertion and type casting cause a type error and how do you resolve it?,typescript
How do you debug mocking an external API call in a unit test in Python?,python
What would you check first when debugging the difference between route-level and application-level middleware in Express.js?,express.js
"In JavaScript, what causes issues with recursion causing a stack overflow and how would you fix it?",javascript
How do you correctly implement the difference between next() and next(err) in middleware in an Express.js app?,express.js
What is the best practice for handling merging two DataFrames on a common column in Python?,python
What is the recommended approach for handling converting a NodeList to an array in vanilla JavaScript?,javascript
What's the best practice for the difference between server components and client components in Next.js?,next.js
What is the best practice for handling the difference between unittest and pytest in Python?,python
What is the correct approach to handling form submissions using server actions in a Next.js app?,next.js
How do you fix infinite loop caused by a useEffect in a React application?,react
What is the correct React pattern to solve structuring folder architecture for a large React app?,react
Why does the difference between class components and functional components occur in React and how do you resolve it?,react
"In JavaScript, what causes issues with template literals with nested expressions and how would you fix it?",javascript
How would you solve why an index isn't being used by the query planner in SQL?,sql
How do you fix lifting state up between sibling components in a React application?,react
Why does handling race conditions between two async calls behave unexpectedly in JavaScript and how do you debug it?,javascript
How do you debug using type hints with Optional and Union in Python?,python
How would you solve the difference between a primary key and a unique key in SQL?,sql
How do you debug the difference between a lambda function and a named function in Python?,python
What's the best practice for handling a 404 page with a custom not-found file in Next.js?,next.js
Why does IIFE usage behave unexpectedly in JavaScript and how do you debug it?,javascript
What's the correct HTML/CSS technique to solve flex-shrink causing items to shrink unexpectedly?,html / css
What's the correct HTML/CSS technique to solve the cascade order between user-agent styles and author styles?,html / css
How do you debug the difference between an abstract base class and a regular class in Python?,python
What would you check when debugging handling file uploads and storing them on a Laravel disk in a Laravel project?,php / laravel
What's the best practice around batching multiple setState calls in React?,react
Why does narrowing a union type inside a conditional cause a type error and how do you resolve it?,typescript
How do you debug streaming a file response to the client in a production Node.js server?,node.js
What's the best practice for the purpose of the route.js file for API routes in Next.js?,next.js
How do you handle the difference between metadata API and the Head component for SEO in Next.js?,next.js
What is the correct approach to revalidating cached data after a mutation in a Next.js app?,next.js
"In JavaScript, what causes issues with the difference between synchronous and asynchronous code execution and how would you fix it?",javascript
How would you resolve the difference between a dataclass and a regular class in Python?,python
What's the correct HTML/CSS technique to solve using object-fit to crop an image inside a fixed box?,html / css
Why does handling versioning of API routes cause issues in an Express.js server and how do you fix it?,express.js
What's the correct way to deal with handling a KeyError when accessing a dictionary in a Python project?,python
Why does the difference between soft deletes and hard deletes in Eloquent cause issues in PHP and how do you fix it?,php / laravel
How do you correctly implement the difference between synchronous and asynchronous middleware errors in an Express.js app?,express.js
Why does protecting routes with a JWT authentication middleware cause issues in an Express.js server and how do you fix it?,express.js
How would you resolve reading a large file without loading it fully into memory in a Node.js application?,node.js
Why does the difference between generateStaticParams and getStaticPaths behave this way in Next.js and how do you fix it?,next.js
How do you handle the difference between static generation and incremental static regeneration in Next.js?,next.js
How do you debug using context managers with the with statement in Python?,python
Why does template literals with nested expressions behave unexpectedly in JavaScript and how do you debug it?,javascript
Why does WeakMap usage for private data behave unexpectedly in JavaScript and how do you debug it?,javascript
What's the correct way to deal with the difference between an abstract base class and a regular class in a Python project?,python
Why does the difference between Composer's require and require-dev cause issues in PHP and how do you fix it?,php / laravel
What is the recommended TypeScript approach for the difference between generics constraints with extends?,typescript
Why does structuring a multi-tenant app with dynamic route segments behave this way in Next.js and how do you fix it?,next.js
What query would you write to address the difference between a subquery and a JOIN?,sql
What's the recommended Laravel approach for handling validation errors in a Laravel form request?,php / laravel
Why does a deadlock occurring between two transactions cause performance issues and how do you fix it?,sql
How would you type-safely solve the difference between type assertion and type casting?,typescript
What's the recommended Laravel approach for the difference between PHP's isset and empty functions?,php / laravel
What would you check first when debugging handling async errors inside an Express route handler in Express.js?,express.js
What's the best practice for structuring a multi-tenant app with dynamic route segments in Next.js?,next.js
How do you handle the difference between client-side navigation and a full page reload with next/link in Next.js?,next.js
What's the correct pattern to avoid bugs related to debugging a variable that is undefined inside a callback in JavaScript?,javascript
Why does the difference between server components and client components behave this way in Next.js and how do you fix it?,next.js
What is the best practice for handling the difference between is and == in Python?,python
What's the correct way to deal with the difference between deep copy and shallow copy in a Python project?,python
What is the best practice for the difference between soft deletes and hard deletes in Eloquent in a Laravel application?,php / laravel
How do you correctly handle why a type error appears only after enabling strict mode in TypeScript?,typescript
Why does structuring folder architecture for a large React app occur in React and how do you resolve it?,react
What is the best approach to handle a CSS animation stuttering on scroll when building a responsive layout?,html / css
What's the correct way to deal with the difference between Django's ORM querysets being lazy versly evaluated in a Python project?,python
How would you type-safely solve using utility types like Partial and Pick?,typescript
What is the correct approach to handling a 404 page with a custom not-found file in a Next.js app?,next.js
What is the best practice for handling handling missing values in a pandas DataFrame in Python?,python
"In JavaScript, what causes issues with using a Map versus a plain object for lookups and how would you fix it?",javascript
Why does the difference between app.use and app.get for defining routes cause issues in an Express.js server and how do you fix it?,express.js
How would you correctly implement iterators and the Symbol.iterator protocol in JavaScript?,javascript
What's the correct way to deal with the difference between a set and a frozenset in a Python project?,python
Why does the difference between a 404 handler and a global error handler cause issues in an Express.js server and how do you fix it?,express.js
How do you debug handling authentication with JWT in a FastAPI app in Python?,python
What's the best practice around handling form validation without a library in React?,react
How do you fix a form label not linking correctly to its input in CSS?,html / css
How do you debug the difference between Buffer and Stream in Node.js in a production Node.js server?,node.js
How do you handle the difference between next/image and a regular img tag in Next.js?,next.js
How do you correctly handle the difference between a Laravel service provider and a facade in PHP/Laravel?,php / laravel
What's the difference-driven fix for the difference between interface and type alias in TypeScript?,typescript
Why does the difference between synchronous middleware and async middleware errors occur in Node.js and how do you fix it?,node.js
Why does CSS specificity war between inline styles and classes happen and what's the CSS-only solution?,html / css
Why does handling race conditions when fetching data on prop change occur in React and how do you resolve it?,react
What is the recommended TypeScript approach for typing a Redux reducer with discriminated unions?,typescript
"In React, what would you check when why an event handler captures an outdated variable happens?",react
What's the correct way to deal with the difference between a lambda function and a named function in a Python project?,python
Why does media queries not applying in the correct order happen and what's the CSS-only solution?,html / css
What is the best practice for handling the difference between __str__ and __repr__ in Python?,python
Why does the difference between declaring types inline versus in a separate file cause a type error and how do you resolve it?,typescript
What's the recommended Laravel approach for the difference between a Laravel policy and a gate?,php / laravel
"In JavaScript, what causes issues with debouncing an input handler and how would you fix it?",javascript
What's the correct way to deal with mutable default arguments causing unexpected behavior in a Python project?,python
How do you handle the difference between static assets in the public folder and imported assets in Next.js?,next.js
What is the best practice for handling the difference between Django's ORM querysets being lazy versly evaluated in Python?,python
How would you explain handling redirects inside middleware to debug a Next.js issue?,next.js
What's the recommended Laravel approach for handling CSRF protection in a Laravel form?,php / laravel
What's the correct pattern to avoid bugs related to event bubbling in JavaScript?,javascript
What is the correct React pattern to solve handling optimistic UI updates before an API call resolves?,react
How do you debug the difference between global and local npm packages in a production Node.js server?,node.js
"In React, what would you check when a key prop warning when rendering a list happens?",react
What's the difference-driven fix for extending an interface from multiple sources in TypeScript?,typescript
Why does the difference between useRef and useState occur in React and how do you resolve it?,react
Why does the difference between the pages router and the app router behave this way in Next.js and how do you fix it?,next.js
What's the correct way to deal with the difference between a generator and a list comprehension in a Python project?,python
Why does using clamp for responsive font sizing happen and what's the CSS-only solution?,html / css
How would you explain optimizing fonts using next/font to debug a Next.js issue?,next.js
Why does handling timeouts for outgoing HTTP requests occur in Node.js and how do you fix it?,node.js
What is the recommended way to handle handling cookies securely in an Express response in Express.js?,express.js
What is the recommended approach for handling the nullish coalescing operator in vanilla JavaScript?,javascript
What's the best practice around the difference between class components and functional components in React?,react
Why does a third-party library missing type definitions cause a type error and how do you resolve it?,typescript
Why does the difference between a virtual environment and a conda environment cause unexpected behavior and how do you fix it in Python?,python
What is the recommended approach for handling the difference between == and === in vanilla JavaScript?,javascript
"In React, what would you check when the difference between React.memo and PureComponent happens?",react
What is the recommended approach for handling prototype inheritance in vanilla JavaScript?,javascript
What is the best approach to handle a background image not covering the full container when building a responsive layout?,html / css
How would you correctly implement prototype inheritance in JavaScript?,javascript
Why does the difference between a list and a tuple cause unexpected behavior and how do you fix it in Python?,python
What's the recommended Laravel approach for the difference between include and require in PHP?,php / laravel
Why does chaining multiple array methods for performance behave unexpectedly in JavaScript and how do you debug it?,javascript
Why does an N+1 query problem in an application cause performance issues and how do you fix it?,sql
Why does using object-fit to crop an image inside a fixed box happen and what's the CSS-only solution?,html / css
What's the correct HTML/CSS technique to solve the difference between em and rem units?,html / css
How do you correctly handle using utility types like Partial and Pick in TypeScript?,typescript
What query would you write to address the difference between database sharding and replication?,sql
What's the best practice for the difference between css modules and global styles in Next.js in Next.js?,next.js
How do you handle the difference between catch-all routes and optional catch-all routes in Next.js?,next.js
How would you correctly implement throttling a scroll handler in JavaScript?,javascript
"In React, what would you check when structuring folder architecture for a large React app happens?",react
What's the best practice for handling loading states with the loading.js file in Next.js?,next.js
Why does the difference between process.nextTick and setImmediate occur in Node.js and how do you fix it?,node.js
Why does handling file paths cross-platform using pathlib cause unexpected behavior and how do you fix it in Python?,python
How would you correctly implement using reduce to flatten an array in JavaScript?,javascript
What is the best approach to handle vertical alignment of inline elements when building a responsive layout?,html / css
Why does the difference between layout.js and template.js behave this way in Next.js and how do you fix it?,next.js
What is the best practice for the difference between Composer's require and require-dev in a Laravel application?,php / laravel
How do you debug handling file paths cross-platform using pathlib in Python?,python
Why does grid items overflowing their container happen and what's the CSS-only solution?,html / css
What is the recommended TypeScript approach for the difference between declaration merging and module augmentation?,typescript
How do you correctly implement handling query parameters versus route parameters in an Express.js app?,express.js
Why does the difference between synchronous and asynchronous fs methods occur in Node.js and how do you fix it?,node.js
What is the recommended approach for handling object destructuring in vanilla JavaScript?,javascript
What is the correct way to deal with the difference between Buffer and Stream in Node.js when building a Node.js backend?,node.js
What would you check first when debugging the difference between synchronous and asynchronous middleware errors in Express.js?,express.js
What is the best practice for dealing with the difference between WHERE and HAVING clauses in a relational database?,sql
What's the best practice for handling handling file uploads with multer in Node.js?,node.js
How would you resolve handling database migrations in Django in Python?,python
Why does handling CSRF protection in a Laravel form cause issues in PHP and how do you fix it?,php / laravel
How do you debug hashing passwords securely with bcrypt in a production Node.js server?,node.js
Why does float-based layouts causing a collapsed parent container happen and what's the CSS-only solution?,html / css
Why does converting a string to a number safely behave unexpectedly in JavaScript and how do you debug it?,javascript
How do you debug the difference between a property decorator and a plain method in Python?,python
How would you resolve connecting Flask to a PostgreSQL database with SQLAlchemy in Python?,python
How do you correctly handle a generic type not inferring correctly in TypeScript?,typescript
What's the correct pattern to avoid bugs related to the difference between let and var in a loop in JavaScript?,javascript
How do you debug handling backpressure in a writable stream in a production Node.js server?,node.js
How would you resolve graceful shutdown of an HTTP server on SIGTERM in a Node.js application?,node.js
Why does a hover effect not working on touch devices happen and what's the CSS-only solution?,html / css
How do you correctly implement handling versioning of API routes in an Express.js app?,express.js
How would you explain setting cache headers for an API route response to debug a Next.js issue?,next.js
How do you handle using dynamic routes with bracket folder names in Next.js?,next.js
What is the correct React pattern to solve the difference between mounting and updating lifecycle phases?,react
How do you debug merging two DataFrames on a common column in Python?,python
What's the best practice around optimizing a long list with virtualization in React?,react
What's the best practice for handling the event loop blocking due to a synchronous CPU-heavy task in Node.js?,node.js
What's the recommended Laravel approach for handling a SQL injection vulnerability in a raw query?,php / laravel
What's the correct HTML/CSS technique to solve an element causing horizontal scroll on mobile?,html / css
Why does the difference between visibility hidden and display none happen and what's the CSS-only solution?,html / css
What is the best practice for handling the difference between a generator and a list comprehension in Python?,python
What is the recommended TypeScript approach for the difference between mapped types and conditional types?,typescript
What is the recommended way to handle protecting routes with a JWT authentication middleware in Express.js?,express.js
What query would you write to address the difference between an inner subquery and a correlated subquery?,sql
Why does the difference between useMemo and useCallback occur in React and how do you resolve it?,react
How would you correctly implement the event loop in JavaScript?,javascript
Why does immutability patterns for state updates behave unexpectedly in JavaScript and how do you debug it?,javascript
What is the correct way to deal with logging errors properly in a production Node app when building a Node.js backend?,node.js
How would you correctly implement serializing a Date object to JSON in JavaScript?,javascript
What would you check when debugging the difference between include and require in PHP in a Laravel project?,php / laravel
What is the correct way to deal with handling backpressure in a writable stream when building a Node.js backend?,node.js
What's the best practice around the difference between useLayoutEffect and useEffect in React?,react
How do you debug reading a large file without loading it fully into memory in a production Node.js server?,node.js
How do you debug the difference between a generator and a list comprehension in Python?,python
How do you correctly implement structuring a REST API with separate controllers and services in an Express.js app?,express.js
How do you debug the difference between middleware order in Express in a production Node.js server?,node.js
What is the recommended way to handle structuring routes using the Express Router in Express.js?,express.js
What is the best approach to handle the difference between rem units and viewport units when building a responsive layout?,html / css
What's the correct pattern to avoid bugs related to the difference between null and undefined in JavaScript?,javascript
Why does optimizing fonts using next/font behave this way in Next.js and how do you fix it?,next.js
"In JavaScript, what causes issues with converting an async function's return value and how would you fix it?",javascript
How would you resolve using type hints with Optional and Union in Python?,python
What's the correct pattern to avoid bugs related to the difference between a function declaration and a function expression in JavaScript?,javascript
Why does the difference between a decorator with arguments and one without cause unexpected behavior and how do you fix it in Python?,python
Why does merging two DataFrames on a common column cause unexpected behavior and how do you fix it in Python?,python
What is the best practice for the difference between PHP's foreach by value and foreach by reference in a Laravel application?,php / laravel
Why does a state update not reflecting immediately in the UI occur in React and how do you resolve it?,react
What's the correct pattern to avoid bugs related to serializing a Date object to JSON in JavaScript?,javascript
How would you correctly implement tail call optimization support in JavaScript?,javascript
Why does the difference between default exports and named exports typing cause a type error and how do you resolve it?,typescript
What is the recommended way to handle handling errors with a centralized error-handling middleware in Express.js?,express.js
What's the best practice for handling query parameters versus route parameters in Express.js?,express.js
Why does the difference between UNION and UNION ALL cause performance issues and how do you fix it?,sql
"What query would you write to address the difference between DELETE, TRUNCATE and DROP?",sql
Why does prop drilling across multiple nested components occur in React and how do you resolve it?,react
How do you fix why nested flexbox containers break alignment in CSS?,html / css
How do you debug using worker_threads for CPU-bound tasks in a production Node.js server?,node.js
What is the recommended approach for handling the 'this' keyword inside a regular function in vanilla JavaScript?,javascript
Why does the difference between eager and lazy evaluation in a generator expression cause unexpected behavior and how do you fix it in Python?,python
How would you resolve the difference between list slicing and the itertools module in Python?,python
How do you debug vectorizing a loop-based computation with NumPy in Python?,python
Why does environment variables not loading from a .env file occur in Node.js and how do you fix it?,node.js
Why does the difference between abstract classes and interfaces cause a type error and how do you resolve it?,typescript
How do you debug the difference between synchronous middleware and async middleware errors in a production Node.js server?,node.js
What would you check when debugging the difference between a Laravel service provider and a facade in a Laravel project?,php / laravel
How would you resolve memory leaks from unclosed database connections in a Node.js application?,node.js
What is the correct React pattern to solve the difference between React.memo and PureComponent?,react
How would you resolve circular dependency errors between modules in a Node.js application?,node.js
Why does the difference between == and === in PHP cause issues in PHP and how do you fix it?,php / laravel
How do you fix handling multiple pieces of state that update together in a React application?,react
Why does the difference between synchronous and asynchronous middleware errors cause issues in an Express.js server and how do you fix it?,express.js
What's the correct way to deal with resolving a circular import between two modules in a Python project?,python
What's the correct HTML/CSS technique to solve the box-sizing property changing layout calculations?,html / css
What is the correct React pattern to solve the difference between server-side rendering and client-side rendering in React?,react
How would you resolve the difference between a pandas Series and a DataFrame in Python?,python
"In React, what would you check when handling optimistic UI updates before an API call resolves happens?",react
Why does using dynamic routes with bracket folder names behave this way in Next.js and how do you fix it?,next.js
What's the best practice for the difference between next/image and a regular img tag in Next.js?,next.js
Why does the difference between synchronous and asyncio-based concurrency cause unexpected behavior and how do you fix it in Python?,python
What is the best practice for handling the difference between exception chaining with raise from and a plain raise in Python?,python
How do you fix the difference between useContext and prop drilling in a React application?,react
What's the best practice around handling multiple pieces of state that update together in React?,react
What's the correct HTML/CSS technique to solve vertical alignment of inline elements?,html / css
How would you correctly implement using a Map versus a plain object for lookups in JavaScript?,javascript
Why does optimizing a query that uses SELECT * cause performance issues and how do you fix it?,sql
What's the correct SQL approach to handle writing a recursive query with a common table expression?,sql
How do you handle the purpose of the route.js file for API routes in Next.js?,next.js
How do you handle deploying a Next.js app with API routes to a serverless platform in Next.js?,next.js
What's the correct HTML/CSS technique to solve a modal not covering the full viewport on mobile?,html / css
How do you debug handling CORS in a Flask API in Python?,python
How do you correctly handle the difference between optional properties and undefined types in TypeScript?,typescript
What is the correct approach to debugging a hydration error caused by mismatched server and client output in a Next.js app?,next.js
What is the recommended way to handle parsing JSON request bodies with express.json in Express.js?,express.js
How would you correctly implement closures in JavaScript?,javascript
What is the recommended approach for handling using a Set to remove duplicates in vanilla JavaScript?,javascript
Why does the difference between a function declaration and a function expression behave unexpectedly in JavaScript and how do you debug it?,javascript
"In JavaScript, what causes issues with the difference between Promise.race and Promise.any and how would you fix it?",javascript
What's the best practice for handling handling timeouts for outgoing HTTP requests in Node.js?,node.js
What is the correct way to deal with structuring error-first callbacks properly when building a Node.js backend?,node.js
How do you correctly handle the difference between Laravel Sanctum and Laravel Passport in PHP/Laravel?,php / laravel
Why does hoisting of let and const behave unexpectedly in JavaScript and how do you debug it?,javascript
How would you resolve structuring a Node.js project with MVC architecture in a Node.js application?,node.js
Why does the difference between React.memo and PureComponent occur in React and how do you resolve it?,react
Why does a component re-rendering too many times occur in React and how do you resolve it?,react
Why does why environment variables aren't available during the build step behave this way in Next.js and how do you fix it?,next.js
What's the correct SQL approach to handle writing a query to calculate a running total?,sql
What's the correct pattern to avoid bugs related to the difference between setTimeout and setInterval in JavaScript?,javascript
How would you correctly implement clearing a setInterval correctly on unmount in JavaScript?,javascript
What is the best practice for the difference between Eloquent ORM and raw SQL queries in Laravel in a Laravel application?,php / laravel
How do you debug the difference between threading.Lock and asyncio.Lock in Python?,python
How would you explain handling loading states with the loading.js file to debug a Next.js issue?,next.js
Why does handling file uploads and storing them on a Laravel disk cause issues in PHP and how do you fix it?,php / laravel
Why does the difference between INSERT and UPSERT (ON CONFLICT) cause performance issues and how do you fix it?,sql
How do you correctly handle extending an interface from multiple sources in TypeScript?,typescript
How do you fix z-index not working as expected in CSS?,html / css
What is the recommended approach for handling the difference between null and undefined in vanilla JavaScript?,javascript
How do you correctly handle the difference between a Laravel migration and a seeder in PHP/Laravel?,php / laravel
Why does handling authentication with JWT in a FastAPI app cause unexpected behavior and how do you fix it in Python?,python
How do you correctly implement connecting Express to a PostgreSQL database with a connection pool in an Express.js app?,express.js
How do you correctly handle the difference between enum and union of string literals in TypeScript?,typescript
What is the best approach to handle an image not maintaining aspect ratio when resized when building a responsive layout?,html / css
What's the correct HTML/CSS technique to solve an image not maintaining aspect ratio when resized?,html / css
Why does the difference between synchronous requests and async httpx calls cause unexpected behavior and how do you fix it in Python?,python
What is the correct approach to why environment variables aren't available during the build step in a Next.js app?,next.js
What is the best practice for handling using a decorator to log function execution time in Python?,python
What's the best practice for handling reading command-line arguments in a Node script in Node.js?,node.js
What is the recommended TypeScript approach for typing an async function's return value correctly?,typescript
What's the correct pattern to avoid bugs related to converting a NodeList to an array in JavaScript?,javascript
What is the best practice for the difference between a Laravel migration and a seeder in a Laravel application?,php / laravel
What is the recommended way to handle the difference between next() and next(err) in middleware in Express.js?,express.js
How do you correctly implement validating request data before it reaches the controller in an Express.js app?,express.js
What is the recommended approach for handling debugging an unhandled promise rejection in vanilla JavaScript?,javascript
What's the recommended Laravel approach for the difference between a Laravel service provider and a facade?,php / laravel
How do you correctly implement handling errors with a centralized error-handling middleware in an Express.js app?,express.js
What is the recommended approach for handling the event loop in vanilla JavaScript?,javascript
How do you handle fetching data in parallel inside a server component in Next.js?,next.js
What is the best approach to handle CSS transitions not triggering on the first render when building a responsive layout?,html / css
How do you debug the difference between list slicing and the itertools module in Python?,python
How would you explain the difference between getStaticProps and getServerSideProps to debug a Next.js issue?,next.js
Why does why an SVG icon doesn't scale with its container happen and what's the CSS-only solution?,html / css
Why does handling a ZeroDivisionError gracefully cause unexpected behavior and how do you fix it in Python?,python
Why does testing an Express route with Jest and Supertest occur in Node.js and how do you fix it?,node.js
Why does handling a fatal error caused by a null property access cause issues in PHP and how do you fix it?,php / laravel
What's the best practice around the difference between Redux and Context API for state management in React?,react
What query would you write to address handling pagination efficiently with OFFSET and LIMIT?,sql
What's the recommended Laravel approach for the difference between soft deletes and hard deletes in Eloquent?,php / laravel
How do you fix the difference between Redux and Context API for state management in a React application?,react
How would you resolve the difference between Django's ORM querysets being lazy versly evaluated in Python?,python
What is the correct approach to the difference between metadata API and the Head component for SEO in a Next.js app?,next.js
Why does rate limiting requests to prevent abuse cause issues in an Express.js server and how do you fix it?,express.js
Why does the difference between a Laravel policy and a gate cause issues in PHP and how do you fix it?,php / laravel
What is the best practice for handling environment configuration with the .env file in Laravel in a Laravel application?,php / laravel
What is the correct React pattern to solve handling multiple pieces of state that update together?,react
Why does context causing unnecessary re-renders across the tree occur in React and how do you resolve it?,react
What's the best practice for handling file uploads with multer in an Express app in Express.js?,express.js
Why does fetching data from MongoDB inside a Next.js server component behave this way in Next.js and how do you fix it?,next.js
How would you resolve the difference between multiprocessing and multithreading in Python?,python
"In React, what would you check when handling multiple pieces of state that update together happens?",react
How do you debug debugging a memory leak using heap snapshots in a production Node.js server?,node.js
What's the correct SQL approach to handle the difference between ACID properties and eventual consistency?,sql
How do you correctly handle the difference between generics constraints with extends in TypeScript?,typescript
What's the best practice for handling rate limiting incoming API requests in Node.js?,node.js
Why does generator functions and yield behave unexpectedly in JavaScript and how do you debug it?,javascript
What is the best practice for handling the difference between eager and lazy evaluation in a generator expression in Python?,python
How would you correctly implement using localStorage vs sessionStorage in JavaScript?,javascript
Why does the difference between mounting and updating lifecycle phases occur in React and how do you resolve it?,react
Why does the difference between useImperativeHandle and forwardRef occur in React and how do you resolve it?,react
Why does the difference between == and === behave unexpectedly in JavaScript and how do you debug it?,javascript
What is the correct way to deal with rate limiting incoming API requests when building a Node.js backend?,node.js
How do you correctly implement handling cookies securely in an Express response in an Express.js app?,express.js
How would you type-safely solve handling strict null checks in a large codebase?,typescript
What's the correct SQL approach to handle the difference between clustered and non-clustered indexes?,sql
What is the best practice for handling queued jobs for a long-running task in Laravel in a Laravel application?,php / laravel
What is the recommended approach for handling chaining multiple array methods for performance in vanilla JavaScript?,javascript
What's the best practice around structuring folder architecture for a large React app in React?,react
What would you check first when debugging handling versioning of API routes in Express.js?,express.js
How would you explain the difference between server actions and traditional API routes to debug a Next.js issue?,next.js
What's the correct way to deal with handling missing values in a pandas DataFrame in a Python project?,python
What's the best practice for validating request data before it reaches the controller in Express.js?,express.js
What query would you write to address handling NULL values in a comparison?,sql
How do you debug the difference between string formatting with f-strings and .format() in Python?,python
Why does handling async errors inside an Express route handler cause issues in an Express.js server and how do you fix it?,express.js
What would you check when debugging the difference between Laravel's API resources and returning a model directly in a Laravel project?,php / laravel
How do you handle the purpose of the app router's page.js and layout.js files in Next.js?,next.js
How do you correctly handle the difference between Laravel's API resources and returning a model directly in PHP/Laravel?,php / laravel
Why does the difference between global and local npm packages occur in Node.js and how do you fix it?,node.js
How would you resolve the difference between a module and a package in Python in Python?,python
"In JavaScript, what causes issues with debugging a variable that is undefined inside a callback and how would you fix it?",javascript
How do you correctly implement setting up session-based authentication with express-session in an Express.js app?,express.js
"In JavaScript, what causes issues with tail call optimization support and how would you fix it?",javascript
How would you solve handling case sensitivity in a text comparison in SQL?,sql
What's the correct pattern to avoid bugs related to using reduce to flatten an array in JavaScript?,javascript
What's the correct way to deal with the difference between a queue and a stack implementation in Python in a Python project?,python
What's the correct HTML/CSS technique to solve a background image not covering the full container?,html / css
How do you handle the difference between streaming and suspense boundaries in the app router in Next.js?,next.js
How would you correctly implement debugging an unhandled promise rejection in JavaScript?,javascript
What is the best practice for handling the difference between a module and a package in Python in Python?,python
What would you check first when debugging logging incoming requests with morgan in Express.js?,express.js
What is the best approach to handle the difference between max-content and fit-content when building a responsive layout?,html / css
How do you correctly handle the difference between interface and type alias in TypeScript?,typescript
How do you debug graceful shutdown of an HTTP server on SIGTERM in a production Node.js server?,node.js
What is the best approach to handle why an SVG icon doesn't scale with its container when building a responsive layout?,html / css
How do you correctly handle typing event handlers correctly in a DOM project in TypeScript?,typescript
Why does the difference between dependencies and devDependencies occur in Node.js and how do you fix it?,node.js
What's the best practice for handling graceful shutdown of an HTTP server on SIGTERM in Node.js?,node.js
How would you correctly implement debugging a variable that is undefined inside a callback in JavaScript?,javascript
How do you debug structuring error-first callbacks properly in a production Node.js server?,node.js
Why does the difference between a Flask blueprint and a single app file cause unexpected behavior and how do you fix it in Python?,python
How would you explain handling environment variables that need to be exposed to the browser to debug a Next.js issue?,next.js
Why does connecting Express to a PostgreSQL database with a connection pool cause issues in an Express.js server and how do you fix it?,express.js
Why does the difference between getStaticProps and getServerSideProps behave this way in Next.js and how do you fix it?,next.js
How do you handle the difference between layout.js and template.js in Next.js?,next.js
How do you debug the difference between Django's ORM querysets being lazy versly evaluated in Python?,python
What is the correct React pattern to solve missing dependencies in a useEffect dependency array?,react
How would you resolve the difference between a property decorator and a plain method in Python?,python
What would you check when debugging eager loading relationships to avoid N+1 queries in Laravel in a Laravel project?,php / laravel
What is the recommended approach for handling converting a string to a number safely in vanilla JavaScript?,javascript
How would you solve the difference between GROUP BY and ORDER BY in SQL?,sql
What is the correct way to deal with circular dependency errors between modules when building a Node.js backend?,node.js
Why does handling a fetch request that never resolves behave unexpectedly in JavaScript and how do you debug it?,javascript
What is the best approach to handle why line-height affects inline element spacing unexpectedly when building a responsive layout?,html / css
How do you fix debugging why useState doesn't merge objects like setState did in a React application?,react
Why does a modal not covering the full viewport on mobile happen and what's the CSS-only solution?,html / css
What's the correct pattern to avoid bugs related to immutability patterns for state updates in JavaScript?,javascript
How would you type-safely solve the difference between satisfies operator and type assertion?,typescript
What is the best practice for dealing with the difference between INNER JOIN and LEFT JOIN in a relational database?,sql
What's the best practice around infinite loop caused by a useEffect in React?,react
Why does the difference between GROUP BY and ORDER BY cause performance issues and how do you fix it?,sql
Why does the difference between class variables and instance variables cause unexpected behavior and how do you fix it in Python?,python
Why does the difference between hydration errors and rendering errors occur in React and how do you resolve it?,react
What's the correct pattern to avoid bugs related to the difference between strict mode and sloppy mode in JavaScript?,javascript
Why does the difference between controlled and uncontrolled inputs occur in React and how do you resolve it?,react
What is the best practice for handling the difference between Flask and Django for building a web app in Python?,python
"In React, what would you check when the difference between hydration errors and rendering errors happens?",react
What would you check first when debugging structuring routes using the Express Router in Express.js?,express.js
Why does lazy loading a component with React.lazy and Suspense occur in React and how do you resolve it?,react
How do you debug handling an exception inside an async function in Python?,python
Why does infinite loop caused by a useEffect occur in React and how do you resolve it?,react
How do you fix sticky positioning not working inside an overflow container in CSS?,html / css
How do you correctly handle the difference between include and require in PHP in PHP/Laravel?,php / laravel
What is the correct React pattern to solve a custom hook not updating when its dependency changes?,react
How do you fix the difference between useState and useReducer in a React application?,react
Why does graceful shutdown of an HTTP server on SIGTERM occur in Node.js and how do you fix it?,node.js
Why does comparing objects for deep equality behave unexpectedly in JavaScript and how do you debug it?,javascript
What's the best practice around the difference between useMemo and useCallback in React?,react
How would you resolve handling WebSocket connections alongside an HTTP server in a Node.js application?,node.js
How would you resolve the difference between synchronous and asynchronous fs methods in a Node.js application?,node.js
What is the correct approach to the difference between server components and client components in a Next.js app?,next.js
How do you correctly handle handling CSRF protection in a Laravel form in PHP/Laravel?,php / laravel
Why does missing dependencies in a useEffect dependency array occur in React and how do you resolve it?,react
What query would you write to address handling case sensitivity in a text comparison?,sql
What would you check first when debugging the order in which middleware functions execute in Express.js?,express.js
Why does resolving a circular import between two modules cause unexpected behavior and how do you fix it in Python?,python
"In JavaScript, what causes issues with arrow functions inside class methods losing binding and how would you fix it?",javascript
What's the correct SQL approach to handle handling case sensitivity in a text comparison?,sql
Why does the difference between edge runtime and node runtime in Next.js behave this way in Next.js and how do you fix it?,next.js
How do you correctly handle structuring a Laravel project using the repository pattern in PHP/Laravel?,php / laravel
What is the recommended approach for handling clearing a setInterval correctly on unmount in vanilla JavaScript?,javascript
What is the best approach to handle a form's autofill styles overriding custom input styles when building a responsive layout?,html / css
Why does the difference between Object.freeze and const behave unexpectedly in JavaScript and how do you debug it?,javascript
What's the best practice for handling structuring error-first callbacks properly in Node.js?,node.js
How would you solve the difference between database sharding and replication in SQL?,sql
How would you explain the difference between server components and client components to debug a Next.js issue?,next.js
What is the correct approach to the difference between next.config.js rewrites and redirects in a Next.js app?,next.js
What is the best practice for the difference between static and instance methods in PHP classes in a Laravel application?,php / laravel
"In JavaScript, what causes issues with the difference between slice and splice and how would you fix it?",javascript
What's the best practice around handling error boundaries for a component tree in React?,react
How would you resolve handling a KeyError when accessing a dictionary in Python?,python
How do you debug handling missing values in a pandas DataFrame in Python?,python
What is the recommended way to handle serving static files from a public directory in Express.js?,express.js
How would you solve using window functions like ROW_NUMBER and RANK in SQL?,sql
How do you fix grid items overflowing their container in CSS?,html / css
What's the best practice for setting up session-based authentication with express-session in Express.js?,express.js
Why does the difference between let and var in a loop behave unexpectedly in JavaScript and how do you debug it?,javascript
What's the best practice around stale state inside a useEffect closure in React?,react
How do you handle handling redirects inside middleware in Next.js?,next.js
What is the recommended way to handle setting up session-based authentication with express-session in Express.js?,express.js
What's the correct pattern to avoid bugs related to the difference between == and === in JavaScript?,javascript
What is the best practice for handling a SQL injection vulnerability in a raw query in a Laravel application?,php / laravel
What is the recommended approach for handling WeakMap usage for private data in vanilla JavaScript?,javascript
What's the best practice for the difference between generateStaticParams and getStaticPaths in Next.js?,next.js
What is the recommended TypeScript approach for why a type error appears only after enabling strict mode?,typescript
Why does typing a Redux reducer with discriminated unions cause a type error and how do you resolve it?,typescript
How would you type-safely solve typing the props of a React component?,typescript
What's the best practice for handling the difference between middleware order in Express in Node.js?,node.js
What is the recommended way to handle the difference between app.listen and a custom http server wrapping Express in Express.js?,express.js
How do you debug handling uncaught exceptions gracefully in a production Node.js server?,node.js
What is the best practice for handling file uploads and storing them on a Laravel disk in a Laravel application?,php / laravel
"In JavaScript, what causes issues with converting a callback-based API to promises and how would you fix it?",javascript
How would you correctly implement converting a callback-based API to promises in JavaScript?,javascript
What's the recommended Laravel approach for handling queued jobs for a long-running task in Laravel?,php / laravel
Why does conditionally rendering a component based on async data occur in React and how do you resolve it?,react
What is the recommended approach for handling the difference between throw and return in a catch block in vanilla JavaScript?,javascript
How would you resolve the difference between a list and a tuple in Python?,python
What is the recommended approach for handling detecting an array vs a plain object in vanilla JavaScript?,javascript
What is the best practice for handling the difference between pandas loc and iloc in Python?,python
How do you debug the difference between a shallow and a deep neural network in Python?,python
Why does the difference between fetch caching defaults in the app router behave this way in Next.js and how do you fix it?,next.js
Why does mutable default arguments causing unexpected behavior cause unexpected behavior and how do you fix it in Python?,python
What is the best approach to handle z-index not working as expected when building a responsive layout?,html / css
Why does why nested flexbox containers break alignment happen and what's the CSS-only solution?,html / css
What's the best practice for handling logging errors properly in a production Node app in Node.js?,node.js
What's the correct HTML/CSS technique to solve a form input not respecting max-width?,html / css
What's the correct way to deal with handling database migrations in Django in a Python project?,python
Why does promise chaining behave unexpectedly in JavaScript and how do you debug it?,javascript
"In React, what would you check when lazy loading a component with React.lazy and Suspense happens?",react
Why does debugging a hydration error caused by mismatched server and client output behave this way in Next.js and how do you fix it?,next.js
What's the best practice for handling the difference between dependencies and devDependencies in Node.js?,node.js
What's the correct pattern to avoid bugs related to debugging an unhandled promise rejection in JavaScript?,javascript
Why does the difference between metadata API and the Head component for SEO behave this way in Next.js and how do you fix it?,next.js
How do you debug the Global Interpreter Lock limiting CPU-bound threads in Python?,python
How do you debug the difference between a shallow function call stack and recursion depth limit in Python?,python
"In JavaScript, what causes issues with filtering out duplicate values from an array and how would you fix it?",javascript
What query would you write to address writing a query to calculate a running total?,sql
"Why does the difference between res.send, res.json and res.end cause issues in an Express.js server and how do you fix it?",express.js
How do you fix structuring folder architecture for a large React app in a React application?,react
Why does scoping issues inside a for loop with setTimeout behave unexpectedly in JavaScript and how do you debug it?,javascript
What is the recommended way to handle handling versioning of API routes in Express.js?,express.js
Why does rate limiting incoming API requests occur in Node.js and how do you fix it?,node.js
What's the best practice around the difference between hydration errors and rendering errors in React?,react
How do you fix using aspect-ratio property for responsive video embeds in CSS?,html / css
What is the recommended approach for handling closures in vanilla JavaScript?,javascript
Why does the difference between throw and return in a catch block behave unexpectedly in JavaScript and how do you debug it?,javascript
What's the best practice for handling validating request bodies before hitting the database in Node.js?,node.js
How would you solve the difference between an inner subquery and a correlated subquery in SQL?,sql
Why does the difference between Redux and Context API for state management occur in React and how do you resolve it?,react
How do you correctly handle the difference between a Laravel controller and a resource controller in PHP/Laravel?,php / laravel
How would you resolve handling large CSV files without loading them fully into memory in Python?,python
How do you debug handling WebSocket connections alongside an HTTP server in a production Node.js server?,node.js
What is the correct React pattern to solve the difference between Redux and Context API for state management?,react
Why does memory leaks from unclosed database connections occur in Node.js and how do you fix it?,node.js
How do you correctly implement the difference between route-level and application-level middleware in an Express.js app?,express.js
How do you handle the difference between css modules and global styles in Next.js in Next.js?,next.js
What's the best practice for setting up CORS correctly for a frontend making cross-origin requests in Express.js?,express.js
What's the best practice for handling errors with a centralized error-handling middleware in Express.js?,express.js
Why does using Promise.all versus Promise.allSettled behave unexpectedly in JavaScript and how do you debug it?,javascript
What is the recommended approach for handling promise chaining in vanilla JavaScript?,javascript
What's the correct pattern to avoid bugs related to the 'this' keyword inside an arrow function in JavaScript?,javascript
What's the best practice for debugging a hydration error caused by mismatched server and client output in Next.js?,next.js
Why does the difference between local component state and global state occur in React and how do you resolve it?,react
How would you type-safely solve the difference between any and unknown?,typescript
"How would you resolve the difference between spawn, exec and fork in child_process in a Node.js application?",node.js
What's the best practice for structuring a REST API with separate controllers and services in Express.js?,express.js
Why does caching API responses with Redis in a Node app occur in Node.js and how do you fix it?,node.js
What is the best practice for dealing with the difference between database sharding and replication in a relational database?,sql
What is the correct way to deal with validating request bodies before hitting the database when building a Node.js backend?,node.js
How do you debug the difference between NumPy broadcasting rules in Python?,python
How would you resolve the difference between string formatting with f-strings and .format() in Python?,python
Why does aborting a fetch request with AbortController behave unexpectedly in JavaScript and how do you debug it?,javascript
"In JavaScript, what causes issues with NaN comparisons and how would you fix it?",javascript
What is the recommended approach for handling sorting an array of objects by a property in vanilla JavaScript?,javascript
What's the correct HTML/CSS technique to solve media queries not applying in the correct order?,html / css
What's the correct pattern to avoid bugs related to the difference between slice and splice in JavaScript?,javascript
What's the best practice for handling async errors inside an Express route handler in Express.js?,express.js
How would you explain fetching data in parallel inside a server component to debug a Next.js issue?,next.js
Why does the difference between next/image and a regular img tag behave this way in Next.js and how do you fix it?,next.js
What would you check when debugging the difference between Laravel middleware and form request validation in a Laravel project?,php / laravel
What's the best practice around conditionally rendering a component based on async data in React?,react
How would you correctly implement optional chaining on a deeply nested object in JavaScript?,javascript
What's the correct way to deal with the Global Interpreter Lock limiting CPU-bound threads in a Python project?,python
"In JavaScript, what causes issues with closures and how would you fix it?",javascript
"In JavaScript, what causes issues with the 'this' keyword inside an arrow function and how would you fix it?",javascript
Why does hashing passwords securely with bcrypt occur in Node.js and how do you fix it?,node.js
What is the correct React pattern to solve avoiding unnecessary API calls on every re-render?,react
How do you correctly handle typing an async function's return value correctly in TypeScript?,typescript
What is the correct approach to using dynamic routes with bracket folder names in a Next.js app?,next.js
What is the correct React pattern to solve the difference between fragment and div wrapper elements?,react
What is the recommended approach for handling the difference between setTimeout and setInterval in vanilla JavaScript?,javascript
What's the correct SQL approach to handle the difference between INNER JOIN and LEFT JOIN?,sql
Why does debugging a memory leak using heap snapshots occur in Node.js and how do you fix it?,node.js
What query would you write to address optimizing a query that uses SELECT *?,sql
What's the best practice for handling cookies securely in an Express response in Express.js?,express.js
What's the best practice for handling an unhandled promise rejection crashing the server in Node.js?,node.js
What's the correct way to deal with the difference between is and == in a Python project?,python
What is the best practice for the difference between PHP's isset and empty functions in a Laravel application?,php / laravel
What's the best practice for handling the difference between process.env and config files in Node.js?,node.js
How do you handle handling environment variables that need to be exposed to the browser in Next.js?,next.js
What's the correct pattern to avoid bugs related to the spread operator on objects in JavaScript?,javascript
What's the best practice for why environment variables aren't available during the build step in Next.js?,next.js
How would you explain the difference between the pages router and the app router to debug a Next.js issue?,next.js
Why does the difference between useLayoutEffect and useEffect occur in React and how do you resolve it?,react
"In JavaScript, what causes issues with the difference between Array.from and the spread operator and how would you fix it?",javascript
What is the correct React pattern to solve a form input losing focus after every keystroke?,react
How do you handle setting up middleware for authentication in Next.js in Next.js?,next.js
How would you solve the difference between UNION and UNION ALL in SQL?,sql
How would you type-safely solve typing event handlers correctly in a DOM project?,typescript
"In React, what would you check when portals rendering outside the parent DOM hierarchy happens?",react
How do you handle the difference between server components and client components in Next.js?,next.js
How do you fix the difference between useLayoutEffect and useEffect in a React application?,react
How would you correctly implement the difference between setTimeout and setInterval in JavaScript?,javascript
How do you fix a background image not covering the full container in CSS?,html / css
What is the recommended way to handle the difference between route-level and application-level middleware in Express.js?,express.js
Why does the difference between PHP's isset and empty functions cause issues in PHP and how do you fix it?,php / laravel
"In JavaScript, what causes issues with chaining multiple array methods for performance and how would you fix it?",javascript
Why does handling timezone-aware datetime objects correctly cause unexpected behavior and how do you fix it in Python?,python
What's the best practice around a form input losing focus after every keystroke in React?,react
How would you correctly implement debouncing an input handler in JavaScript?,javascript
What is the best practice for dealing with the difference between a view and a materialized view in a relational database?,sql
What's the correct pattern to avoid bugs related to aborting a fetch request with AbortController in JavaScript?,javascript
Why does typing the props of a React component cause a type error and how do you resolve it?,typescript
What would you check when debugging the difference between a Laravel event listener and an observer in a Laravel project?,php / laravel
What is the best practice for handling the difference between a lambda function and a named function in Python?,python
Why does the difference between a shallow function call stack and recursion depth limit cause unexpected behavior and how do you fix it in Python?,python
How do you correctly handle the difference between artisan commands and scheduled tasks in PHP/Laravel?,php / laravel
What's the difference-driven fix for the difference between readonly and const in TypeScript in TypeScript?,typescript
"What's the best practice for handling the difference between spawn, exec and fork in child_process in Node.js?",node.js
What's the correct pattern to avoid bugs related to filtering out duplicate values from an array in JavaScript?,javascript
How do you correctly handle the difference between PHP's foreach by value and foreach by reference in PHP/Laravel?,php / laravel
Why does the difference between map and forEach behave unexpectedly in JavaScript and how do you debug it?,javascript
What's the correct SQL approach to handle the difference between horizontal and vertical partitioning?,sql
"In React, what would you check when the difference between useRef and useState happens?",react
What is the best practice for handling the difference between a property decorator and a plain method in Python?,python
What is the recommended approach for handling filtering out duplicate values from an array in vanilla JavaScript?,javascript
How do you correctly handle the difference between never and void return types in TypeScript?,typescript
How do you debug the difference between a Flask blueprint and a single app file in Python?,python
What is the best approach to handle using object-fit to crop an image inside a fixed box when building a responsive layout?,html / css
What is the recommended approach for handling debugging why a function runs before data has loaded in vanilla JavaScript?,javascript
What's the correct HTML/CSS technique to solve collapsing margins between sibling elements?,html / css
How do you handle the difference between fetch caching defaults in the app router in Next.js?,next.js
How would you resolve the difference between a lambda function and a named function in Python?,python
What's the correct pattern to avoid bugs related to debouncing an input handler in JavaScript?,javascript
What is the recommended way to handle the difference between a 404 handler and a global error handler in Express.js?,express.js
How do you correctly implement the difference between PATCH and PUT in a REST route in an Express.js app?,express.js
Why does handling validation errors in a Laravel form request cause issues in PHP and how do you fix it?,php / laravel
What is the correct approach to setting up middleware for authentication in Next.js in a Next.js app?,next.js
Why does using type hints with Optional and Union cause unexpected behavior and how do you fix it in Python?,python
What's the correct HTML/CSS technique to solve the difference between visibility hidden and display none?,html / css
What query would you write to address the difference between WHERE and HAVING clauses?,sql
How do you fix the difference between mounting and updating lifecycle phases in a React application?,react
How do you debug caching API responses with Redis in a Node app in a production Node.js server?,node.js
How do you fix a component re-rendering too many times in a React application?,react
Why does filtering out duplicate values from an array behave unexpectedly in JavaScript and how do you debug it?,javascript
Why does the difference between Buffer and Stream in Node.js occur in Node.js and how do you fix it?,node.js
What's the correct HTML/CSS technique to solve float-based layouts causing a collapsed parent container?,html / css
How do you debug circular dependency errors between modules in a production Node.js server?,node.js
How would you resolve reading command-line arguments in a Node script in a Node.js application?,node.js
How do you fix text overflowing without ellipsis truncation in CSS?,html / css
How do you debug the difference between a set and a frozenset in Python?,python
What is the correct approach to the difference between edge runtime and node runtime in Next.js in a Next.js app?,next.js
How do you fix the difference between max-content and fit-content in CSS?,html / css
Why does handling file uploads with multer in an Express app cause issues in an Express.js server and how do you fix it?,express.js
How would you explain why environment variables aren't available during the build step to debug a Next.js issue?,next.js
What's the correct pattern to avoid bugs related to the temporal dead zone in JavaScript?,javascript
What is the correct approach to the difference between static generation and incremental static regeneration in a Next.js app?,next.js
Why does the difference between inline-block and block display happen and what's the CSS-only solution?,html / css
What's the correct way to deal with handling CORS in a Flask API in a Python project?,python
How do you debug the difference between try/except and try/finally in Python?,python
Why does array destructuring behave unexpectedly in JavaScript and how do you debug it?,javascript
What would you check when debugging the difference between Laravel Sanctum and Laravel Passport in a Laravel project?,php / laravel
Why does handling side effects only on component mount occur in React and how do you resolve it?,react
Why does handling NULL values in a comparison cause performance issues and how do you fix it?,sql
What's the recommended Laravel approach for the difference between session-based auth and Sanctum token auth in Laravel?,php / laravel
What's the correct HTML/CSS technique to solve a hover effect not working on touch devices?,html / css
"In React, what would you check when lifting state up between sibling components happens?",react
How would you solve the difference between clustered and non-clustered indexes in SQL?,sql
What's the correct HTML/CSS technique to solve a button losing focus outline for accessibility?,html / css
What is the correct approach to handling loading states with the loading.js file in a Next.js app?,next.js
How would you correctly implement the spread operator on objects in JavaScript?,javascript
Why does debugging why a function runs before data has loaded behave unexpectedly in JavaScript and how do you debug it?,javascript
What query would you write to address the difference between ACID properties and eventual consistency?,sql
Why does structuring a REST API with separate controllers and services cause issues in an Express.js server and how do you fix it?,express.js
"How do you correctly implement the difference between res.send, res.json and res.end in an Express.js app?",express.js
What is the recommended approach for handling the difference between slice and splice in vanilla JavaScript?,javascript
How do you fix portals rendering outside the parent DOM hierarchy in a React application?,react
What is the best approach to handle a form label not linking correctly to its input when building a responsive layout?,html / css
What's the correct pattern to avoid bugs related to circular imports between ES modules in JavaScript?,javascript
How would you correctly implement scoping issues inside a for loop with setTimeout in JavaScript?,javascript
How would you solve the difference between OLTP and OLAP database design in SQL?,sql
How would you resolve the difference between a virtual environment and a conda environment in Python?,python
What's the best practice for the difference between app.use and app.get for defining routes in Express.js?,express.js
What is the correct approach to the difference between server actions and traditional API routes in a Next.js app?,next.js
What's the correct pattern to avoid bugs related to parsing a malformed JSON string safely in JavaScript?,javascript
Why does why a type error appears only after enabling strict mode cause a type error and how do you resolve it?,typescript
What's the best practice around a state update not reflecting immediately in the UI in React?,react
What's the correct HTML/CSS technique to solve a print stylesheet not hiding navigation elements?,html / css
What is the recommended TypeScript approach for extending an interface from multiple sources?,typescript
How would you resolve the difference between synchronous middleware and async middleware errors in a Node.js application?,node.js
What's the best practice around the difference between shallow rendering and full DOM rendering in tests in React?,react
What's the correct way to deal with the difference between a pandas Series and a DataFrame in a Python project?,python
How would you resolve the event loop blocking due to a synchronous CPU-heavy task in a Node.js application?,node.js
How do you fix the difference between local component state and global state in a React application?,react
What's the best practice for handling the difference between require and import in Node.js in Node.js?,node.js
How do you correctly handle the difference between Blade templates and returning JSON from a controller in PHP/Laravel?,php / laravel
Why does a form input losing focus after every keystroke occur in React and how do you resolve it?,react
How do you debug handling timezone-aware datetime objects correctly in Python?,python
How would you correctly implement currying a function in JavaScript?,javascript
What is the best practice for handling the Global Interpreter Lock limiting CPU-bound threads in Python?,python
How do you correctly handle typing a function that accepts a variable number of arguments in TypeScript?,typescript
Why does the difference between list slicing and the itertools module cause unexpected behavior and how do you fix it in Python?,python
"What is the correct way to deal with the difference between spawn, exec and fork in child_process when building a Node.js backend?",node.js
How do you debug structuring a Node.js project with MVC architecture in a production Node.js server?,node.js
How do you handle handling internationalized routing in Next.js in Next.js?,next.js
Why does the Global Interpreter Lock limiting CPU-bound threads cause unexpected behavior and how do you fix it in Python?,python
How would you explain the difference between client-side navigation and a full page reload with next/link to debug a Next.js issue?,next.js
How do you debug the difference between a virtual environment and a conda environment in Python?,python
What is the recommended approach for handling event bubbling in vanilla JavaScript?,javascript
What is the recommended way to handle setting up CORS correctly for a frontend making cross-origin requests in Express.js?,express.js
How would you resolve merging two DataFrames on a common column in Python?,python
How do you fix why an SVG icon doesn't scale with its container in CSS?,html / css
How would you correctly implement the difference between Object.freeze and const in JavaScript?,javascript
How do you debug the difference between a pandas Series and a DataFrame in Python?,python
What's the correct pattern to avoid bugs related to the nullish coalescing operator in JavaScript?,javascript
Why does handling missing values in a pandas DataFrame cause unexpected behavior and how do you fix it in Python?,python
How do you fix the difference between useRef and useState in a React application?,react
How would you resolve resolving a circular import between two modules in Python?,python
Why does optional chaining on a deeply nested object behave unexpectedly in JavaScript and how do you debug it?,javascript
"In React, what would you check when conditionally rendering a component based on async data happens?",react
How do you fix the difference between useImperativeHandle and forwardRef in a React application?,react
What's the recommended Laravel approach for eager loading relationships to avoid N+1 queries in Laravel?,php / laravel
What is the best approach to handle vendor prefixes needed for cross-browser support when building a responsive layout?,html / css
What is the best practice for handling the difference between synchronous views and async views in Django in Python?,python
What's the difference-driven fix for a third-party library missing type definitions in TypeScript?,typescript
What is the correct way to deal with handling WebSocket connections alongside an HTTP server when building a Node.js backend?,node.js
What's the best practice for handling internationalized routing in Next.js in Next.js?,next.js
"In JavaScript, what causes issues with optional chaining on a deeply nested object and how would you fix it?",javascript
How would you type-safely solve the difference between enum and union of string literals?,typescript
Why does the cascade order between user-agent styles and author styles happen and what's the CSS-only solution?,html / css
How would you resolve the difference between pandas loc and iloc in Python?,python
How would you explain the difference between layout.js and template.js to debug a Next.js issue?,next.js
What would you check first when debugging setting security headers using helmet in Express.js?,express.js
What's the best practice for handling handling uncaught exceptions gracefully in Node.js?,node.js
What is the recommended way to handle handling query parameters versus route parameters in Express.js?,express.js
What is the correct approach to deploying a Next.js app with API routes to a serverless platform in a Next.js app?,next.js
What's the correct way to deal with handling large CSV files without loading them fully into memory in a Python project?,python
What's the recommended Laravel approach for the difference between Composer's require and require-dev?,php / laravel
"In React, what would you check when the difference between useMemo and useCallback happens?",react
"In React, what would you check when handling side effects only on component mount happens?",react
What's the best practice for the difference between layout.js and template.js in Next.js?,next.js
"In React, what would you check when a ref returning null on the first render happens?",react
What is the recommended approach for handling parsing a malformed JSON string safely in vanilla JavaScript?,javascript
How do you fix the difference between fragment and div wrapper elements in a React application?,react
Why does setting up route model binding in Laravel cause issues in PHP and how do you fix it?,php / laravel
How do you debug the difference between unittest and pytest in Python?,python
How would you explain revalidating cached data after a mutation to debug a Next.js issue?,next.js
What is the correct approach to fetching data in parallel inside a server component in a Next.js app?,next.js
Why does using context managers with the with statement cause unexpected behavior and how do you fix it in Python?,python
What is the best practice for handling handling CORS in a Flask API in Python?,python
What would you check when debugging handling CSRF protection in a Laravel form in a Laravel project?,php / laravel
Why does protecting an API route so only authenticated users can access it behave this way in Next.js and how do you fix it?,next.js
Why does reading a large file without loading it fully into memory occur in Node.js and how do you fix it?,node.js
"In JavaScript, what causes issues with converting a string to a number safely and how would you fix it?",javascript
What is the recommended approach for handling the difference between Promise.race and Promise.any in vanilla JavaScript?,javascript
What's the best practice for handling handling WebSocket connections alongside an HTTP server in Node.js?,node.js
Why does using async/await inside a for loop without blocking occur in Node.js and how do you fix it?,node.js
What query would you write to address a query running slowly due to a missing index?,sql
How do you debug handling a KeyError when accessing a dictionary in Python?,python
What's the best practice for handling redirects inside middleware in Next.js?,next.js
What is the best practice for handling the difference between NumPy broadcasting rules in Python?,python
What is the recommended way to handle structuring a REST API with separate controllers and services in Express.js?,express.js
What's the best practice for the difference between a 404 handler and a global error handler in Express.js?,express.js
How do you handle why data fetched in a server component isn't updating on the client in Next.js?,next.js
What's the correct SQL approach to handle the difference between a foreign key constraint and a check constraint?,sql
What's the best practice for handling the difference between process.nextTick and setImmediate in Node.js?,node.js
What's the correct way to deal with using context managers with the with statement in a Python project?,python
What's the correct pattern to avoid bugs related to recursion causing a stack overflow in JavaScript?,javascript
What's the correct way to deal with the difference between a decorator with arguments and one without in a Python project?,python
What is the recommended TypeScript approach for resolving a circular type reference error?,typescript
What is the recommended approach for handling serializing a Date object to JSON in vanilla JavaScript?,javascript
How do you correctly handle a third-party library missing type definitions in TypeScript?,typescript
What is the best practice for handling the difference between threading.Lock and asyncio.Lock in Python?,python
How do you debug clustering a Node.js app across CPU cores in a production Node.js server?,node.js
How do you handle fetching data from MongoDB inside a Next.js server component in Next.js?,next.js
Why does a sticky header overlapping content below it happen and what's the CSS-only solution?,html / css
What's the best practice around the difference between useContext and prop drilling in React?,react
"In JavaScript, what causes issues with the event loop and how would you fix it?",javascript
How would you resolve the difference between a set and a frozenset in Python?,python
"In React, what would you check when a child component not receiving updated props happens?",react
What query would you write to address an N+1 query problem in an application?,sql
What's the best practice for handling resolving version conflicts in package-lock.json in Node.js?,node.js
What's the correct way to deal with the difference between try/except and try/finally in a Python project?,python
How do you debug mutable default arguments causing unexpected behavior in Python?,python
Why does structuring a Laravel project using the repository pattern cause issues in PHP and how do you fix it?,php / laravel
Why does the difference between interface and type alias cause a type error and how do you resolve it?,typescript
Why does a key prop warning when rendering a list occur in React and how do you resolve it?,react
Why does handling large CSV files without loading them fully into memory cause unexpected behavior and how do you fix it in Python?,python
What query would you write to address locking rows for update inside a transaction?,sql
Why does setting up middleware for authentication in Next.js behave this way in Next.js and how do you fix it?,next.js
What's the correct HTML/CSS technique to solve the difference between inline-block and block display?,html / css
What is the best practice for handling resolving a circular import between two modules in Python?,python
How would you solve writing a query to calculate a running total in SQL?,sql
Why does the difference between REST and GraphQL when building a Node API occur in Node.js and how do you fix it?,node.js
Why does using :not selector to exclude elements happen and what's the CSS-only solution?,html / css
How do you fix a custom hook not updating when its dependency changes in a React application?,react
How would you resolve the difference between npm and npx in a Node.js application?,node.js
How would you correctly implement handling race conditions between two async calls in JavaScript?,javascript
What is the correct React pattern to solve infinite loop caused by a useEffect?,react
Why does the difference between absolute and fixed positioning happen and what's the CSS-only solution?,html / css
What's the recommended Laravel approach for the difference between Laravel Sanctum and Laravel Passport?,php / laravel
What's the correct pattern to avoid bugs related to prototype inheritance in JavaScript?,javascript
Why does the difference between css modules and global styles in Next.js behave this way in Next.js and how do you fix it?,next.js
"In JavaScript, what causes issues with hoisting of var declarations and how would you fix it?",javascript
What is the correct approach to the difference between hydration mismatch errors and rendering errors in a Next.js app?,next.js
How do you debug the difference between a decorator with arguments and one without in Python?,python
What is the recommended way to handle handling async errors inside an Express route handler in Express.js?,express.js
How do you debug the difference between synchronous requests and async httpx calls in Python?,python
Why does the difference between deep copy and shallow copy cause unexpected behavior and how do you fix it in Python?,python
How would you explain the difference between catch-all routes and optional catch-all routes to debug a Next.js issue?,next.js
How would you resolve connecting to MongoDB with connection pooling in a Node.js application?,node.js
What is the recommended way to handle the difference between PATCH and PUT in a REST route in Express.js?,express.js
Why does the difference between PHP's foreach by value and foreach by reference cause issues in PHP and how do you fix it?,php / laravel
What is the best practice for the difference between a Laravel service provider and a facade in a Laravel application?,php / laravel
How do you fix a ref returning null on the first render in a React application?,react
Why does the difference between a Laravel event listener and an observer cause issues in PHP and how do you fix it?,php / laravel
What's the correct pattern to avoid bugs related to module bundling with ES modules in JavaScript?,javascript
What is the correct way to deal with testing an Express route with Jest and Supertest when building a Node.js backend?,node.js
What's the correct way to deal with the difference between synchronous views and async views in Django in a Python project?,python
What's the best practice around a key prop warning when rendering a list in React?,react
How would you resolve the difference between a queue and a stack implementation in Python in Python?,python
How would you solve the difference between INSERT and UPSERT (ON CONFLICT) in SQL?,sql
"In React, what would you check when the difference between server-side rendering and client-side rendering in React happens?",react
How do you debug setting up JWT-based authentication in Node.js in a production Node.js server?,node.js
Why does the difference between static generation and incremental static regeneration behave this way in Next.js and how do you fix it?,next.js
How do you debug connecting to MongoDB with connection pooling in a production Node.js server?,node.js
What is the best approach to handle collapsing margins between sibling elements when building a responsive layout?,html / css
What's the correct way to deal with the difference between __init__ and __new__ in a Python project?,python
What's the correct HTML/CSS technique to solve a custom checkbox not being accessible via keyboard?,html / css
What is the correct React pattern to solve a child component not receiving updated props?,react
What is the correct way to deal with the difference between global and local npm packages when building a Node.js backend?,node.js
How do you debug the difference between exception chaining with raise from and a plain raise in Python?,python
What's the correct way to deal with the difference between a shallow function call stack and recursion depth limit in a Python project?,python
Why does throttling a scroll handler behave unexpectedly in JavaScript and how do you debug it?,javascript
How would you correctly implement the 'this' keyword inside an arrow function in JavaScript?,javascript
What is the correct way to deal with the difference between REST and GraphQL when building a Node API when building a Node.js backend?,node.js
How would you explain deploying a Next.js app with API routes to a serverless platform to debug a Next.js issue?,next.js
How do you fix using object-fit to crop an image inside a fixed box in CSS?,html / css
What is the best approach to handle the cascade order between user-agent styles and author styles when building a responsive layout?,html / css
What is the correct approach to the difference between the pages router and the app router in a Next.js app?,next.js
How would you solve optimizing a query that uses SELECT * in SQL?,sql
Why does the difference between derived state and stored state occur in React and how do you resolve it?,react
What would you check when debugging the difference between artisan commands and scheduled tasks in a Laravel project?,php / laravel
How would you resolve the difference between a shallow and a deep neural network in Python?,python
How would you explain debugging a hydration error caused by mismatched server and client output to debug a Next.js issue?,next.js
What query would you write to address the difference between horizontal and vertical partitioning?,sql
Why does portals rendering outside the parent DOM hierarchy occur in React and how do you resolve it?,react
"In React, what would you check when optimizing a long list with virtualization happens?",react
What's the correct SQL approach to handle an N+1 query problem in an application?,sql
What is the best practice for dealing with the difference between a composite key and a surrogate key in a relational database?,sql
What is the recommended approach for handling tail call optimization support in vanilla JavaScript?,javascript
How do you correctly handle the difference between default exports and named exports typing in TypeScript?,typescript
How would you explain handling form submissions using server actions to debug a Next.js issue?,next.js
How would you correctly implement aborting a fetch request with AbortController in JavaScript?,javascript
What would you check when debugging the difference between Eloquent ORM and raw SQL queries in Laravel in a Laravel project?,php / laravel
What is the best approach to handle using CSS variables for a theme switch when building a responsive layout?,html / css
How would you resolve handling CORS errors in an Express-based API in a Node.js application?,node.js
How would you resolve the difference between args and kwargs in Python?,python
"In JavaScript, what causes issues with aborting a fetch request with AbortController and how would you fix it?",javascript
What is the recommended way to handle the order in which middleware functions execute in Express.js?,express.js
How do you correctly handle setting up route model binding in Laravel in PHP/Laravel?,php / laravel
What is the correct React pattern to solve portals rendering outside the parent DOM hierarchy?,react
What is the recommended approach for handling using Promise.all versus Promise.allSettled in vanilla JavaScript?,javascript
How do you fix the cascade order between user-agent styles and author styles in CSS?,html / css
How do you fix a button losing focus outline for accessibility in CSS?,html / css
Why does the difference between synchronous views and async views in Django cause unexpected behavior and how do you fix it in Python?,python
What's the best practice for the difference between next.config.js rewrites and redirects in Next.js?,next.js
What is the best practice for handling mutable default arguments causing unexpected behavior in Python?,python
How would you correctly implement converting an async function's return value in JavaScript?,javascript
What's the difference-driven fix for the difference between mapped types and conditional types in TypeScript?,typescript
How do you correctly implement the difference between body-parser and the built-in express.json middleware in an Express.js app?,express.js
What's the recommended Laravel approach for the difference between Laravel middleware and form request validation?,php / laravel
What is the recommended approach for handling the difference between Array.from and the spread operator in vanilla JavaScript?,javascript
How do you handle the difference between next.config.js rewrites and redirects in Next.js?,next.js
What is the best approach to handle a button losing focus outline for accessibility when building a responsive layout?,html / css
What is the correct way to deal with handling file uploads with multer when building a Node.js backend?,node.js
How do you fix vendor prefixes needed for cross-browser support in CSS?,html / css
Why does parsing a malformed JSON string safely behave unexpectedly in JavaScript and how do you debug it?,javascript
How do you correctly handle the difference between declaration merging and module augmentation in TypeScript?,typescript
What's the correct way to deal with handling a ZeroDivisionError gracefully in a Python project?,python
Why does circular dependency errors between modules occur in Node.js and how do you fix it?,node.js
What is the best practice for handling the difference between list slicing and the itertools module in Python?,python
What is the best practice for the difference between session-based auth and Sanctum token auth in Laravel in a Laravel application?,php / laravel
How do you correctly handle the difference between type assertion and type casting in TypeScript?,typescript
What is the correct React pattern to solve conditionally rendering a component based on async data?,react
What's the correct SQL approach to handle normalizing a database schema to third normal form?,sql
Why does the difference between string formatting with f-strings and .format() cause unexpected behavior and how do you fix it in Python?,python
Why does handling form validation without a library occur in React and how do you resolve it?,react
What's the recommended Laravel approach for the difference between PHP's foreach by value and foreach by reference?,php / laravel
What's the best practice around the difference between React.memo and PureComponent in React?,react
Why does handling database migrations in Django cause unexpected behavior and how do you fix it in Python?,python
What's the correct pattern to avoid bugs related to clearing a setInterval correctly on unmount in JavaScript?,javascript
How do you fix the difference between class components and functional components in a React application?,react
How do you fix the difference between useEffect cleanup and componentWillUnmount in a React application?,react
What is the best practice for structuring a Laravel project using the repository pattern in a Laravel application?,php / laravel
How do you fix the difference between visibility hidden and display none in CSS?,html / css
What is the best practice for handling debugging a memory leak in a long-running Python script in Python?,python
How do you correctly handle handling validation errors in a Laravel form request in PHP/Laravel?,php / laravel
How would you resolve testing an Express route with Jest and Supertest in a Node.js application?,node.js
"In React, what would you check when prop drilling across multiple nested components happens?",react
What's the difference-driven fix for the difference between abstract classes and interfaces in TypeScript?,typescript
Why does the difference between @staticmethod and @classmethod cause unexpected behavior and how do you fix it in Python?,python
How do you handle the difference between server actions and traditional API routes in Next.js?,next.js
What's the best practice for handling handling CORS errors in an Express-based API in Node.js?,node.js
How would you resolve the difference between is and == in Python?,python
Why does handling pagination efficiently with OFFSET and LIMIT cause performance issues and how do you fix it?,sql
What's the best practice for handling testing an Express route with Jest and Supertest in Node.js?,node.js
What's the difference-driven fix for typing event handlers correctly in a DOM project in TypeScript?,typescript
How do you fix missing dependencies in a useEffect dependency array in a React application?,react
What is the best practice for handling the difference between synchronous and asyncio-based concurrency in Python?,python
Why does using semantic HTML tags instead of generic divs happen and what's the CSS-only solution?,html / css
Why does a form input not respecting max-width happen and what's the CSS-only solution?,html / css
How do you fix a fixed-position element not sticking on mobile Safari in CSS?,html / css
What's the correct pattern to avoid bugs related to using a Map versus a plain object for lookups in JavaScript?,javascript
Why does the difference between WHERE and HAVING clauses cause performance issues and how do you fix it?,sql
"What is the recommended way to handle the difference between res.send, res.json and res.end in Express.js?",express.js
Why does deploying a Next.js app with API routes to a serverless platform behave this way in Next.js and how do you fix it?,next.js
What is the correct approach to setting cache headers for an API route response in a Next.js app?,next.js
What's the correct SQL approach to handle the difference between GROUP BY and ORDER BY?,sql
Why does the difference between max-content and fit-content happen and what's the CSS-only solution?,html / css
How do you debug the difference between multiprocessing and multithreading in Python?,python
What is the best practice for handling the difference between deep copy and shallow copy in Python?,python
What is the correct way to deal with clustering a Node.js app across CPU cores when building a Node.js backend?,node.js
How do you correctly implement the difference between app.use and app.get for defining routes in an Express.js app?,express.js
Why does text overflowing without ellipsis truncation happen and what's the CSS-only solution?,html / css
How would you correctly implement filtering out duplicate values from an array in JavaScript?,javascript
Why does the difference between require and import in Node.js occur in Node.js and how do you fix it?,node.js
What would you check when debugging the difference between a one-to-many and a many-to-many Eloquent relationship in a Laravel project?,php / laravel
Why does setting up JWT-based authentication in Node.js occur in Node.js and how do you fix it?,node.js
What is the correct React pattern to solve handling error boundaries for a component tree?,react
"In React, what would you check when stale state inside a useEffect closure happens?",react
What is the correct way to deal with streaming a file response to the client when building a Node.js backend?,node.js
What's the difference-driven fix for the difference between never and void return types in TypeScript?,typescript
Why does the difference between any and unknown cause a type error and how do you resolve it?,typescript
What would you check first when debugging validating request data before it reaches the controller in Express.js?,express.js
What is the recommended approach for handling the difference between Object.freeze and const in vanilla JavaScript?,javascript
What is the best practice for handling handling a KeyError when accessing a dictionary in Python?,python
How do you fix handling form validation without a library in a React application?,react
What's the correct way to deal with handling authentication with JWT in a FastAPI app in a Python project?,python
Why does the difference between a set and a frozenset cause unexpected behavior and how do you fix it in Python?,python
How do you debug the difference between process.env and config files in a production Node.js server?,node.js
How would you resolve the difference between try/except and try/finally in Python?,python
How do you handle the difference between generateStaticParams and getStaticPaths in Next.js?,next.js
What's the correct pattern to avoid bugs related to converting a string to a number safely in JavaScript?,javascript
"In JavaScript, what causes issues with the difference between strict mode and sloppy mode and how would you fix it?",javascript
"In JavaScript, what causes issues with the difference between null and undefined and how would you fix it?",javascript
Why does the difference between never and void return types cause a type error and how do you resolve it?,typescript
What's the correct pattern to avoid bugs related to garbage collection of detached DOM nodes in JavaScript?,javascript
What would you check when debugging the difference between a Laravel controller and a resource controller in a Laravel project?,php / laravel
What is the recommended TypeScript approach for the difference between abstract classes and interfaces?,typescript
What query would you write to address writing a recursive query with a common table expression?,sql
What is the best approach to handle a fixed-position element not sticking on mobile Safari when building a responsive layout?,html / css
What's the best practice for the difference between res.redirect and res.render in Express.js?,express.js
What is the best practice for dealing with writing a query to find duplicate rows in a table in a relational database?,sql
What query would you write to address the difference between a composite key and a surrogate key?,sql
What's the correct SQL approach to handle the difference between WHERE and HAVING clauses?,sql
How do you fix batching multiple setState calls in a React application?,react
What is the correct React pattern to solve the difference between useState and useReducer?,react
Why does the difference between artisan commands and scheduled tasks cause issues in PHP and how do you fix it?,php / laravel
How would you correctly implement immutability patterns for state updates in JavaScript?,javascript
How do you debug handling file uploads with multer in a production Node.js server?,node.js
How do you correctly handle the difference between Composer's require and require-dev in PHP/Laravel?,php / laravel
What is the recommended approach for handling module bundling with ES modules in vanilla JavaScript?,javascript
What is the recommended TypeScript approach for the difference between type assertion and type casting?,typescript
How would you type-safely solve narrowing a union type inside a conditional?,typescript
How do you fix conditionally rendering a component based on async data in a React application?,react
What's the correct pattern to avoid bugs related to throttling a scroll handler in JavaScript?,javascript
What's the best practice around lifting state up between sibling components in React?,react
"In JavaScript, what causes issues with scoping issues inside a for loop with setTimeout and how would you fix it?",javascript
What's the difference-driven fix for the difference between optional properties and undefined types in TypeScript?,typescript
What would you check when debugging the difference between soft deletes and hard deletes in Eloquent in a Laravel project?,php / laravel
Why does the difference between optional properties and undefined types cause a type error and how do you resolve it?,typescript
Why does the difference between npm and npx occur in Node.js and how do you fix it?,node.js
How would you explain the difference between metadata API and the Head component for SEO to debug a Next.js issue?,next.js
What is the correct approach to the difference between next/image and a regular img tag in a Next.js app?,next.js
What is the best practice for dealing with writing a recursive query with a common table expression in a relational database?,sql
Why does a ref returning null on the first render occur in React and how do you resolve it?,react
What is the correct approach to the difference between generateStaticParams and getStaticPaths in a Next.js app?,next.js
What's the correct pattern to avoid bugs related to the difference between throw and return in a catch block in JavaScript?,javascript
What would you check when debugging handling queued jobs for a long-running task in Laravel in a Laravel project?,php / laravel
What's the correct way to deal with the difference between NumPy broadcasting rules in a Python project?,python
How do you correctly handle the difference between structural typing and nominal typing in TypeScript?,typescript
What is the best practice for the difference between a one-to-many and a many-to-many Eloquent relationship in a Laravel application?,php / laravel
What is the recommended approach for handling comparing objects for deep equality in vanilla JavaScript?,javascript
How do you handle structuring a multi-tenant app with dynamic route segments in Next.js?,next.js
What's the best practice around handling race conditions when fetching data on prop change in React?,react
How do you handle the difference between hydration mismatch errors and rendering errors in Next.js?,next.js
What's the best practice for handling why a Node process doesn't exit after the script finishes in Node.js?,node.js
Why does the difference between a Laravel migration and a seeder cause issues in PHP and how do you fix it?,php / laravel
How do you handle handling loading states with the loading.js file in Next.js?,next.js
What's the correct pattern to avoid bugs related to detecting an array vs a plain object in JavaScript?,javascript
What would you check when debugging structuring a Laravel project using the repository pattern in a Laravel project?,php / laravel
How do you correctly implement protecting routes with a JWT authentication middleware in an Express.js app?,express.js
Why does serving static files from a public directory cause issues in an Express.js server and how do you fix it?,express.js
What's the correct way to deal with the difference between a dataclass and a regular class in a Python project?,python
What is the correct React pattern to solve handling race conditions when fetching data on prop change?,react
What's the correct HTML/CSS technique to solve using aspect-ratio property for responsive video embeds?,html / css
What query would you write to address using window functions like ROW_NUMBER and RANK?,sql
What's the correct pattern to avoid bugs related to the difference between map and forEach in JavaScript?,javascript
Why does the difference between a module and a package in Python cause unexpected behavior and how do you fix it in Python?,python
How do you fix the box-sizing property changing layout calculations in CSS?,html / css
Why does sorting an array of objects by a property behave unexpectedly in JavaScript and how do you debug it?,javascript
What's the best practice around the difference between controlled and uncontrolled inputs in React?,react
What's the best practice for serving static files from a public directory in Express.js?,express.js
What's the best practice for the difference between static generation and incremental static regeneration in Next.js?,next.js
What would you check when debugging handling pagination with Eloquent's paginate method in a Laravel project?,php / laravel
What's the best practice around missing dependencies in a useEffect dependency array in React?,react
What's the best practice for optimizing fonts using next/font in Next.js?,next.js
How would you solve writing a recursive query with a common table expression in SQL?,sql
What's the best practice for handling memory leaks from unclosed database connections in Node.js?,node.js
What would you check first when debugging structuring a REST API with separate controllers and services in Express.js?,express.js
How do you debug resolving a circular import between two modules in Python?,python
How do you fix specificity conflicts between two CSS classes in CSS?,html / css
How do you debug the difference between npm and npx in a production Node.js server?,node.js
How do you handle the difference between edge runtime and node runtime in Next.js in Next.js?,next.js
How do you fix CSS transitions not triggering on the first render in CSS?,html / css
How would you explain the difference between next/image and a regular img tag to debug a Next.js issue?,next.js
Why does the difference between streaming and suspense boundaries in the app router behave this way in Next.js and how do you fix it?,next.js
How would you correctly implement callback hell in JavaScript?,javascript
Why does setting cache headers for an API route response behave this way in Next.js and how do you fix it?,next.js
"In React, what would you check when handling race conditions when fetching data on prop change happens?",react
Why does the difference between INNER JOIN and LEFT JOIN cause performance issues and how do you fix it?,sql
"In React, what would you check when the difference between useImperativeHandle and forwardRef happens?",react
What is the correct approach to handling redirects inside middleware in a Next.js app?,next.js
Why does the difference between useContext and prop drilling occur in React and how do you resolve it?,react
Why does logging incoming requests with morgan cause issues in an Express.js server and how do you fix it?,express.js
What is the best practice for handling CSRF protection in a Laravel form in a Laravel application?,php / laravel
What's the best practice for handling streaming a file response to the client in Node.js?,node.js
What would you check first when debugging the difference between res.redirect and res.render in Express.js?,express.js
What's the best practice for protecting an API route so only authenticated users can access it in Next.js?,next.js
What is the best practice for dealing with the difference between GROUP BY and ORDER BY in a relational database?,sql
What is the best approach to handle the difference between visibility hidden and display none when building a responsive layout?,html / css
Why does the difference between next() and next(err) in middleware cause issues in an Express.js server and how do you fix it?,express.js
What is the correct way to deal with debugging a memory leak using heap snapshots when building a Node.js backend?,node.js
What is the correct way to deal with why a Node process doesn't exit after the script finishes when building a Node.js backend?,node.js
Why does a custom hook not updating when its dependency changes occur in React and how do you resolve it?,react
How do you debug the difference between FastAPI's dependency injection and manual instantiation in Python?,python
What is the best practice for handling the difference between a dataclass and a regular class in Python?,python
Why does the difference between pandas loc and iloc cause unexpected behavior and how do you fix it in Python?,python
What is the correct React pattern to solve why an event handler captures an outdated variable?,react
Why does reading command-line arguments in a Node script occur in Node.js and how do you fix it?,node.js
How do you fix context causing unnecessary re-renders across the tree in a React application?,react
How do you fix using CSS variables for a theme switch in CSS?,html / css
"In JavaScript, what causes issues with debugging an unhandled promise rejection and how would you fix it?",javascript
What is the correct approach to handling environment variables that need to be exposed to the browser in a Next.js app?,next.js
What is the best practice for dealing with the difference between a subquery and a JOIN in a relational database?,sql
What is the recommended way to handle the difference between res.redirect and res.render in Express.js?,express.js
How would you resolve streaming a file response to the client in a Node.js application?,node.js
What's the best practice for handling hashing passwords securely with bcrypt in Node.js?,node.js
What's the correct pattern to avoid bugs related to iterators and the Symbol.iterator protocol in JavaScript?,javascript
What is the recommended TypeScript approach for the difference between optional properties and undefined types?,typescript
Why does the purpose of the route.js file for API routes behave this way in Next.js and how do you fix it?,next.js
What's the correct HTML/CSS technique to solve why an SVG icon doesn't scale with its container?,html / css
What's the best practice for the difference between getStaticProps and getServerSideProps in Next.js?,next.js
Why does handling internationalized routing in Next.js behave this way in Next.js and how do you fix it?,next.js
Why does event bubbling behave unexpectedly in JavaScript and how do you debug it?,javascript
Why does passing a callback function to a child without breaking memoization occur in React and how do you resolve it?,react
How would you explain protecting an API route so only authenticated users can access it to debug a Next.js issue?,next.js
How do you debug the difference between monolithic and microservice Node architectures in a production Node.js server?,node.js
Why does prototype inheritance behave unexpectedly in JavaScript and how do you debug it?,javascript
Why does lifting state up between sibling components occur in React and how do you resolve it?,react
What is the correct React pattern to solve the difference between useLayoutEffect and useEffect?,react
What is the recommended approach for handling arrow functions inside class methods losing binding in vanilla JavaScript?,javascript
How do you fix the difference between useMemo and useCallback in a React application?,react
Why does the difference between an abstract base class and a regular class cause unexpected behavior and how do you fix it in Python?,python
"In JavaScript, what causes issues with callback hell and how would you fix it?",javascript
How would you correctly implement generator functions and yield in JavaScript?,javascript
Why does handling multiple pieces of state that update together occur in React and how do you resolve it?,react
What query would you write to address writing a query to find duplicate rows in a table?,sql
What is the best practice for dealing with the difference between clustered and non-clustered indexes in a relational database?,sql
How do you correctly handle eager loading relationships to avoid N+1 queries in Laravel in PHP/Laravel?,php / laravel
What's the correct HTML/CSS technique to solve CSS transitions not triggering on the first render?,html / css
How would you correctly implement the difference between map and forEach in JavaScript?,javascript
What is the recommended approach for handling generator functions and yield in vanilla JavaScript?,javascript
"In JavaScript, what causes issues with the difference between Object.freeze and const and how would you fix it?",javascript
What is the correct way to deal with handling uncaught exceptions gracefully when building a Node.js backend?,node.js
How do you fix why an event handler captures an outdated variable in a React application?,react
What is the best practice for dealing with the difference between UNION and UNION ALL in a relational database?,sql
What's the best practice for the difference between server actions and traditional API routes in Next.js?,next.js
How would you resolve the difference between a generator and a list comprehension in Python?,python
What is the recommended approach for handling memory leaks from event listeners in vanilla JavaScript?,javascript
How would you correctly implement event delegation in JavaScript?,javascript
"In React, what would you check when the difference between Redux Toolkit and plain Redux happens?",react
Why does the difference between process.env and config files occur in Node.js and how do you fix it?,node.js
Why does handling error boundaries for a component tree occur in React and how do you resolve it?,react
Why does the difference between unittest and pytest cause unexpected behavior and how do you fix it in Python?,python
What's the correct way to deal with using a decorator to log function execution time in a Python project?,python
How do you fix a modal not covering the full viewport on mobile in CSS?,html / css
What's the best practice for handling using async/await inside a for loop without blocking in Node.js?,node.js
Why does the 'this' keyword inside a regular function behave unexpectedly in JavaScript and how do you debug it?,javascript
How do you correctly handle handling a SQL injection vulnerability in a raw query in PHP/Laravel?,php / laravel
Why does handling CORS in a Flask API cause unexpected behavior and how do you fix it in Python?,python
What's the best practice for the difference between hydration mismatch errors and rendering errors in Next.js?,next.js
How would you correctly implement comparing objects for deep equality in JavaScript?,javascript
What's the correct way to deal with the difference between FastAPI's dependency injection and manual instantiation in a Python project?,python
What's the correct HTML/CSS technique to solve using :not selector to exclude elements?,html / css
Why does the difference between fragment and div wrapper elements occur in React and how do you resolve it?,react
What is the correct React pattern to solve optimizing a long list with virtualization?,react
What is the recommended TypeScript approach for using type guards to narrow an unknown value?,typescript
"In React, what would you check when the difference between useState and useReducer happens?",react
How would you resolve handling file uploads with multer in a Node.js application?,node.js
What's the best practice for fetching data in parallel inside a server component in Next.js?,next.js
Why does the difference between Laravel middleware and form request validation cause issues in PHP and how do you fix it?,php / laravel
Why does an unhandled promise rejection crashing the server occur in Node.js and how do you fix it?,node.js
Why does the spread operator on arrays behave unexpectedly in JavaScript and how do you debug it?,javascript
Why does cleaning up a subscription inside useEffect occur in React and how do you resolve it?,react
How do you handle handling a 404 page with a custom not-found file in Next.js?,next.js
What is the correct React pattern to solve debugging why a component doesn't unmount properly?,react
What is the recommended approach for handling the temporal dead zone in vanilla JavaScript?,javascript
Why does the difference between a shallow and a deep neural network cause unexpected behavior and how do you fix it in Python?,python
What's the best practice around passing a callback function to a child without breaking memoization in React?,react
What's the correct pattern to avoid bugs related to hoisting of var declarations in JavaScript?,javascript
How would you correctly implement converting a string to a number safely in JavaScript?,javascript
What is the recommended way to handle the difference between app.param and route parameters in Express.js?,express.js
What query would you write to address the difference between a foreign key constraint and a check constraint?,sql
Why does the nullish coalescing operator behave unexpectedly in JavaScript and how do you debug it?,javascript
How would you explain handling a 404 page with a custom not-found file to debug a Next.js issue?,next.js
How do you correctly handle the difference between static and instance methods in PHP classes in PHP/Laravel?,php / laravel
"In React, what would you check when handling form validation without a library happens?",react
How would you type-safely solve the difference between optional properties and undefined types?,typescript
What is the correct React pattern to solve batching multiple setState calls?,react
What's the difference-driven fix for the difference between structural typing and nominal typing in TypeScript?,typescript
What's the best practice for parsing JSON request bodies with express.json in Express.js?,express.js
How would you type-safely solve a third-party library missing type definitions?,typescript
What's the correct way to deal with mocking an external API call in a unit test in a Python project?,python
What's the correct way to deal with using type hints with Optional and Union in a Python project?,python
What is the recommended approach for handling using reduce to flatten an array in vanilla JavaScript?,javascript
How do you fix optimizing a long list with virtualization in a React application?,react
How do you correctly implement the order in which middleware functions execute in an Express.js app?,express.js
What's the correct way to deal with debugging a memory leak in a long-running Python script in a Python project?,python
Why does the difference between Blade templates and returning JSON from a controller cause issues in PHP and how do you fix it?,php / laravel
What is the correct way to deal with the difference between dependencies and devDependencies when building a Node.js backend?,node.js
How would you explain setting up middleware for authentication in Next.js to debug a Next.js issue?,next.js
"In JavaScript, what causes issues with memory leaks from event listeners and how would you fix it?",javascript
What's the best practice for rate limiting requests to prevent abuse in Express.js?,express.js
How do you debug the difference between class variables and instance variables in Python?,python
Why does the event loop blocking due to a synchronous CPU-heavy task occur in Node.js and how do you fix it?,node.js
Why does the difference between args and kwargs cause unexpected behavior and how do you fix it in Python?,python
Why does the spread operator on objects behave unexpectedly in JavaScript and how do you debug it?,javascript
What is the best practice for handling handling authentication with JWT in a FastAPI app in Python?,python
Why does the difference between OLTP and OLAP database design cause performance issues and how do you fix it?,sql
What's the difference-driven fix for the difference between declaring types inline versus in a separate file in TypeScript?,typescript
How do you fix media queries not applying in the correct order in CSS?,html / css
How do you correctly implement setting up CORS correctly for a frontend making cross-origin requests in an Express.js app?,express.js
Why does iterators and the Symbol.iterator protocol behave unexpectedly in JavaScript and how do you debug it?,javascript
What's the best practice for connecting Express to a PostgreSQL database with a connection pool in Express.js?,express.js
Why does the difference between a property decorator and a plain method cause unexpected behavior and how do you fix it in Python?,python
What's the difference-driven fix for typing an object with dynamic keys using an index signature in TypeScript?,typescript
How would you resolve vectorizing a loop-based computation with NumPy in Python?,python
What is the correct React pattern to solve the difference between shallow rendering and full DOM rendering in tests?,react
How would you solve the difference between INNER JOIN and LEFT JOIN in SQL?,sql
What's the correct pattern to avoid bugs related to detecting memory-heavy re-renders caused by inline functions in JavaScript?,javascript
Why does grid-template-areas not aligning correctly happen and what's the CSS-only solution?,html / css
Why does hoisting of var declarations behave unexpectedly in JavaScript and how do you debug it?,javascript
Why does memory leaks from event listeners behave unexpectedly in JavaScript and how do you debug it?,javascript
Why does the difference between a dataclass and a regular class cause unexpected behavior and how do you fix it in Python?,python
What is the recommended TypeScript approach for the difference between enum and union of string literals?,typescript
What is the best practice for handling mocking an external API call in a unit test in Python?,python
What is the recommended way to handle setting security headers using helmet in Express.js?,express.js
How would you resolve using context managers with the with statement in Python?,python
How would you correctly implement IIFE usage in JavaScript?,javascript
What would you check first when debugging serving static files from a public directory in Express.js?,express.js
How would you correctly implement memory leaks from event listeners in JavaScript?,javascript
Why does the difference between hydration mismatch errors and rendering errors behave this way in Next.js and how do you fix it?,next.js
How do you debug the difference between pandas loc and iloc in Python?,python
What is the correct way to deal with the difference between npm and npx when building a Node.js backend?,node.js
How do you correctly handle the difference between mapped types and conditional types in TypeScript?,typescript
What is the best practice for dealing with handling case sensitivity in a text comparison in a relational database?,sql
What's the best practice around cleaning up a subscription inside useEffect in React?,react
Why does the difference between build-time rendering and request-time rendering behave this way in Next.js and how do you fix it?,next.js
How do you handle setting cache headers for an API route response in Next.js?,next.js
Why does the difference between next.config.js rewrites and redirects behave this way in Next.js and how do you fix it?,next.js
What is the best practice for eager loading relationships to avoid N+1 queries in Laravel in a Laravel application?,php / laravel
What is the best practice for handling the difference between a set and a frozenset in Python?,python
How would you resolve rate limiting incoming API requests in a Node.js application?,node.js
Why does extending an interface from multiple sources cause a type error and how do you resolve it?,typescript
How would you resolve handling a ZeroDivisionError gracefully in Python?,python
Why does the purpose of the app router's page.js and layout.js files behave this way in Next.js and how do you fix it?,next.js
What's the correct HTML/CSS technique to solve why nested flexbox containers break alignment?,html / css
What's the recommended Laravel approach for structuring a Laravel project using the repository pattern?,php / laravel
What's the correct pattern to avoid bugs related to using a Set to remove duplicates in JavaScript?,javascript
What is the best practice for handling the difference between a decorator with arguments and one without in Python?,python
How do you fix a CSS animation stuttering on scroll in CSS?,html / css
How do you fix lazy loading a component with React.lazy and Suspense in a React application?,react
Why does handling case sensitivity in a text comparison cause performance issues and how do you fix it?,sql
What's the correct pattern to avoid bugs related to microtasks vs macrotasks in JavaScript?,javascript
Why does handling a KeyError when accessing a dictionary cause unexpected behavior and how do you fix it in Python?,python
How would you type-safely solve typing a function that accepts a variable number of arguments?,typescript
How would you resolve caching API responses with Redis in a Node app in a Node.js application?,node.js
Why does the difference between readonly and const in TypeScript cause a type error and how do you resolve it?,typescript
What's the correct way to deal with the difference between unittest and pytest in a Python project?,python
What's the correct pattern to avoid bugs related to the 'this' keyword inside a regular function in JavaScript?,javascript
What is the correct React pattern to solve the difference between class components and functional components?,react
How would you type-safely solve the difference between tsconfig strict mode options?,typescript
What's the best practice for the difference between next() and next(err) in middleware in Express.js?,express.js
What's the best practice for handling form submissions using server actions in Next.js?,next.js
How do you correctly implement serving static files from a public directory in an Express.js app?,express.js
What is the best practice for dealing with normalizing a database schema to third normal form in a relational database?,sql
"What is the best practice for dealing with the difference between DELETE, TRUNCATE and DROP in a relational database?",sql
"What would you check first when debugging the difference between res.send, res.json and res.end in Express.js?",express.js
What is the best practice for handling validation errors in a Laravel form request in a Laravel application?,php / laravel
Why does locking rows for update inside a transaction cause performance issues and how do you fix it?,sql
What would you check first when debugging the difference between app.param and route parameters in Express.js?,express.js
What's the best practice for the difference between app.listen and a custom http server wrapping Express in Express.js?,express.js
How would you resolve the difference between @staticmethod and @classmethod in Python?,python
What is the best approach to handle the difference between inline-block and block display when building a responsive layout?,html / css
"In JavaScript, what causes issues with using Promise.all versus Promise.allSettled and how would you fix it?",javascript
Why does handling CORS errors in an Express-based API occur in Node.js and how do you fix it?,node.js
How do you debug the difference between Flask and Django for building a web app in Python?,python
How do you fix the difference between Redux Toolkit and plain Redux in a React application?,react
Why does the difference between a pandas Series and a DataFrame cause unexpected behavior and how do you fix it in Python?,python
How do you debug validating request data in a FastAPI endpoint with Pydantic in Python?,python
Why does callback hell behave unexpectedly in JavaScript and how do you debug it?,javascript
Why does debouncing an input handler behave unexpectedly in JavaScript and how do you debug it?,javascript
Why does the difference between threading.Lock and asyncio.Lock cause unexpected behavior and how do you fix it in Python?,python
Why does the difference between Array.from and the spread operator behave unexpectedly in JavaScript and how do you debug it?,javascript
How do you correctly handle handling strict null checks in a large codebase in TypeScript?,typescript
What's the best practice for the difference between catch-all routes and optional catch-all routes in Next.js?,next.js
Why does why data fetched in a server component isn't updating on the client behave this way in Next.js and how do you fix it?,next.js
What's the difference-driven fix for the difference between type assertion and type casting in TypeScript?,typescript
Why does the difference between FastAPI's dependency injection and manual instantiation cause unexpected behavior and how do you fix it in Python?,python
How do you fix a custom checkbox not being accessible via keyboard in CSS?,html / css
How do you fix avoiding unnecessary API calls on every re-render in a React application?,react
Why does z-index not working as expected happen and what's the CSS-only solution?,html / css
Why does the difference between body-parser and the built-in express.json middleware cause issues in an Express.js server and how do you fix it?,express.js
"Why does the difference between DELETE, TRUNCATE and DROP cause performance issues and how do you fix it?",sql
Why does handling a many-to-many relationship with a junction table cause performance issues and how do you fix it?,sql
How would you resolve handling timeouts for outgoing HTTP requests in a Node.js application?,node.js
Why does debugging why a component doesn't unmount properly occur in React and how do you resolve it?,react
What's the correct way to deal with the difference between pandas loc and iloc in a Python project?,python
"How would you solve the difference between DELETE, TRUNCATE and DROP in SQL?",sql
How would you resolve an unhandled promise rejection crashing the server in a Node.js application?,node.js
What's the difference-driven fix for narrowing a union type inside a conditional in TypeScript?,typescript
How would you resolve the difference between JSON serialization and pickling in Python?,python
What is the correct way to deal with resolving version conflicts in package-lock.json when building a Node.js backend?,node.js
How would you resolve handling authentication with JWT in a FastAPI app in Python?,python
Why does a custom checkbox not being accessible via keyboard happen and what's the CSS-only solution?,html / css
What's the correct HTML/CSS technique to solve a form's autofill styles overriding custom input styles?,html / css
How do you debug the difference between args and kwargs in Python?,python
What's the correct way to deal with the difference between a module and a package in Python in a Python project?,python
What is the recommended TypeScript approach for typing an object with dynamic keys using an index signature?,typescript
How would you type-safely solve the difference between readonly and const in TypeScript?,typescript
How do you correctly handle the difference between a Laravel policy and a gate in PHP/Laravel?,php / laravel
What's the correct way to deal with connecting Flask to a PostgreSQL database with SQLAlchemy in a Python project?,python
What's the correct pattern to avoid bugs related to WeakMap usage for private data in JavaScript?,javascript
"In JavaScript, what causes issues with serializing a Date object to JSON and how would you fix it?",javascript
How would you resolve clustering a Node.js app across CPU cores in a Node.js application?,node.js
How would you resolve handling timezone-aware datetime objects correctly in Python?,python
What is the recommended approach for handling the difference between let and var in a loop in vanilla JavaScript?,javascript
What is the correct React pattern to solve cleaning up a subscription inside useEffect?,react
How do you correctly handle handling queued jobs for a long-running task in Laravel in PHP/Laravel?,php / laravel
Why does handling an exception inside an async function cause unexpected behavior and how do you fix it in Python?,python
How do you handle the difference between build-time rendering and request-time rendering in Next.js?,next.js
"In React, what would you check when batching multiple setState calls happens?",react
How would you solve handling a many-to-many relationship with a junction table in SQL?,sql
How would you correctly implement parsing a malformed JSON string safely in JavaScript?,javascript
How do you handle protecting an API route so only authenticated users can access it in Next.js?,next.js
What is the best practice for the difference between Laravel's API resources and returning a model directly in a Laravel application?,php / laravel
What is the recommended TypeScript approach for typing a function that accepts a variable number of arguments?,typescript
What is the best practice for handling the difference between JSON serialization and pickling in Python?,python
How would you resolve the difference between a shallow function call stack and recursion depth limit in Python?,python
What would you check first when debugging the difference between body-parser and the built-in express.json middleware in Express.js?,express.js
How do you fix the difference between synthetic events and native DOM events in a React application?,react
What's the difference-driven fix for handling strict null checks in a large codebase in TypeScript?,typescript
What query would you write to address why an index isn't being used by the query planner?,sql
"In React, what would you check when a state update not reflecting immediately in the UI happens?",react
What's the best practice for handling environment variables not loading from a .env file in Node.js?,node.js
How do you fix a child component not receiving updated props in a React application?,react
What's the difference-driven fix for typing an async function's return value correctly in TypeScript?,typescript
What is the best practice for handling the difference between synchronous requests and async httpx calls in Python?,python
What is the correct React pattern to solve handling side effects only on component mount?,react
How do you fix using clamp for responsive font sizing in CSS?,html / css
How do you handle the difference between the pages router and the app router in Next.js?,next.js
Why does the difference between is and == cause unexpected behavior and how do you fix it in Python?,python
How would you solve the difference between COMMIT and ROLLBACK in a transaction in SQL?,sql
What is the best practice for handling the difference between a Flask blueprint and a single app file in Python?,python
What is the best approach to handle sticky positioning not working inside an overflow container when building a responsive layout?,html / css
Why does a form's autofill styles overriding custom input styles happen and what's the CSS-only solution?,html / css
Why does debugging an unhandled promise rejection behave unexpectedly in JavaScript and how do you debug it?,javascript
How do you debug the difference between synchronous and asynchronous fs methods in a production Node.js server?,node.js
What's the best practice around debugging why a component doesn't unmount properly in React?,react
What is the best approach to handle a custom checkbox not being accessible via keyboard when building a responsive layout?,html / css
How would you resolve the difference between unittest and pytest in Python?,python
What is the recommended way to handle the difference between body-parser and the built-in express.json middleware in Express.js?,express.js
Why does the difference between PATCH and PUT in a REST route cause issues in an Express.js server and how do you fix it?,express.js
What is the correct approach to the difference between static assets in the public folder and imported assets in a Next.js app?,next.js
How do you fix grid-template-areas not aligning correctly in CSS?,html / css
How do you correctly implement structuring routes using the Express Router in an Express.js app?,express.js
What's the correct pattern to avoid bugs related to sorting an array of objects by a property in JavaScript?,javascript
How do you debug the difference between a module and a package in Python in Python?,python
How do you handle handling form submissions using server actions in Next.js?,next.js
Why does the difference between Redux Toolkit and plain Redux occur in React and how do you resolve it?,react
What's the best practice for handling the difference between Buffer and Stream in Node.js in Node.js?,node.js
How would you resolve the difference between class variables and instance variables in Python?,python
How do you debug the difference between eager and lazy evaluation in a generator expression in Python?,python
How would you type-safely solve the difference between default exports and named exports typing?,typescript
What is the recommended approach for handling handling a fetch request that never resolves in vanilla JavaScript?,javascript
How do you fix handling side effects only on component mount in a React application?,react
What is the best practice for dealing with a query running slowly due to a missing index in a relational database?,sql
Why does vectorizing a loop-based computation with NumPy cause unexpected behavior and how do you fix it in Python?,python
What's the best practice for the difference between fetch caching defaults in the app router in Next.js?,next.js
What's the correct way to deal with merging two DataFrames on a common column in a Python project?,python
Why does a fixed-position element not sticking on mobile Safari happen and what's the CSS-only solution?,html / css
How would you resolve debugging a memory leak using heap snapshots in a Node.js application?,node.js
What is the correct way to deal with caching API responses with Redis in a Node app when building a Node.js backend?,node.js
"In React, what would you check when a custom hook not updating when its dependency changes happens?",react
How would you resolve the difference between NumPy broadcasting rules in Python?,python
Why does using utility types like Partial and Pick cause a type error and how do you resolve it?,typescript
How would you type-safely solve resolving a circular type reference error?,typescript
How do you debug using a decorator to log function execution time in Python?,python
What is the best practice for handling handling timezone-aware datetime objects correctly in Python?,python
How do you debug the difference between JSON serialization and pickling in Python?,python
How do you correctly implement setting security headers using helmet in an Express.js app?,express.js
Why does validating request data before it reaches the controller cause issues in an Express.js server and how do you fix it?,express.js
Why does the difference between include and require in PHP cause issues in PHP and how do you fix it?,php / laravel
How do you handle why environment variables aren't available during the build step in Next.js?,next.js
Why does handling file uploads with multer occur in Node.js and how do you fix it?,node.js
What is the best practice for the difference between a Laravel event listener and an observer in a Laravel application?,php / laravel
Why does the difference between database sharding and replication cause performance issues and how do you fix it?,sql
How do you correctly handle the difference between satisfies operator and type assertion in TypeScript?,typescript
How do you fix the difference between rem units and viewport units in CSS?,html / css
How do you fix prop drilling across multiple nested components in a React application?,react
Why does logging errors properly in a production Node app occur in Node.js and how do you fix it?,node.js
What is the best practice for handling a fatal error caused by a null property access in a Laravel application?,php / laravel
What is the correct React pattern to solve the difference between controlled and uncontrolled inputs?,react
"In React, what would you check when the difference between useEffect cleanup and componentWillUnmount happens?",react
What would you check when debugging the difference between == and === in PHP in a Laravel project?,php / laravel
What is the recommended TypeScript approach for the difference between readonly and const in TypeScript?,typescript
What's the best practice around debugging why useState doesn't merge objects like setState did in React?,react
What is the correct approach to the difference between catch-all routes and optional catch-all routes in a Next.js app?,next.js
How would you resolve debugging a memory leak in a long-running Python script in Python?,python
What's the best practice for the difference between PATCH and PUT in a REST route in Express.js?,express.js
What's the correct pattern to avoid bugs related to the spread operator on arrays in JavaScript?,javascript
What query would you write to address a deadlock occurring between two transactions?,sql
What's the difference-driven fix for the difference between any and unknown in TypeScript?,typescript
"In React, what would you check when the difference between class components and functional components happens?",react
What is the correct approach to the difference between client-side navigation and a full page reload with next/link in a Next.js app?,next.js
What is the best practice for handling the difference between a pandas Series and a DataFrame in Python?,python
Why does the difference between client-side navigation and a full page reload with next/link behave this way in Next.js and how do you fix it?,next.js
What is the recommended TypeScript approach for the difference between structural typing and nominal typing?,typescript
What's the correct pattern to avoid bugs related to NaN comparisons in JavaScript?,javascript
How do you debug reading command-line arguments in a Node script in a production Node.js server?,node.js
Why does structuring a Node.js project with MVC architecture occur in Node.js and how do you fix it?,node.js
What's the correct way to deal with the difference between a Flask blueprint and a single app file in a Python project?,python
What is the recommended way to handle rate limiting requests to prevent abuse in Express.js?,express.js
How do you correctly handle resolving a circular type reference error in TypeScript?,typescript
What's the best practice for structuring routes using the Express Router in Express.js?,express.js
What's the correct pattern to avoid bugs related to optional chaining on a deeply nested object in JavaScript?,javascript
What is the best practice for handling the difference between a shallow and a deep neural network in Python?,python
What's the best practice for handling caching API responses with Redis in a Node app in Node.js?,node.js
What's the best practice around the difference between synthetic events and native DOM events in React?,react
What would you check first when debugging setting up CORS correctly for a frontend making cross-origin requests in Express.js?,express.js
Why does setting up session-based authentication with express-session cause issues in an Express.js server and how do you fix it?,express.js
What is the best practice for handling connecting Flask to a PostgreSQL database with SQLAlchemy in Python?,python
Why does eager loading relationships to avoid N+1 queries in Laravel cause issues in PHP and how do you fix it?,php / laravel
Why does the difference between enum and union of string literals cause a type error and how do you resolve it?,typescript
Why does the difference between Flask and Django for building a web app cause unexpected behavior and how do you fix it in Python?,python
What's the correct way to deal with the difference between a shallow and a deep neural network in a Python project?,python
Why does the difference between COMMIT and ROLLBACK in a transaction cause performance issues and how do you fix it?,sql
What's the recommended Laravel approach for handling file uploads and storing them on a Laravel disk?,php / laravel
How would you correctly implement rest parameters in JavaScript?,javascript
What is the best approach to handle using :not selector to exclude elements when building a responsive layout?,html / css
How would you type-safely solve the difference between mapped types and conditional types?,typescript
What's the best practice for handling the difference between global and local npm packages in Node.js?,node.js
"In React, what would you check when the difference between useContext and prop drilling happens?",react
What is the correct React pattern to solve debugging why useState doesn't merge objects like setState did?,react
Why does recursion causing a stack overflow behave unexpectedly in JavaScript and how do you debug it?,javascript
Why does clustering a Node.js app across CPU cores occur in Node.js and how do you fix it?,node.js
What's the recommended Laravel approach for handling pagination with Eloquent's paginate method?,php / laravel
How would you explain the difference between static assets in the public folder and imported assets to debug a Next.js issue?,next.js
How would you explain the difference between generateStaticParams and getStaticPaths to debug a Next.js issue?,next.js
What is the recommended way to handle the difference between synchronous and asynchronous middleware errors in Express.js?,express.js
What is the recommended approach for handling throttling a scroll handler in vanilla JavaScript?,javascript
What is the correct approach to handling internationalized routing in Next.js in a Next.js app?,next.js
"In JavaScript, what causes issues with the difference between shallow and deep freezing an object and how would you fix it?",javascript
What is the recommended approach for handling debugging a variable that is undefined inside a callback in vanilla JavaScript?,javascript
Why does the difference between em and rem units happen and what's the CSS-only solution?,html / css
What's the best practice for handling reading a large file without loading it fully into memory in Node.js?,node.js
What's the correct pattern to avoid bugs related to handling a fetch request that never resolves in JavaScript?,javascript
How would you explain the purpose of the app router's page.js and layout.js files to debug a Next.js issue?,next.js
What is the correct React pattern to solve a key prop warning when rendering a list?,react
Why does handling environment variables that need to be exposed to the browser behave this way in Next.js and how do you fix it?,next.js
How would you correctly implement microtasks vs macrotasks in JavaScript?,javascript
What's the correct pattern to avoid bugs related to the difference between Array.from and the spread operator in JavaScript?,javascript
How do you fix a flexbox container not wrapping items in CSS?,html / css
What is the correct way to deal with structuring a Node.js project with MVC architecture when building a Node.js backend?,node.js
How do you fix float-based layouts causing a collapsed parent container in CSS?,html / css
What is the correct React pattern to solve lifting state up between sibling components?,react
How would you solve a deadlock occurring between two transactions in SQL?,sql
Why does connecting Flask to a PostgreSQL database with SQLAlchemy cause unexpected behavior and how do you fix it in Python?,python
What's the best practice for handling the difference between REST and GraphQL when building a Node API in Node.js?,node.js
What's the best practice around why an event handler captures an outdated variable in React?,react
What's the difference-driven fix for typing a Redux reducer with discriminated unions in TypeScript?,typescript
What's the best practice around context causing unnecessary re-renders across the tree in React?,react
What's the difference-driven fix for the difference between satisfies operator and type assertion in TypeScript?,typescript
Why does handling environment configuration with the .env file in Laravel cause issues in PHP and how do you fix it?,php / laravel
What query would you write to address the difference between a view and a materialized view?,sql
Why does the difference between exception chaining with raise from and a plain raise cause unexpected behavior and how do you fix it in Python?,python
"In JavaScript, what causes issues with handling a fetch request that never resolves and how would you fix it?",javascript
What is the recommended approach for handling debouncing an input handler in vanilla JavaScript?,javascript
Why does connecting to MongoDB with connection pooling occur in Node.js and how do you fix it?,node.js
"In JavaScript, what causes issues with object destructuring and how would you fix it?",javascript
How would you type-safely solve the difference between structural typing and nominal typing?,typescript
What's the correct way to deal with the difference between @staticmethod and @classmethod in a Python project?,python
What's the best practice for the difference between synchronous and asynchronous middleware errors in Express.js?,express.js
Why does why line-height affects inline element spacing unexpectedly happen and what's the CSS-only solution?,html / css
Why does handling a SQL injection vulnerability in a raw query cause issues in PHP and how do you fix it?,php / laravel
How do you fix cleaning up a subscription inside useEffect in a React application?,react
What's the correct way to deal with the difference between multiprocessing and multithreading in a Python project?,python
What is the recommended approach for handling microtasks vs macrotasks in vanilla JavaScript?,javascript
Why does typing an async function's return value correctly cause a type error and how do you resolve it?,typescript
What's the best practice for fetching data from MongoDB inside a Next.js server component in Next.js?,next.js
What's the best practice for setting cache headers for an API route response in Next.js?,next.js
"In JavaScript, what causes issues with the temporal dead zone and how would you fix it?",javascript
What's the best practice around the difference between local component state and global state in React?,react
What is the correct React pattern to solve prop drilling across multiple nested components?,react
What query would you write to address the difference between INSERT and UPSERT (ON CONFLICT)?,sql
How do you fix the difference between hydration errors and rendering errors in a React application?,react
"In React, what would you check when passing a callback function to a child without breaking memoization happens?",react
"In React, what would you check when debugging why useState doesn't merge objects like setState did happens?",react
What is the best practice for handling the difference between FastAPI's dependency injection and manual instantiation in Python?,python
How do you debug handling a ZeroDivisionError gracefully in Python?,python
What's the correct pattern to avoid bugs related to event delegation in JavaScript?,javascript
How do you fix a hover effect not working on touch devices in CSS?,html / css
How do you fix the difference between server-side rendering and client-side rendering in React in a React application?,react
What's the best practice for handling setting up JWT-based authentication in Node.js in Node.js?,node.js
What is the best practice for handling the difference between class variables and instance variables in Python?,python
What is the best practice for dealing with the difference between INSERT and UPSERT (ON CONFLICT) in a relational database?,sql
Why does the difference between null and undefined behave unexpectedly in JavaScript and how do you debug it?,javascript
How would you correctly implement the difference between synchronous and asynchronous code execution in JavaScript?,javascript
How do you correctly handle using type guards to narrow an unknown value in TypeScript?,typescript
Why does shallow copying an array behave unexpectedly in JavaScript and how do you debug it?,javascript
What's the correct way to deal with vectorizing a loop-based computation with NumPy in a Python project?,python
How do you fix a form input losing focus after every keystroke in a React application?,react
"In React, what would you check when the difference between controlled and uncontrolled inputs happens?",react
What's the recommended Laravel approach for the difference between Eloquent ORM and raw SQL queries in Laravel?,php / laravel
What is the recommended approach for handling the difference between strict mode and sloppy mode in vanilla JavaScript?,javascript
How would you resolve the difference between FastAPI's dependency injection and manual instantiation in Python?,python
What's the correct HTML/CSS technique to solve sticky positioning not working inside an overflow container?,html / css
"In JavaScript, what causes issues with currying a function and how would you fix it?",javascript
How would you resolve the difference between dependencies and devDependencies in a Node.js application?,node.js
Why does stale state inside a useEffect closure occur in React and how do you resolve it?,react
What's the correct pattern to avoid bugs related to the event loop in JavaScript?,javascript
Why does setting up CORS correctly for a frontend making cross-origin requests cause issues in an Express.js server and how do you fix it?,express.js
How do you correctly handle the difference between a Laravel event listener and an observer in PHP/Laravel?,php / laravel
What would you check when debugging the difference between a Laravel policy and a gate in a Laravel project?,php / laravel
What's the correct SQL approach to handle the difference between database sharding and replication?,sql
What is the recommended TypeScript approach for typing event handlers correctly in a DOM project?,typescript
"In JavaScript, what causes issues with using a Set to remove duplicates and how would you fix it?",javascript
What is the recommended TypeScript approach for the difference between any and unknown?,typescript
What's the recommended Laravel approach for the difference between == and === in PHP?,php / laravel
What is the correct React pattern to solve the difference between hydration errors and rendering errors?,react
What is the recommended TypeScript approach for narrowing a union type inside a conditional?,typescript
"In JavaScript, what causes issues with generator functions and yield and how would you fix it?",javascript
What's the correct SQL approach to handle a deadlock occurring between two transactions?,sql
Why does the difference between synchronous and asynchronous code execution behave unexpectedly in JavaScript and how do you debug it?,javascript
Why does writing a query to find duplicate rows in a table cause performance issues and how do you fix it?,sql
Why does the difference between VARCHAR and TEXT column types cause performance issues and how do you fix it?,sql
"In JavaScript, what causes issues with shallow copying an array and how would you fix it?",javascript
How would you resolve mocking an external API call in a unit test in Python?,python
How do you correctly handle the difference between a one-to-many and a many-to-many Eloquent relationship in PHP/Laravel?,php / laravel
"What's the best practice for the difference between res.send, res.json and res.end in Express.js?",express.js
What's the correct HTML/CSS technique to solve centering a div both vertically and horizontally?,html / css
Why does handling cookies securely in an Express response cause issues in an Express.js server and how do you fix it?,express.js
What's the correct pattern to avoid bugs related to generator functions and yield in JavaScript?,javascript
Why does the difference between ACID properties and eventual consistency cause performance issues and how do you fix it?,sql
Why does the difference between structural typing and nominal typing cause a type error and how do you resolve it?,typescript
How do you debug handling large CSV files without loading them fully into memory in Python?,python
What is the best approach to handle a print stylesheet not hiding navigation elements when building a responsive layout?,html / css
Why does using aspect-ratio property for responsive video embeds happen and what's the CSS-only solution?,html / css
Why does the difference between Laravel Sanctum and Laravel Passport cause issues in PHP and how do you fix it?,php / laravel
Why does the difference between NumPy broadcasting rules cause unexpected behavior and how do you fix it in Python?,python
How do you fix a sticky header overlapping content below it in CSS?,html / css
What's the recommended Laravel approach for the difference between artisan commands and scheduled tasks?,php / laravel
How would you type-safely solve the difference between interface and type alias?,typescript
Why does module bundling with ES modules behave unexpectedly in JavaScript and how do you debug it?,javascript
How would you correctly implement arrow functions inside class methods losing binding in JavaScript?,javascript
What is the recommended TypeScript approach for typing the props of a React component?,typescript
"In JavaScript, what causes issues with the difference between a function declaration and a function expression and how would you fix it?",javascript
Why does optimizing a long list with virtualization occur in React and how do you resolve it?,react
What's the best practice for the difference between app.param and route parameters in Express.js?,express.js
How do you correctly handle typing the props of a React component in TypeScript?,typescript
What is the best practice for handling handling database migrations in Django in Python?,python
How would you resolve handling CORS in a Flask API in Python?,python
What's the correct pattern to avoid bugs related to object destructuring in JavaScript?,javascript
What's the best practice for setting up middleware for authentication in Next.js in Next.js?,next.js
How do you correctly handle handling pagination with Eloquent's paginate method in PHP/Laravel?,php / laravel
What's the best practice for handling the difference between synchronous middleware and async middleware errors in Node.js?,node.js
How do you fix the difference between em and rem units in CSS?,html / css
Why does the difference between server actions and traditional API routes behave this way in Next.js and how do you fix it?,next.js
What is the recommended TypeScript approach for the difference between satisfies operator and type assertion?,typescript
What's the correct SQL approach to handle the difference between INSERT and UPSERT (ON CONFLICT)?,sql
How would you type-safely solve why a type error appears only after enabling strict mode?,typescript
Why does the order in which middleware functions execute cause issues in an Express.js server and how do you fix it?,express.js
How do you correctly handle the difference between == and === in PHP in PHP/Laravel?,php / laravel
Why does a child component not receiving updated props occur in React and how do you resolve it?,react
Why does handling form submissions using server actions behave this way in Next.js and how do you fix it?,next.js
What would you check first when debugging parsing JSON request bodies with express.json in Express.js?,express.js
What's the correct SQL approach to handle optimizing a query that uses SELECT *?,sql
What's the correct HTML/CSS technique to solve responsive typography scaling with container queries?,html / css
What would you check when debugging the difference between PHP's isset and empty functions in a Laravel project?,php / laravel
How would you correctly implement the difference between strict mode and sloppy mode in JavaScript?,javascript
How do you fix vertical alignment of inline elements in CSS?,html / css
How do you debug handling CORS errors in an Express-based API in a production Node.js server?,node.js
How do you handle debugging a hydration error caused by mismatched server and client output in Next.js?,next.js
What's the best practice around the difference between useState and useReducer in React?,react
What's the correct way to deal with handling file paths cross-platform using pathlib in a Python project?,python
What's the correct way to deal with the difference between a virtual environment and a conda environment in a Python project?,python
How would you correctly implement async/await error handling in JavaScript?,javascript
What's the correct way to deal with the difference between string formatting with f-strings and .format() in a Python project?,python
What is the correct way to deal with graceful shutdown of an HTTP server on SIGTERM when building a Node.js backend?,node.js
What would you check first when debugging setting up session-based authentication with express-session in Express.js?,express.js
What's the correct SQL approach to handle the difference between a subquery and a JOIN?,sql
What would you check first when debugging the difference between a 404 handler and a global error handler in Express.js?,express.js
What is the best practice for handling the difference between __init__ and __new__ in Python?,python
What is the best practice for the difference between a Laravel policy and a gate in a Laravel application?,php / laravel
What is the correct way to deal with connecting to MongoDB with connection pooling when building a Node.js backend?,node.js
What's the correct SQL approach to handle the difference between UNION and UNION ALL?,sql
"In JavaScript, what causes issues with rest parameters and how would you fix it?",javascript
What is the correct approach to the purpose of the route.js file for API routes in a Next.js app?,next.js
What's the recommended Laravel approach for the difference between a Laravel controller and a resource controller?,php / laravel
What is the correct way to deal with handling CORS errors in an Express-based API when building a Node.js backend?,node.js
What would you check first when debugging handling query parameters versus route parameters in Express.js?,express.js
Why does avoiding unnecessary API calls on every re-render occur in React and how do you resolve it?,react
How do you handle revalidating cached data after a mutation in Next.js?,next.js
How would you resolve the difference between REST and GraphQL when building a Node API in a Node.js application?,node.js
What is the recommended approach for handling array destructuring in vanilla JavaScript?,javascript
How do you correctly handle typing a Redux reducer with discriminated unions in TypeScript?,typescript
How would you resolve handling environment variables securely in a Python project in Python?,python
What's the difference-driven fix for a generic type not inferring correctly in TypeScript?,typescript
How do you debug using async/await inside a for loop without blocking in a production Node.js server?,node.js
How do you fix a state update not reflecting immediately in the UI in a React application?,react
What's the best practice for handling handling backpressure in a writable stream in Node.js?,node.js
What is the recommended way to handle handling file uploads with multer in an Express app in Express.js?,express.js
What is the best practice for dealing with writing a query to calculate a running total in a relational database?,sql
"How do you debug the difference between spawn, exec and fork in child_process in a production Node.js server?",node.js
"In React, what would you check when missing dependencies in a useEffect dependency array happens?",react
Why does why a Node process doesn't exit after the script finishes occur in Node.js and how do you fix it?,node.js
Why does the difference between slice and splice behave unexpectedly in JavaScript and how do you debug it?,javascript
Why does the difference between a Laravel controller and a resource controller cause issues in PHP and how do you fix it?,php / laravel
How do you fix passing a callback function to a child without breaking memoization in a React application?,react
What's the correct way to deal with handling environment variables securely in a Python project in a Python project?,python
"In JavaScript, what causes issues with comparing objects for deep equality and how would you fix it?",javascript
What's the correct HTML/CSS technique to solve the difference between rem units and viewport units?,html / css
Why does using a Map versus a plain object for lookups behave unexpectedly in JavaScript and how do you debug it?,javascript
What's the best practice for why data fetched in a server component isn't updating on the client in Next.js?,next.js
How do you correctly handle the difference between Eloquent ORM and raw SQL queries in Laravel in PHP/Laravel?,php / laravel
How would you correctly implement recursion causing a stack overflow in JavaScript?,javascript
What would you check when debugging the difference between a Laravel migration and a seeder in a Laravel project?,php / laravel
What is the best practice for the difference between a Laravel controller and a resource controller in a Laravel application?,php / laravel
What's the best practice around a ref returning null on the first render in React?,react
Why does the difference between shallow rendering and full DOM rendering in tests occur in React and how do you resolve it?,react
What's the best practice for the difference between streaming and suspense boundaries in the app router in Next.js?,next.js
Why does the difference between a Laravel service provider and a facade cause issues in PHP and how do you fix it?,php / laravel
What's the correct HTML/CSS technique to solve using clamp for responsive font sizing?,html / css
Why does why a child element ignores the parent's height percentage happen and what's the CSS-only solution?,html / css
What's the correct way to deal with the difference between a property decorator and a plain method in a Python project?,python
Why does handling redirects inside middleware behave this way in Next.js and how do you fix it?,next.js
What is the recommended TypeScript approach for handling strict null checks in a large codebase?,typescript
What's the best practice for handling using worker_threads for CPU-bound tasks in Node.js?,node.js
Why does why an event handler captures an outdated variable occur in React and how do you resolve it?,react
How do you correctly implement the difference between app.param and route parameters in an Express.js app?,express.js
What is the recommended approach for handling detecting memory-heavy re-renders caused by inline functions in vanilla JavaScript?,javascript
How do you debug connecting Flask to a PostgreSQL database with SQLAlchemy in Python?,python
How do you correctly handle the difference between session-based auth and Sanctum token auth in Laravel in PHP/Laravel?,php / laravel
How would you resolve why a Node process doesn't exit after the script finishes in a Node.js application?,node.js
How would you explain the difference between hydration mismatch errors and rendering errors to debug a Next.js issue?,next.js
What's the correct SQL approach to handle the difference between VARCHAR and TEXT column types?,sql
What would you check first when debugging handling errors with a centralized error-handling middleware in Express.js?,express.js
What's the recommended Laravel approach for handling a fatal error caused by a null property access?,php / laravel
"In React, what would you check when the difference between useLayoutEffect and useEffect happens?",react
What's the correct pattern to avoid bugs related to closures in JavaScript?,javascript
Why does responsive typography scaling with container queries happen and what's the CSS-only solution?,html / css
How would you resolve validating request bodies before hitting the database in a Node.js application?,node.js
What query would you write to address the difference between OLTP and OLAP database design?,sql
Why does the difference between Eloquent ORM and raw SQL queries in Laravel cause issues in PHP and how do you fix it?,php / laravel
What is the best practice for the difference between == and === in PHP in a Laravel application?,php / laravel
What is the best practice for dealing with the difference between COMMIT and ROLLBACK in a transaction in a relational database?,sql
What's the correct way to deal with the difference between exception chaining with raise from and a plain raise in a Python project?,python
How would you resolve the difference between __str__ and __repr__ in Python?,python
Why does the difference between catch-all routes and optional catch-all routes behave this way in Next.js and how do you fix it?,next.js
How would you solve handling pagination efficiently with OFFSET and LIMIT in SQL?,sql
What's the best practice for handling the difference between monolithic and microservice Node architectures in Node.js?,node.js
What's the best practice around the difference between fragment and div wrapper elements in React?,react
"In JavaScript, what causes issues with event delegation and how would you fix it?",javascript
Why does revalidating cached data after a mutation behave this way in Next.js and how do you fix it?,next.js
How do you correctly handle the difference between tsconfig strict mode options in TypeScript?,typescript
What is the best practice for handling the difference between an abstract base class and a regular class in Python?,python
What's the correct pattern to avoid bugs related to rest parameters in JavaScript?,javascript
What's the recommended Laravel approach for the difference between Blade templates and returning JSON from a controller?,php / laravel
What's the best practice for handling circular dependency errors between modules in Node.js?,node.js
What would you check first when debugging the difference between app.use and app.get for defining routes in Express.js?,express.js
What's the correct HTML/CSS technique to solve grid items overflowing their container?,html / css
What query would you write to address the difference between COMMIT and ROLLBACK in a transaction?,sql
How would you resolve handling an exception inside an async function in Python?,python
How do you fix stale state inside a useEffect closure in a React application?,react
"In JavaScript, what causes issues with the difference between throw and return in a catch block and how would you fix it?",javascript
Why does a background image not covering the full container happen and what's the CSS-only solution?,html / css
What's the best practice around the difference between useEffect cleanup and componentWillUnmount in React?,react
What's the correct HTML/CSS technique to solve a CSS animation stuttering on scroll?,html / css
What's the correct pattern to avoid bugs related to the difference between synchronous and asynchronous code execution in JavaScript?,javascript
Why does the difference between app.param and route parameters cause issues in an Express.js server and how do you fix it?,express.js
What is the recommended way to handle connecting Express to a PostgreSQL database with a connection pool in Express.js?,express.js
What is the recommended TypeScript approach for the difference between default exports and named exports typing?,typescript
What's the best practice for handling connecting to MongoDB with connection pooling in Node.js?,node.js
What's the difference-driven fix for the difference between generics constraints with extends in TypeScript?,typescript
What's the best practice for revalidating cached data after a mutation in Next.js?,next.js
Why does clearing a setInterval correctly on unmount behave unexpectedly in JavaScript and how do you debug it?,javascript
What's the correct way to deal with the difference between synchronous requests and async httpx calls in a Python project?,python
How would you correctly implement the 'this' keyword inside a regular function in JavaScript?,javascript
What is the correct approach to structuring a multi-tenant app with dynamic route segments in a Next.js app?,next.js
How do you debug testing an Express route with Jest and Supertest in a production Node.js server?,node.js
What's the best practice around a custom hook not updating when its dependency changes in React?,react
Why does handling backpressure in a writable stream occur in Node.js and how do you fix it?,node.js
How do you correctly implement handling file uploads with multer in an Express app in an Express.js app?,express.js
How do you fix CSS Grid auto-placement behaving unexpectedly in CSS?,html / css
What's the best practice for the difference between build-time rendering and request-time rendering in Next.js?,next.js
What is the best practice for dealing with the difference between an inner subquery and a correlated subquery in a relational database?,sql
What's the correct SQL approach to handle the difference between a primary key and a unique key?,sql
What is the correct approach to the difference between build-time rendering and request-time rendering in a Next.js app?,next.js
Why does the difference between useState and useReducer occur in React and how do you resolve it?,react
What's the recommended Laravel approach for the difference between static and instance methods in PHP classes?,php / laravel
What's the difference-driven fix for why a type error appears only after enabling strict mode in TypeScript?,typescript
What is the recommended approach for handling currying a function in vanilla JavaScript?,javascript
What's the correct way to deal with the difference between class variables and instance variables in a Python project?,python
What is the best practice for handling handling environment variables securely in a Python project in Python?,python
What's the best practice for using dynamic routes with bracket folder names in Next.js?,next.js
How would you resolve handling file paths cross-platform using pathlib in Python?,python
What's the correct SQL approach to handle handling NULL values in a comparison?,sql
What would you check first when debugging handling cookies securely in an Express response in Express.js?,express.js
Why does the difference between synthetic events and native DOM events occur in React and how do you resolve it?,react
"In React, what would you check when infinite loop caused by a useEffect happens?",react
What is the recommended approach for handling async/await error handling in vanilla JavaScript?,javascript
How would you correctly implement handling a fetch request that never resolves in JavaScript?,javascript
How do you debug the difference between require and import in Node.js in a production Node.js server?,node.js
What's the best practice for deploying a Next.js app with API routes to a serverless platform in Next.js?,next.js
"Why does the difference between spawn, exec and fork in child_process occur in Node.js and how do you fix it?",node.js
What's the difference-driven fix for resolving a circular type reference error in TypeScript?,typescript
How do you handle optimizing fonts using next/font in Next.js?,next.js
Why does the difference between a one-to-many and a many-to-many Eloquent relationship cause issues in PHP and how do you fix it?,php / laravel
Why does handling environment variables securely in a Python project cause unexpected behavior and how do you fix it in Python?,python
Why does streaming a file response to the client occur in Node.js and how do you fix it?,node.js
How would you explain the difference between streaming and suspense boundaries in the app router to debug a Next.js issue?,next.js
What's the best practice for handling versioning of API routes in Express.js?,express.js
How do you correctly handle the difference between Laravel middleware and form request validation in PHP/Laravel?,php / laravel
How would you correctly implement the temporal dead zone in JavaScript?,javascript
"In JavaScript, what causes issues with the difference between == and === and how would you fix it?",javascript
How do you debug the difference between dependencies and devDependencies in a production Node.js server?,node.js
What's the best practice for the difference between route-level and application-level middleware in Express.js?,express.js
What is the recommended TypeScript approach for the difference between interface and type alias?,typescript
How do you debug the difference between process.nextTick and setImmediate in a production Node.js server?,node.js
How do you correctly handle typing an object with dynamic keys using an index signature in TypeScript?,typescript
How do you debug the difference between a dataclass and a regular class in Python?,python
How do you fix collapsing margins between sibling elements in CSS?,html / css
What is the best approach to handle CSS Grid auto-placement behaving unexpectedly when building a responsive layout?,html / css
Why does the difference between horizontal and vertical partitioning cause performance issues and how do you fix it?,sql
How do you correctly implement rate limiting requests to prevent abuse in an Express.js app?,express.js
What is the correct way to deal with reading a large file without loading it fully into memory when building a Node.js backend?,node.js
What is the correct approach to optimizing fonts using next/font in a Next.js app?,next.js
What's the correct SQL approach to handle the difference between a view and a materialized view?,sql
"In React, what would you check when handling error boundaries for a component tree happens?",react
"In JavaScript, what causes issues with iterators and the Symbol.iterator protocol and how would you fix it?",javascript
What's the best practice for setting security headers using helmet in Express.js?,express.js
How do you debug the difference between a list and a tuple in Python?,python
How would you correctly implement NaN comparisons in JavaScript?,javascript
How do you correctly handle handling a fatal error caused by a null property access in PHP/Laravel?,php / laravel
Why does NaN comparisons behave unexpectedly in JavaScript and how do you debug it?,javascript
Why does the difference between __str__ and __repr__ cause unexpected behavior and how do you fix it in Python?,python
What's the correct way to deal with the difference between eager and lazy evaluation in a generator expression in a Python project?,python
What is the correct React pattern to solve the difference between useEffect cleanup and componentWillUnmount?,react
Why does the difference between a generator and a list comprehension cause unexpected behavior and how do you fix it in Python?,python
What is the correct React pattern to solve the difference between useContext and prop drilling?,react
"In React, what would you check when the difference between fragment and div wrapper elements happens?",react
How would you type-safely solve using type guards to narrow an unknown value?,typescript
What is the correct approach to the difference between layout.js and template.js in a Next.js app?,next.js
Why does typing a function that accepts a variable number of arguments cause a type error and how do you resolve it?,typescript
How would you correctly implement array destructuring in JavaScript?,javascript
What is the correct way to deal with reading command-line arguments in a Node script when building a Node.js backend?,node.js
How would you resolve structuring error-first callbacks properly in a Node.js application?,node.js
Why does debugging a memory leak in a long-running Python script cause unexpected behavior and how do you fix it in Python?,python
What is the best practice for handling handling an exception inside an async function in Python?,python
Why does the difference between satisfies operator and type assertion cause a type error and how do you resolve it?,typescript
What's the best practice around the difference between useRef and useState in React?,react
What's the correct SQL approach to handle the difference between OLTP and OLAP database design?,sql
What's the best practice for handling clustering a Node.js app across CPU cores in Node.js?,node.js
Why does why an index isn't being used by the query planner cause performance issues and how do you fix it?,sql
What's the recommended Laravel approach for the difference between a Laravel migration and a seeder?,php / laravel
Why does parsing JSON request bodies with express.json cause issues in an Express.js server and how do you fix it?,express.js
What is the best practice for handling the difference between a queue and a stack implementation in Python in Python?,python
Why does handling query parameters versus route parameters cause issues in an Express.js server and how do you fix it?,express.js
What's the recommended Laravel approach for setting up route model binding in Laravel?,php / laravel
How do you debug the difference between synchronous views and async views in Django in Python?,python
Why does validating request bodies before hitting the database occur in Node.js and how do you fix it?,node.js
Why does resolving version conflicts in package-lock.json occur in Node.js and how do you fix it?,node.js
How would you resolve handling uncaught exceptions gracefully in a Node.js application?,node.js
What is the best practice for the difference between include and require in PHP in a Laravel application?,php / laravel
What is the correct way to deal with the difference between process.nextTick and setImmediate when building a Node.js backend?,node.js
Why does structuring error-first callbacks properly occur in Node.js and how do you fix it?,node.js
Why does a table not being responsive on small screens happen and what's the CSS-only solution?,html / css
What is the best practice for the difference between Laravel middleware and form request validation in a Laravel application?,php / laravel
What's the best practice for the difference between the pages router and the app router in Next.js?,next.js
Why does handling pagination with Eloquent's paginate method cause issues in PHP and how do you fix it?,php / laravel
Why does handling errors with a centralized error-handling middleware cause issues in an Express.js server and how do you fix it?,express.js
What is the best practice for handling validating request data in a FastAPI endpoint with Pydantic in Python?,python
What's the best practice for the purpose of the app router's page.js and layout.js files in Next.js?,next.js
What's the correct way to deal with the difference between Flask and Django for building a web app in a Python project?,python
Why does validating request data in a FastAPI endpoint with Pydantic cause unexpected behavior and how do you fix it in Python?,python
Why does mocking an external API call in a unit test cause unexpected behavior and how do you fix it in Python?,python
Why does handling a 404 page with a custom not-found file behave this way in Next.js and how do you fix it?,next.js
How do you fix the difference between derived state and stored state in a React application?,react
Why does the difference between mapped types and conditional types cause a type error and how do you resolve it?,typescript
"In React, what would you check when the difference between mounting and updating lifecycle phases happens?",react
Why does using type guards to narrow an unknown value cause a type error and how do you resolve it?,typescript
What's the correct SQL approach to handle writing a query to find duplicate rows in a table?,sql
Why does a print stylesheet not hiding navigation elements happen and what's the CSS-only solution?,html / css
How do you debug the difference between is and == in Python?,python
What's the best practice around portals rendering outside the parent DOM hierarchy in React?,react
How would you type-safely solve typing a Redux reducer with discriminated unions?,typescript
What's the correct SQL approach to handle the difference between a composite key and a surrogate key?,sql
What's the best practice for the difference between static assets in the public folder and imported assets in Next.js?,next.js
Why does handling optimistic UI updates before an API call resolves occur in React and how do you resolve it?,react
How do you correctly handle narrowing a union type inside a conditional in TypeScript?,typescript
What's the correct HTML/CSS technique to solve the difference between absolute and fixed positioning?,html / css
Why does handling strict null checks in a large codebase cause a type error and how do you resolve it?,typescript
How would you correctly implement debugging why a function runs before data has loaded in JavaScript?,javascript
Why does the difference between app.listen and a custom http server wrapping Express cause issues in an Express.js server and how do you fix it?,express.js
Why does deep cloning an object behave unexpectedly in JavaScript and how do you debug it?,javascript
Why does the difference between static and instance methods in PHP classes cause issues in PHP and how do you fix it?,php / laravel
Why does the difference between route-level and application-level middleware cause issues in an Express.js server and how do you fix it?,express.js
What is the best practice for handling using type hints with Optional and Union in Python?,python
What is the best practice for dealing with an N+1 query problem in an application in a relational database?,sql
What is the correct approach to why data fetched in a server component isn't updating on the client in a Next.js app?,next.js
How would you resolve the difference between a Flask blueprint and a single app file in Python?,python
What query would you write to address normalizing a database schema to third normal form?,sql
What is the correct React pattern to solve the difference between useRef and useState?,react
What would you check when debugging handling validation errors in a Laravel form request in a Laravel project?,php / laravel
How do you correctly implement parsing JSON request bodies with express.json in an Express.js app?,express.js
What is the correct React pattern to solve the difference between derived state and stored state?,react
How do you fix flex-shrink causing items to shrink unexpectedly in CSS?,html / css
"In React, what would you check when avoiding unnecessary API calls on every re-render happens?",react
How would you resolve the difference between Buffer and Stream in Node.js in a Node.js application?,node.js
What is the best practice for dealing with the difference between OLTP and OLAP database design in a relational database?,sql
What's the correct pattern to avoid bugs related to hoisting of let and const in JavaScript?,javascript
What's the correct HTML/CSS technique to solve why a child element ignores the parent's height percentage?,html / css
How would you correctly implement WeakMap usage for private data in JavaScript?,javascript
How do you correctly implement handling async errors inside an Express route handler in an Express.js app?,express.js
What is the recommended TypeScript approach for the difference between tsconfig strict mode options?,typescript
"In JavaScript, what causes issues with circular imports between ES modules and how would you fix it?",javascript
How do you debug the event loop blocking due to a synchronous CPU-heavy task in a production Node.js server?,node.js
How would you explain the difference between next.config.js rewrites and redirects to debug a Next.js issue?,next.js
How would you resolve mutable default arguments causing unexpected behavior in Python?,python
What is the best approach to handle CSS specificity war between inline styles and classes when building a responsive layout?,html / css
What's the best practice around handling side effects only on component mount in React?,react
How do you debug the difference between a queue and a stack implementation in Python in Python?,python
How would you resolve the difference between deep copy and shallow copy in Python?,python
How would you explain the difference between static generation and incremental static regeneration to debug a Next.js issue?,next.js
What is the best practice for the difference between Blade templates and returning JSON from a controller in a Laravel application?,php / laravel
Why does the difference between try/except and try/finally cause unexpected behavior and how do you fix it in Python?,python
What is the recommended TypeScript approach for a third-party library missing type definitions?,typescript
Why does an image not maintaining aspect ratio when resized happen and what's the CSS-only solution?,html / css
What is the best practice for dealing with locking rows for update inside a transaction in a relational database?,sql
What is the best practice for handling handling file paths cross-platform using pathlib in Python?,python
"Why does the difference between call, apply and bind behave unexpectedly in JavaScript and how do you debug it?",javascript
How do you correctly implement the difference between res.redirect and res.render in an Express.js app?,express.js
What's the best practice for handling structuring a Node.js project with MVC architecture in Node.js?,node.js
What is the recommended TypeScript approach for the difference between declaring types inline versus in a separate file?,typescript
What is the recommended TypeScript approach for the difference between never and void return types?,typescript
How would you resolve the difference between threading.Lock and asyncio.Lock in Python?,python
What is the best practice for handling the difference between multiprocessing and multithreading in Python?,python
How would you explain why data fetched in a server component isn't updating on the client to debug a Next.js issue?,next.js
How do you debug rate limiting incoming API requests in a production Node.js server?,node.js
How would you solve normalizing a database schema to third normal form in SQL?,sql
What's the best practice for the difference between metadata API and the Head component for SEO in Next.js?,next.js
What is the recommended approach for handling template literals with nested expressions in vanilla JavaScript?,javascript
What is the correct approach to protecting an API route so only authenticated users can access it in a Next.js app?,next.js
How do you correctly implement the difference between a 404 handler and a global error handler in an Express.js app?,express.js
What's the correct way to deal with handling an exception inside an async function in a Python project?,python
What would you check first when debugging the difference between PATCH and PUT in a REST route in Express.js?,express.js
How would you resolve the Global Interpreter Lock limiting CPU-bound threads in Python?,python
How would you resolve the difference between require and import in Node.js in a Node.js application?,node.js
How do you correctly handle the difference between any and unknown in TypeScript?,typescript
"In React, what would you check when cleaning up a subscription inside useEffect happens?",react
Why does using localStorage vs sessionStorage behave unexpectedly in JavaScript and how do you debug it?,javascript
How would you explain using dynamic routes with bracket folder names to debug a Next.js issue?,next.js
What is the correct React pattern to solve stale state inside a useEffect closure?,react
What's the best practice around the difference between server-side rendering and client-side rendering in React in React?,react
"In JavaScript, what causes issues with hoisting of let and const and how would you fix it?",javascript
How do you debug the difference between @staticmethod and @classmethod in Python?,python
What's the correct SQL approach to handle a query running slowly due to a missing index?,sql
How do you debug validating request bodies before hitting the database in a production Node.js server?,node.js
How would you type-safely solve typing an object with dynamic keys using an index signature?,typescript
What would you check first when debugging rate limiting requests to prevent abuse in Express.js?,express.js
Why does a query running slowly due to a missing index cause performance issues and how do you fix it?,sql
Why does typing an object with dynamic keys using an index signature cause a type error and how do you resolve it?,typescript
What is the best practice for dealing with handling a many-to-many relationship with a junction table in a relational database?,sql
How do you debug the difference between __init__ and __new__ in Python?,python
What is the best practice for dealing with the difference between a primary key and a unique key in a relational database?,sql
What's the best practice around the difference between Redux Toolkit and plain Redux in React?,react
How would you explain the difference between edge runtime and node runtime in Next.js to debug a Next.js issue?,next.js
How do you debug the difference between REST and GraphQL when building a Node API in a production Node.js server?,node.js
What is the best practice for handling the difference between a list and a tuple in Python?,python
What's the best practice for the order in which middleware functions execute in Express.js?,express.js
How do you handle the difference between getStaticProps and getServerSideProps in Next.js?,next.js
What is the correct React pattern to solve the difference between useImperativeHandle and forwardRef?,react
What is the best approach to handle centering a div both vertically and horizontally when building a responsive layout?,html / css
How do you fix a key prop warning when rendering a list in a React application?,react
What is the correct approach to the difference between fetch caching defaults in the app router in a Next.js app?,next.js
Why does batching multiple setState calls occur in React and how do you resolve it?,react
What's the correct pattern to avoid bugs related to memory leaks from event listeners in JavaScript?,javascript
How would you type-safely solve the difference between generics constraints with extends?,typescript
How would you resolve the difference between __init__ and __new__ in Python?,python
How would you explain handling internationalized routing in Next.js to debug a Next.js issue?,next.js
How do you fix CSS specificity war between inline styles and classes in CSS?,html / css
What's the correct SQL approach to handle the difference between COMMIT and ROLLBACK in a transaction?,sql
What's the difference-driven fix for using type guards to narrow an unknown value in TypeScript?,typescript
What is the best practice for dealing with the difference between ACID properties and eventual consistency in a relational database?,sql
What is the best practice for handling vectorizing a loop-based computation with NumPy in Python?,python
Why does the difference between useEffect cleanup and componentWillUnmount occur in React and how do you resolve it?,react
What is the recommended way to handle the difference between app.use and app.get for defining routes in Express.js?,express.js
"In JavaScript, what causes issues with clearing a setInterval correctly on unmount and how would you fix it?",javascript
"In JavaScript, what causes issues with the spread operator on arrays and how would you fix it?",javascript
What is the best practice for the difference between Laravel Sanctum and Laravel Passport in a Laravel application?,php / laravel
"In JavaScript, what causes issues with immutability patterns for state updates and how would you fix it?",javascript
Why does the difference between clustered and non-clustered indexes cause performance issues and how do you fix it?,sql
"In React, what would you check when the difference between Redux and Context API for state management happens?",react
How would you solve an N+1 query problem in an application in SQL?,sql
What's the best practice for handling environment variables that need to be exposed to the browser in Next.js?,next.js
How do you fix a form's autofill styles overriding custom input styles in CSS?,html / css
"In JavaScript, what causes issues with the difference between setTimeout and setInterval and how would you fix it?",javascript
Why does setting security headers using helmet cause issues in an Express.js server and how do you fix it?,express.js
How do you fix handling error boundaries for a component tree in a React application?,react
How would you type-safely solve the difference between declaration merging and module augmentation?,typescript
What's the best practice around the difference between mounting and updating lifecycle phases in React?,react
What's the correct way to deal with the difference between __str__ and __repr__ in a Python project?,python
What's the best practice around a component re-rendering too many times in React?,react
What is the correct React pattern to solve the difference between synthetic events and native DOM events?,react
What's the recommended Laravel approach for handling environment configuration with the .env file in Laravel?,php / laravel
Why does the difference between shallow and deep freezing an object behave unexpectedly in JavaScript and how do you debug it?,javascript
What's the correct pattern to avoid bugs related to promise chaining in JavaScript?,javascript
What is the correct approach to the difference between getStaticProps and getServerSideProps in a Next.js app?,next.js
What is the correct approach to the purpose of the app router's page.js and layout.js files in a Next.js app?,next.js
How would you explain the purpose of the route.js file for API routes to debug a Next.js issue?,next.js
Why does the difference between a queue and a stack implementation in Python cause unexpected behavior and how do you fix it in Python?,python
How would you resolve resolving version conflicts in package-lock.json in a Node.js application?,node.js
What's the difference-driven fix for typing a function that accepts a variable number of arguments in TypeScript?,typescript
How do you debug the difference between deep copy and shallow copy in Python?,python
How would you solve handling NULL values in a comparison in SQL?,sql
How would you solve the difference between a composite key and a surrogate key in SQL?,sql
"In React, what would you check when the difference between local component state and global state happens?",react
How would you correctly implement sorting an array of objects by a property in JavaScript?,javascript
What is the correct way to deal with the difference between middleware order in Express when building a Node.js backend?,node.js
How would you type-safely solve the difference between declaring types inline versus in a separate file?,typescript
What's the best practice around prop drilling across multiple nested components in React?,react
What's the correct HTML/CSS technique to solve CSS Grid auto-placement behaving unexpectedly?,html / css
What would you check when debugging handling environment configuration with the .env file in Laravel in a Laravel project?,php / laravel
How would you type-safely solve a generic type not inferring correctly?,typescript
How would you correctly implement template literals with nested expressions in JavaScript?,javascript
What is the correct React pattern to solve passing a callback function to a child without breaking memoization?,react
How would you correctly implement the difference between slice and splice in JavaScript?,javascript
What's the recommended Laravel approach for the difference between a one-to-many and a many-to-many Eloquent relationship?,php / laravel
"In React, what would you check when the difference between derived state and stored state happens?",react
How would you resolve the difference between eager and lazy evaluation in a generator expression in Python?,python
What is the correct React pattern to solve a ref returning null on the first render?,react
What is the recommended way to handle logging incoming requests with morgan in Express.js?,express.js
How would you resolve handling backpressure in a writable stream in a Node.js application?,node.js
What's the recommended Laravel approach for the difference between Laravel's API resources and returning a model directly?,php / laravel
Why does the difference between strict mode and sloppy mode behave unexpectedly in JavaScript and how do you debug it?,javascript
What's the best practice around handling optimistic UI updates before an API call resolves in React?,react
"In JavaScript, what causes issues with using reduce to flatten an array and how would you fix it?",javascript
What's the correct way to deal with validating request data in a FastAPI endpoint with Pydantic in a Python project?,python
Why does async/await error handling behave unexpectedly in JavaScript and how do you debug it?,javascript
What is the recommended TypeScript approach for a generic type not inferring correctly?,typescript
How would you resolve the difference between middleware order in Express in a Node.js application?,node.js
"What's the correct SQL approach to handle the difference between DELETE, TRUNCATE and DROP?",sql
What is the correct approach to the difference between streaming and suspense boundaries in the app router in a Next.js app?,next.js
How would you explain the difference between css modules and global styles in Next.js to debug a Next.js issue?,next.js
Why does the difference between JSON serialization and pickling cause unexpected behavior and how do you fix it in Python?,python
How do you debug debugging a memory leak in a long-running Python script in Python?,python
How would you explain structuring a multi-tenant app with dynamic route segments to debug a Next.js issue?,next.js
What's the correct SQL approach to handle handling pagination efficiently with OFFSET and LIMIT?,sql
What is the correct way to deal with environment variables not loading from a .env file when building a Node.js backend?,node.js
How do you correctly handle handling file uploads and storing them on a Laravel disk in PHP/Laravel?,php / laravel
"In JavaScript, what causes issues with IIFE usage and how would you fix it?",javascript
"In React, what would you check when the difference between shallow rendering and full DOM rendering in tests happens?",react
How would you type-safely solve typing an async function's return value correctly?,typescript
What is the best approach to handle a hover effect not working on touch devices when building a responsive layout?,html / css
How do you debug environment variables not loading from a .env file in a production Node.js server?,node.js
Why does the difference between an inner subquery and a correlated subquery cause performance issues and how do you fix it?,sql
What is the best practice for dealing with the difference between VARCHAR and TEXT column types in a relational database?,sql
What's the best practice around lazy loading a component with React.lazy and Suspense in React?,react
What is the best practice for setting up route model binding in Laravel in a Laravel application?,php / laravel
What's the correct pattern to avoid bugs related to converting an async function's return value in JavaScript?,javascript
What is the recommended approach for handling rest parameters in vanilla JavaScript?,javascript
Why does the difference between a view and a materialized view cause performance issues and how do you fix it?,sql
What is the correct way to deal with setting up JWT-based authentication in Node.js when building a Node.js backend?,node.js
How would you resolve the difference between synchronous and asyncio-based concurrency in Python?,python
How would you solve the difference between a foreign key constraint and a check constraint in SQL?,sql
Why does the difference between a foreign key constraint and a check constraint cause performance issues and how do you fix it?,sql
What would you check when debugging the difference between session-based auth and Sanctum token auth in Laravel in a Laravel project?,php / laravel
How would you solve the difference between a subquery and a JOIN in SQL?,sql
What's the correct HTML/CSS technique to solve the difference between max-content and fit-content?,html / css
How would you resolve the difference between a decorator with arguments and one without in Python?,python
Why does the box-sizing property changing layout calculations happen and what's the CSS-only solution?,html / css
Why does the difference between Laravel's API resources and returning a model directly cause issues in PHP and how do you fix it?,php / laravel
What is the recommended way to handle validating request data before it reaches the controller in Express.js?,express.js
How do you correctly handle the difference between declaring types inline versus in a separate file in TypeScript?,typescript
Why does the difference between session-based auth and Sanctum token auth in Laravel cause issues in PHP and how do you fix it?,php / laravel
"In React, what would you check when the difference between synthetic events and native DOM events happens?",react
How would you resolve the difference between an abstract base class and a regular class in Python?,python
What is the best approach to handle using semantic HTML tags instead of generic divs when building a responsive layout?,html / css
What is the best practice for handling the difference between string formatting with f-strings and .format() in Python?,python
How would you resolve handling missing values in a pandas DataFrame in Python?,python
What is the correct way to deal with the difference between require and import in Node.js when building a Node.js backend?,node.js
"In React, what would you check when context causing unnecessary re-renders across the tree happens?",react
Why does the difference between static assets in the public folder and imported assets behave this way in Next.js and how do you fix it?,next.js
Why does the difference between Django's ORM querysets being lazy versly evaluated cause unexpected behavior and how do you fix it in Python?,python
What is the correct React pattern to solve handling form validation without a library?,react
What would you check when debugging the difference between Composer's require and require-dev in a Laravel project?,php / laravel
Why does handling uncaught exceptions gracefully occur in Node.js and how do you fix it?,node.js
Why does serializing a Date object to JSON behave unexpectedly in JavaScript and how do you debug it?,javascript
Why does converting an async function's return value behave unexpectedly in JavaScript and how do you debug it?,javascript
"In JavaScript, what causes issues with handling race conditions between two async calls and how would you fix it?",javascript
How do you debug an unhandled promise rejection crashing the server in a production Node.js server?,node.js
How would you solve locking rows for update inside a transaction in SQL?,sql
What is the correct way to deal with an unhandled promise rejection crashing the server when building a Node.js backend?,node.js
"In JavaScript, what causes issues with converting a NodeList to an array and how would you fix it?",javascript
How would you solve the difference between WHERE and HAVING clauses in SQL?,sql
How would you resolve environment variables not loading from a .env file in a Node.js application?,node.js
Why does handling queued jobs for a long-running task in Laravel cause issues in PHP and how do you fix it?,php / laravel
"What is the recommended approach for handling the difference between call, apply and bind in vanilla JavaScript?",javascript
What's the difference-driven fix for the difference between default exports and named exports typing in TypeScript?,typescript
How would you type-safely solve the difference between never and void return types?,typescript
What's the best practice around the difference between useImperativeHandle and forwardRef in React?,react
Why does the difference between a lambda function and a named function cause unexpected behavior and how do you fix it in Python?,python
"In JavaScript, what causes issues with the 'this' keyword inside a regular function and how would you fix it?",javascript
What's the best practice around avoiding unnecessary API calls on every re-render in React?,react
How do you fix the difference between controlled and uncontrolled inputs in a React application?,react
What's the correct way to deal with the difference between list slicing and the itertools module in a Python project?,python
What would you check first when debugging the difference between next() and next(err) in middleware in Express.js?,express.js
What is the correct React pattern to solve the difference between Redux Toolkit and plain Redux?,react
Why does the difference between res.redirect and res.render cause issues in an Express.js server and how do you fix it?,express.js
What is the best practice for handling handling a ZeroDivisionError gracefully in Python?,python
How would you resolve using worker_threads for CPU-bound tasks in a Node.js application?,node.js
What is the recommended approach for handling iterators and the Symbol.iterator protocol in vanilla JavaScript?,javascript
What is the correct approach to the difference between css modules and global styles in Next.js in a Next.js app?,next.js
Why does the difference between server-side rendering and client-side rendering in React occur in React and how do you resolve it?,react
How do you fix responsive typography scaling with container queries in CSS?,html / css
What query would you write to address the difference between VARCHAR and TEXT column types?,sql
Why does the difference between a composite key and a surrogate key cause performance issues and how do you fix it?,sql
"In React, what would you check when a form input losing focus after every keystroke happens?",react
What is the best practice for dealing with optimizing a query that uses SELECT * in a relational database?,sql
What is the best approach to handle why nested flexbox containers break alignment when building a responsive layout?,html / css
What is the recommended approach for handling the difference between shallow and deep freezing an object in vanilla JavaScript?,javascript
What would you check first when debugging the difference between app.listen and a custom http server wrapping Express in Express.js?,express.js
