problems,labels
Why does Promise.all reject immediately when only one auxiliary API request fails?,javascript
How do you handle unhandled promise rejections without crashing the entire browser process?,javascript
Why does an async function return a Promise object instead of the direct resolved value when called synchronously?,javascript
How do you cancel an ongoing fetch request when a user navigates away using AbortController?,javascript
Why is a Promise constructor executor executed synchronously instead of asynchronously?,javascript
How do you prevent microtask queue starvation caused by continuous recursive queueMicrotask calls?,javascript
Why does Promise.allSettled return an array of status objects instead of throwing errors directly?,javascript
How do you implement an exponential backoff retry mechanism using async and await in vanilla JavaScript?,javascript
Why does awaiting a non-promise value still defer execution to the microtask queue?,javascript
How do you prevent race conditions when multiple async functions update the same shared object?,javascript
Why does Promise.race resolve with undefined when passed an empty array?,javascript
How do you handle errors thrown inside an async generator function during iteration?,javascript
Why does try-catch fail to intercept errors thrown inside a setTimeout callback inside an async function?,javascript
How do you run multiple asynchronous tasks with a concurrency limit using native JavaScript?,javascript
Why does chaining multiple then handlers without returning a value cause the subsequent promise to resolve to undefined?,javascript
How do you inspect the internal state of a pending Promise in Chrome DevTools?,javascript
Why does an unhandled rejection event listener not trigger if the rejection is handled in a later tick?,javascript
How do you convert callback-based legacy browser APIs into native Promise-based functions?,javascript
Why does returning Promise.resolve inside a try block execute the finally block before resolving?,javascript
How do you ensure all background async logging requests finish before window unload?,javascript
Why does top-level await block the execution of importing modules in an ES module graph?,javascript
How do you debounce an async search input to prevent outdated responses from overwriting newer search results?,javascript
Why does calling resolve twice inside a Promise constructor have no effect on the second call?,javascript
How do you implement a timeout wrapper that rejects if a fetch request takes longer than five seconds?,javascript
Why does Promise.any reject with an AggregateError when all supplied promises fail?,javascript
How do you properly await asynchronous array iterations without using forEach loops?,javascript
Why does Array.prototype.map return an array of pending promises when passed an async callback?,javascript
How do you manage cross-tab state synchronization using BroadcastChannel and async messages?,javascript
Why does an async IIFE cause unhandled rejection warnings if it throws an error and lacks a catch block?,javascript
How do you coordinate multiple asynchronous web worker responses using MessageChannel?,javascript
Why is a rejected promise in a Promise.allSettled list marked with status 'rejected' instead of thrown?,javascript
How do you cancel a pending debounce timer when a user rapidly toggles form inputs?,javascript
Why does await Promise.reject throw an uncaught exception if not enclosed in a try-catch block?,javascript
How do you stream and decode chunked JSON data over HTTP using ReadableStream and TextDecoder?,javascript
Why does executing long async tasks on the main thread still freeze UI scrolling and animations?,javascript
How do you throttle high-frequency mousemove events while guaranteeing the final position is processed?,javascript
Why does an async arrow function lack its own arguments object?,javascript
How do you prevent duplicate concurrent API requests for the same resource using an in-memory promise cache?,javascript
Why does Promise.resolve with a thenable object behave differently than with a standard object?,javascript
How do you pause and resume an async task pipeline using JavaScript Generators?,javascript
Why does async function execution pause at the await keyword while allowing the event loop to continue?,javascript
How do you handle memory leaks caused by abandoned Promise references in long-lived single-page applications?,javascript
Why does passing an async function to addEventListener swallow uncaught exceptions thrown inside it?,javascript
How do you structure an async pipeline to process an array of items sequentially one after another?,javascript
Why does Promise.prototype.finally receive no arguments when executed?,javascript
Why does `this` evaluate to undefined inside a strict-mode function invoked without a call site object?,javascript
How do you fix `this` losing its reference when passing an object method as a callback to an event listener?,javascript
Why do variables declared with `var` hoist to the top of function scope while `let` and `const` enter the Temporal Dead Zone?,javascript
How do you avoid memory leaks caused by accidental closures retaining large parent-scope DOM elements?,javascript
Why does modifying an outer variable inside a nested closure produce unpredictable side effects across invocations?,javascript
How do you create truly private object properties using JavaScript WeakMap or ES2022 private fields?,javascript
Why does `Function.prototype.bind` create an immutable bound function that cannot be rebound with another context?,javascript
How do you dynamically set the execution context of a function using `call` versus `apply`?,javascript
Why does an arrow function retain the `this` binding of its enclosing lexical context regardless of how it is called?,javascript
How do you resolve issues where loop variables in a `for(var i=0; i<n; i++)` share the same reference inside async callbacks?,javascript
Why does `eval()` execute in the local scope and cause potential variable shadowing and performance degradation?,javascript
How do you detect if a JavaScript function is invoked with the `new` keyword using `new.target`?,javascript
Why does object destructuring with default values fail to trigger defaults when a property is explicitly set to `null`?,javascript
How do you prevent variable pollution in global scope when executing dynamic third-party scripts?,javascript
Why does `Object.freeze` fail to prevent mutations to deeply nested child objects?,javascript
How do you implement deep object cloning that safely handles circular references without throwing stack overflow errors?,javascript
Why does accessing a property on `Object.create(null)` throw a TypeError when calling `hasOwnProperty`?,javascript
How do you safely iterate over an object's own enumerable properties without picking up prototype chain additions?,javascript
Why does `typeof null` return 'object' in JavaScript instead of 'null'?,javascript
How do you prevent prototype pollution when merging user-supplied JSON objects into application state?,javascript
Why does shadowing an outer variable inside a block scope cause a ReferenceError if accessed before its declaration?,javascript
How do you use `Reflect.ownKeys` to retrieve both string and Symbol keys from an object?,javascript
Why does modifying `Array.prototype` lead to unexpected bugs across third-party vendor libraries?,javascript
How do you implement a currying function that accepts variable argument lengths dynamically?,javascript
Why does `instanceof` return false when comparing an object created inside an iframe with the parent window constructor?,javascript
How do you create an immutable configuration object using `Object.seal` versus `Object.freeze`?,javascript
Why does destructuring assignment fail with a TypeError when the source object is undefined or null?,javascript
How do you ensure a singleton pattern persists across multiple module imports in a client application?,javascript
Why does using `with` statements result in unpredictable variable lookups and strict-mode syntax errors?,javascript
How do you dynamically compute object keys during inline object literal initialization?,javascript
Why does an explicit return of a primitive value from a constructor function get ignored when instantiated with `new`?,javascript
How do you protect sensitive in-memory user tokens from being accessed by malicious browser extensions?,javascript
Why does `arguments.callee` throw a TypeError in ECMAScript strict mode?,javascript
How do you safely inspect whether an object property exists without triggering its custom getter function?,javascript
Why does `let` declaration inside a `switch` block require explicit block braces to prevent cross-case redeclaration errors?,javascript
How do you implement a custom iterable object using `Symbol.iterator`?,javascript
Why does `Object.assign` invoke getters and setters during property copying rather than copying descriptor definitions?,javascript
How do you copy property descriptors including non-enumerable flags from one object to another?,javascript
Why does deleting a property declared with `var` return false and fail silently in non-strict mode?,javascript
How do you create an object that warns when nonexistent properties are accessed using `Proxy`?,javascript
Why does `Function.prototype.toString` reveal implementation details of native functions as '[native code]'?,javascript
How do you prevent infinite recursion when using a Proxy `get` trap that references the target property?,javascript
Why does setting `__proto__` directly cause severe V8 hidden class de-optimizations?,javascript
How do you safely access deeply nested optional properties using optional chaining without crashing on null parents?,javascript
Why does the nullish coalescing operator `??` treat boolean `false` and number `0` as truthy values?,javascript
Why does `event.stopPropagation()` fail to stop other listeners attached to the exact same DOM element from executing?,javascript
How do you prevent event listener memory leaks when removing dynamic elements from the DOM?,javascript
Why does `event.preventDefault()` inside a touchmove event throw a console error in passive-by-default mobile browsers?,javascript
How do you implement event delegation on a table container to handle click events for dynamically generated rows?,javascript
Why does `innerHTML` execution ignore `<script>` tags injected into the document body?,javascript
How do you safely sanitize user-supplied HTML strings before appending them to the DOM without using heavy libraries?,javascript
Why does reading `offsetWidth` immediately after setting `style.width` trigger synchronous layout reflow?,javascript
How do you observe element dimension changes accurately using `ResizeObserver` instead of window resize events?,javascript
Why does `IntersectionObserver` fail to detect elements scrolling inside a container with `overflow: scroll` unless `root` is specified?,javascript
How do you prevent a form submit button from submitting twice when a user double-clicks rapidly?,javascript
Why does `document.querySelector` fail with a DOMException when querying IDs containing colon characters?,javascript
How do you dynamically load external JavaScript files asynchronously and execute a callback upon completion?,javascript
Why does `window.postMessage` fail to send complex objects containing circular references or functions?,javascript
How do you capture error events from cross-origin scripts using `crossorigin` attributes and CORS headers?,javascript
Why does modifying DOM styles in a high-frequency `requestAnimationFrame` loop cause frame drops if calculations are heavy?,javascript
How do you copy rich text or HTML content to the user's clipboard using the Clipboard API?,javascript
Why does `sessionStorage` lose its data when a user opens the same URL in a new browser tab?,javascript
How do you detect when a user switches tabs or minimizes the browser window using the Page Visibility API?,javascript
Why does `localStorage.setItem` throw a `QuotaExceededError` in private browsing mode or when storage limits are reached?,javascript
How do you manage client-side offline storage using the `IndexedDB` transaction lifecycle?,javascript
Why does `Element.scrollIntoView({ behavior: 'smooth' })` get interrupted if the user scrolls manually during the animation?,javascript
How do you handle drag and drop file uploads with HTML5 Drag and Drop API while preventing default browser file navigation?,javascript
Why does a canvas element become tainted and throw security errors when calling `toDataURL` after drawing cross-origin images?,javascript
How do you prevent background page scrolling when an interactive modal dialog overlay is active?,javascript
Why does `window.getComputedStyle` return resolved pixel values instead of percentages for relative CSS units?,javascript
How do you intercept back and forward browser navigation events using `history.pushState` and `window.onpopstate`?,javascript
Why does `Node.cloneNode(true)` fail to copy JavaScript event listeners attached via `addEventListener`?,javascript
How do you use `MutationObserver` to detect attribute changes on dynamically rendered third-party widgets?,javascript
Why does calling `focus()` on an element immediately after making it visible fail if the browser has not finished reflowing?,javascript
How do you play audio automatically upon user interaction without violating browser autoplay audio context policies?,javascript
Why does `document.write` wipe out the entire DOM if executed after the HTML document has fully loaded?,javascript
How do you calculate the precise viewport coordinates of a DOM element accounting for scroll offsets?,javascript
Why does the `change` event on a text input fire only when the input loses focus rather than on every keystroke?,javascript
How do you capture keyboard shortcut key combinations reliably across different operating system keymaps?,javascript
Why does dispatching a custom `CustomEvent` fail to bubble up the DOM tree if `bubbles: true` is omitted from the event options?,javascript
"How do you implement virtual scrolling to render lists with over 50,000 items smoothly in the DOM?",javascript
Why does `navigator.sendBeacon` succeed during page unload when standard asynchronous `fetch` requests get cancelled?,javascript
How do you inspect active event listeners attached to a DOM node using Chrome DevTools `getEventListeners`?,javascript
Why does `NodeList.forEach` work in modern browsers while `HTMLCollection` lacks a native `forEach` method?,javascript
How do you create and attach a Shadow DOM root to encapsulate CSS styles from leaking into the global document?,javascript
Why does `window.addEventListener('scroll')` without passive flags degrade scrolling performance on mobile devices?,javascript
How do you validate email addresses using native browser form validation without writing regular expressions?,javascript
Why does `matchMedia` listener fail to trigger if the media query string contains invalid CSS syntax?,javascript
How do you access camera and microphone video streams in JavaScript using `navigator.mediaDevices.getUserMedia`?,javascript
Why does `PerformanceObserver` miss paint timing metrics if registered after the initial page paint event has completed?,javascript
How do you implement infinite scrolling without layout jump when prepending historical messages to a chat container?,javascript
Why does calling `element.remove()` fail to free memory if a global variable still holds a reference to the element?,javascript
How do you measure First Contentful Paint and Largest Contentful Paint metrics using native JavaScript Web Vitals API?,javascript
Why does setting `window.location.hash` trigger a hashchange event without causing a full browser page refresh?,javascript
How do you communicate bidirectionally between a web worker and the main thread using `postMessage`?,javascript
Why does `0.1 + 0.2 === 0.3` evaluate to false due to IEEE 754 floating-point arithmetic representation?,javascript
How do you compare two JavaScript objects for deep structural equality without third-party libraries?,javascript
"Why does `[10, 5, 20, 1].sort()` sort numbers as strings resulting in `[1, 10, 20, 5]` without a comparator?",javascript
How do you implement an LRU cache data structure in JavaScript using Map to maintain insertion order?,javascript
Why does `BigInt(10) + 10` throw a TypeError instead of performing automatic type coercion?,javascript
How do you convert a flat array of hierarchical comments with `parentId` into a nested tree structure?,javascript
Why does `Math.max()` with no arguments return `-Infinity` while `Math.min()` returns `Infinity`?,javascript
How do you generate cryptographically secure random values using `crypto.getRandomValues` instead of `Math.random`?,javascript
"Why does `JSON.stringify` omit object properties that have values of `undefined`, functions, or Symbols?",javascript
How do you flatten a multi-dimensional nested array to an arbitrary depth using `Array.prototype.flat`?,javascript
Why does `Array(5).map(...)` fail to execute the mapping callback on empty uninitialized array slots?,javascript
How do you check if an object is an instance of a specific class when the constructor name is minified in production?,javascript
"Why does `parseInt('0xF', 16)` parse hexadecimal correctly while `parseInt('08')` historically caused octal confusion?",javascript
How do you remove duplicate primitive values from an array efficiently using `Set`?,javascript
Why does `Number.MIN_VALUE` represent the smallest positive number closest to zero rather than a negative number?,javascript
How do you safely parse untrusted JSON input containing dates into actual JavaScript `Date` instances using a reviver function?,javascript
Why does `isNaN('hello')` return true while `Number.isNaN('hello')` returns false?,javascript
How do you calculate the exact difference in calendar days between two JavaScript `Date` objects accounting for Daylight Saving Time?,javascript
Why does modifying an array during a `for...in` loop lead to skipped indexes and unexpected property traversal?,javascript
How do you shuffle an array randomly with uniform distribution using the Fisher-Yates shuffle algorithm?,javascript
"Why does `Object.is(-0, +0)` return false while `-0 === +0` returns true?",javascript
How do you serialize and deserialize a JavaScript `Map` and `Set` to JSON format?,javascript
Why does `Array.from({ length: 5 })` create an array with five undefined elements while `new Array(5)` creates empty slots?,javascript
How do you reverse a string in JavaScript while properly preserving Unicode surrogate pairs and emoji characters?,javascript
Why does `1 < 2 < 3` return true while `3 > 2 > 1` returns false due to relational operator chaining?,javascript
How do you implement a priority queue in JavaScript using a binary min-heap?,javascript
Why does `typeof NaN` evaluate to 'number' despite representing Not-a-Number?,javascript
How do you format monetary numbers to specific locale currency strings using `Intl.NumberFormat`?,javascript
Why does `Object.keys()` return integer property keys sorted in ascending numeric order before string keys?,javascript
How do you split a large array into fixed-size smaller chunks without mutating the original array?,javascript
Why does `String.prototype.replace` replace only the first occurrence unless a global regular expression or `replaceAll` is used?,javascript
How do you find the intersection of two arrays with distinct elements using `Set.prototype.filter`?,javascript
Why does unary plus `+[]` evaluate to `0` while `+{}` evaluates to `NaN`?,javascript
How do you validate whether a string is valid JSON without wrapping `JSON.parse` in a try-catch block?,javascript
Why does `Array.prototype.slice` without arguments create a shallow copy of an array rather than a deep copy?,javascript
How do you implement memoization for an expensive recursive mathematical function in JavaScript?,javascript
Why does `Boolean(new Boolean(false))` evaluate to true instead of false?,javascript
How do you count the frequency of characters in a string using `Array.prototype.reduce`?,javascript
Why does `typeof null` evaluate to 'object' while `typeof undefined` evaluates to 'undefined'?,javascript
How do you implement a generator that yields Fibonacci numbers on demand without exhausting call stack limits?,javascript
How do you implement handling dropped WebSocket connections and reconnecting with backoff in modern vanilla JavaScript?,javascript
How do you implement managing cache invalidation during service worker update lifecycle in modern vanilla JavaScript?,javascript
How do you implement migrating database schema versions inside onupgradeneeded event in modern vanilla JavaScript?,javascript
How do you implement transferring ArrayBuffers using zero-copy Transferable Objects in modern vanilla JavaScript?,javascript
How do you implement handling automated reconnection and parsing multi-line event payloads in modern vanilla JavaScript?,javascript
How do you implement passing attributes and handling observedAttributes callback lifecycle in modern vanilla JavaScript?,javascript
How do you implement styling inner shadow DOM elements from parent stylesheets with CSS parts in modern vanilla JavaScript?,javascript
How do you implement syncing query parameters with UI filter state without page reloads in modern vanilla JavaScript?,javascript
How do you implement notifying all browser tabs when a user logs out in one tab in modern vanilla JavaScript?,javascript
How do you implement observing dynamic DOM insertions to bind event handlers on third-party widgets in modern vanilla JavaScript?,javascript
How do you implement lazy loading responsive images only when entering the visible viewport threshold in modern vanilla JavaScript?,javascript
How do you implement adjusting complex chart SVG layouts when container element resizes in modern vanilla JavaScript?,javascript
How do you implement handling asynchronous writeText permission denials in non-secure HTTP contexts in modern vanilla JavaScript?,javascript
How do you implement pausing background video streaming and animations when the tab is inactive in modern vanilla JavaScript?,javascript
How do you implement sending analytical metrics safely during window beforeunload events in modern vanilla JavaScript?,javascript
How do you implement measuring time to first byte and DOM content loaded timestamps accurately in modern vanilla JavaScript?,javascript
How do you implement reading user-selected CSV files chunk-by-chunk using FileReader and chunk slicing in modern vanilla JavaScript?,javascript
How do you implement piping readable data streams through a TransformStream to compress payloads in modern vanilla JavaScript?,javascript
How do you implement controlling CSS keyframe animations programmatically with pause and reverse in modern vanilla JavaScript?,javascript
How do you implement formatting localized dates and relative times using Intl.RelativeTimeFormat in modern vanilla JavaScript?,javascript
How do you implement requesting browser push notification permissions and displaying notification toasts in modern vanilla JavaScript?,javascript
How do you implement handling position error timeout and accuracy degradation on mobile browsers in modern vanilla JavaScript?,javascript
How do you implement generating SHA-256 cryptographic hashes from user strings in vanilla JavaScript in modern vanilla JavaScript?,javascript
How do you implement parsing and appending multi-value query strings without manually encoding URIs in modern vanilla JavaScript?,javascript
"How do you implement handling touch, stylus, and mouse pointer cancellation during drag operations in modern vanilla JavaScript?",javascript
How do you implement decoding raw audio data buffers and handling hardware audio output switches in modern vanilla JavaScript?,javascript
How do you implement polling controller input state inside a continuous game loop in modern vanilla JavaScript?,javascript
How do you implement capturing display media streams and handling user cancel stream events in modern vanilla JavaScript?,javascript
How do you implement querying camera and microphone permission status without prompting the user in modern vanilla JavaScript?,javascript
How do you implement handling webglcontextlost and restoring vertex buffer state upon recovery in modern vanilla JavaScript?,javascript
Why does handling dropped WebSocket connections and reconnecting with backoff fail when executed in strict mode browser environments?,javascript
Why does managing cache invalidation during service worker update lifecycle fail when executed in strict mode browser environments?,javascript
Why does migrating database schema versions inside onupgradeneeded event fail when executed in strict mode browser environments?,javascript
Why does transferring ArrayBuffers using zero-copy Transferable Objects fail when executed in strict mode browser environments?,javascript
Why does handling automated reconnection and parsing multi-line event payloads fail when executed in strict mode browser environments?,javascript
Why does passing attributes and handling observedAttributes callback lifecycle fail when executed in strict mode browser environments?,javascript
Why does styling inner shadow DOM elements from parent stylesheets with CSS parts fail when executed in strict mode browser environments?,javascript
Why does syncing query parameters with UI filter state without page reloads fail when executed in strict mode browser environments?,javascript
Why does notifying all browser tabs when a user logs out in one tab fail when executed in strict mode browser environments?,javascript
Why does observing dynamic DOM insertions to bind event handlers on third-party widgets fail when executed in strict mode browser environments?,javascript
Why does lazy loading responsive images only when entering the visible viewport threshold fail when executed in strict mode browser environments?,javascript
Why does adjusting complex chart SVG layouts when container element resizes fail when executed in strict mode browser environments?,javascript
Why does handling asynchronous writeText permission denials in non-secure HTTP contexts fail when executed in strict mode browser environments?,javascript
Why does pausing background video streaming and animations when the tab is inactive fail when executed in strict mode browser environments?,javascript
Why does sending analytical metrics safely during window beforeunload events fail when executed in strict mode browser environments?,javascript
Why does measuring time to first byte and DOM content loaded timestamps accurately fail when executed in strict mode browser environments?,javascript
Why does reading user-selected CSV files chunk-by-chunk using FileReader and chunk slicing fail when executed in strict mode browser environments?,javascript
Why does piping readable data streams through a TransformStream to compress payloads fail when executed in strict mode browser environments?,javascript
Why does controlling CSS keyframe animations programmatically with pause and reverse fail when executed in strict mode browser environments?,javascript
Why does formatting localized dates and relative times using Intl.RelativeTimeFormat fail when executed in strict mode browser environments?,javascript
Why does requesting browser push notification permissions and displaying notification toasts fail when executed in strict mode browser environments?,javascript
Why does handling position error timeout and accuracy degradation on mobile browsers fail when executed in strict mode browser environments?,javascript
Why does generating SHA-256 cryptographic hashes from user strings in vanilla JavaScript fail when executed in strict mode browser environments?,javascript
Why does parsing and appending multi-value query strings without manually encoding URIs fail when executed in strict mode browser environments?,javascript
"Why does handling touch, stylus, and mouse pointer cancellation during drag operations fail when executed in strict mode browser environments?",javascript
Why does decoding raw audio data buffers and handling hardware audio output switches fail when executed in strict mode browser environments?,javascript
Why does polling controller input state inside a continuous game loop fail when executed in strict mode browser environments?,javascript
Why does capturing display media streams and handling user cancel stream events fail when executed in strict mode browser environments?,javascript
Why does querying camera and microphone permission status without prompting the user fail when executed in strict mode browser environments?,javascript
Why does handling webglcontextlost and restoring vertex buffer state upon recovery fail when executed in strict mode browser environments?,javascript
What is the best way to handle handling dropped WebSocket connections and reconnecting with backoff in client-side web development?,javascript
What is the best way to handle managing cache invalidation during service worker update lifecycle in client-side web development?,javascript
What is the best way to handle migrating database schema versions inside onupgradeneeded event in client-side web development?,javascript
What is the best way to handle transferring ArrayBuffers using zero-copy Transferable Objects in client-side web development?,javascript
What is the best way to handle handling automated reconnection and parsing multi-line event payloads in client-side web development?,javascript
What is the best way to handle passing attributes and handling observedAttributes callback lifecycle in client-side web development?,javascript
What is the best way to handle styling inner shadow DOM elements from parent stylesheets with CSS parts in client-side web development?,javascript
What is the best way to handle syncing query parameters with UI filter state without page reloads in client-side web development?,javascript
What is the best way to handle notifying all browser tabs when a user logs out in one tab in client-side web development?,javascript
What is the best way to handle observing dynamic DOM insertions to bind event handlers on third-party widgets in client-side web development?,javascript
What is the best way to handle lazy loading responsive images only when entering the visible viewport threshold in client-side web development?,javascript
What is the best way to handle adjusting complex chart SVG layouts when container element resizes in client-side web development?,javascript
What is the best way to handle handling asynchronous writeText permission denials in non-secure HTTP contexts in client-side web development?,javascript
What is the best way to handle pausing background video streaming and animations when the tab is inactive in client-side web development?,javascript
What is the best way to handle sending analytical metrics safely during window beforeunload events in client-side web development?,javascript
What is the best way to handle measuring time to first byte and DOM content loaded timestamps accurately in client-side web development?,javascript
What is the best way to handle reading user-selected CSV files chunk-by-chunk using FileReader and chunk slicing in client-side web development?,javascript
What is the best way to handle piping readable data streams through a TransformStream to compress payloads in client-side web development?,javascript
What is the best way to handle controlling CSS keyframe animations programmatically with pause and reverse in client-side web development?,javascript
What is the best way to handle formatting localized dates and relative times using Intl.RelativeTimeFormat in client-side web development?,javascript
What is the best way to handle requesting browser push notification permissions and displaying notification toasts in client-side web development?,javascript
What is the best way to handle handling position error timeout and accuracy degradation on mobile browsers in client-side web development?,javascript
What is the best way to handle generating SHA-256 cryptographic hashes from user strings in vanilla JavaScript in client-side web development?,javascript
What is the best way to handle parsing and appending multi-value query strings without manually encoding URIs in client-side web development?,javascript
"What is the best way to handle handling touch, stylus, and mouse pointer cancellation during drag operations in client-side web development?",javascript
What is the best way to handle decoding raw audio data buffers and handling hardware audio output switches in client-side web development?,javascript
What is the best way to handle polling controller input state inside a continuous game loop in client-side web development?,javascript
What is the best way to handle capturing display media streams and handling user cancel stream events in client-side web development?,javascript
What is the best way to handle querying camera and microphone permission status without prompting the user in client-side web development?,javascript
What is the best way to handle handling webglcontextlost and restoring vertex buffer state upon recovery in client-side web development?,javascript
How do you troubleshoot handling dropped WebSocket connections and reconnecting with backoff when debugging cross-browser edge cases?,javascript
How do you troubleshoot managing cache invalidation during service worker update lifecycle when debugging cross-browser edge cases?,javascript
How do you troubleshoot migrating database schema versions inside onupgradeneeded event when debugging cross-browser edge cases?,javascript
How do you troubleshoot transferring ArrayBuffers using zero-copy Transferable Objects when debugging cross-browser edge cases?,javascript
How do you troubleshoot handling automated reconnection and parsing multi-line event payloads when debugging cross-browser edge cases?,javascript
How do you troubleshoot passing attributes and handling observedAttributes callback lifecycle when debugging cross-browser edge cases?,javascript
How do you troubleshoot styling inner shadow DOM elements from parent stylesheets with CSS parts when debugging cross-browser edge cases?,javascript
How do you troubleshoot syncing query parameters with UI filter state without page reloads when debugging cross-browser edge cases?,javascript
How do you troubleshoot notifying all browser tabs when a user logs out in one tab when debugging cross-browser edge cases?,javascript
How do you troubleshoot observing dynamic DOM insertions to bind event handlers on third-party widgets when debugging cross-browser edge cases?,javascript
How do you troubleshoot lazy loading responsive images only when entering the visible viewport threshold when debugging cross-browser edge cases?,javascript
How do you troubleshoot adjusting complex chart SVG layouts when container element resizes when debugging cross-browser edge cases?,javascript
How do you troubleshoot handling asynchronous writeText permission denials in non-secure HTTP contexts when debugging cross-browser edge cases?,javascript
How do you troubleshoot pausing background video streaming and animations when the tab is inactive when debugging cross-browser edge cases?,javascript
How do you troubleshoot sending analytical metrics safely during window beforeunload events when debugging cross-browser edge cases?,javascript
How do you troubleshoot measuring time to first byte and DOM content loaded timestamps accurately when debugging cross-browser edge cases?,javascript
How do you troubleshoot reading user-selected CSV files chunk-by-chunk using FileReader and chunk slicing when debugging cross-browser edge cases?,javascript
How do you troubleshoot piping readable data streams through a TransformStream to compress payloads when debugging cross-browser edge cases?,javascript
How do you troubleshoot controlling CSS keyframe animations programmatically with pause and reverse when debugging cross-browser edge cases?,javascript
How do you troubleshoot formatting localized dates and relative times using Intl.RelativeTimeFormat when debugging cross-browser edge cases?,javascript
How do you troubleshoot requesting browser push notification permissions and displaying notification toasts when debugging cross-browser edge cases?,javascript
How do you troubleshoot handling position error timeout and accuracy degradation on mobile browsers when debugging cross-browser edge cases?,javascript
How do you troubleshoot generating SHA-256 cryptographic hashes from user strings in vanilla JavaScript when debugging cross-browser edge cases?,javascript
How do you troubleshoot parsing and appending multi-value query strings without manually encoding URIs when debugging cross-browser edge cases?,javascript
"How do you troubleshoot handling touch, stylus, and mouse pointer cancellation during drag operations when debugging cross-browser edge cases?",javascript
How do you troubleshoot decoding raw audio data buffers and handling hardware audio output switches when debugging cross-browser edge cases?,javascript
How do you troubleshoot polling controller input state inside a continuous game loop when debugging cross-browser edge cases?,javascript
How do you troubleshoot capturing display media streams and handling user cancel stream events when debugging cross-browser edge cases?,javascript
How do you troubleshoot querying camera and microphone permission status without prompting the user when debugging cross-browser edge cases?,javascript
How do you troubleshoot handling webglcontextlost and restoring vertex buffer state upon recovery when debugging cross-browser edge cases?,javascript
Why does `flex-grow: 1` fail to expand a child container when the parent lacks an explicit height?,html / css
How do you fix z-index stacking context issues when a child with `z-index: 999` remains hidden behind a sibling?,html / css
Why does `position: sticky` stop working when any ancestor element has `overflow: hidden` applied?,html / css
How do you prevent layout shifts when responsive images load using `aspect-ratio` in modern CSS?,html / css
Why does `margin: auto` center elements in flexbox containers but fail in normal block flow without explicit width?,html / css
How do you center an element both horizontally and vertically using CSS Grid in a single container line?,html / css
Why does an inline-block element have an unavoidable 4px bottom gap inside its parent container?,html / css
How do you solve font-display flickering and layout jump during web font loading using `font-display: swap`?,html / css
Why does `100vh` cause vertical scrolling on mobile mobile browser address bar expansions?,html / css
"How do you use `min()`, `max()`, and `clamp()` to build fluid typography without media queries?",html / css
Why does `box-sizing: content-box` cause padding and borders to overflow the container width?,html / css
How do you style the native HTML `<dialog>` element modal backdrop using the `::backdrop` pseudo-element?,html / css
Why does `backdrop-filter: blur()` fail to blur content behind an element unless background color is translucent?,html / css
How do you build a pure CSS accordion with animated expansion using the HTML `<details>` and `<summary>` tags?,html / css
Why does `cursor: pointer` not appear on disabled `<button>` elements styled with `:disabled`?,html / css
How do you prevent text from overflowing its container using `text-overflow: ellipsis` and `white-space: nowrap`?,html / css
Why does `float: left` collapse the height of the parent element and how does a clearfix fix it?,html / css
How do you target dark mode user system preferences using CSS `@media (prefers-color-scheme: dark)`?,html / css
Why does `width: 100%` on an element with left and right padding cause horizontal scrollbars in standard box-sizing?,html / css
"How do you create a responsive multi-column grid that automatically wraps without media queries using `grid-template-columns: repeat(auto-fit, minmax(250px, 1fr))`?",html / css
Why does `transform: translate()` create a new stacking context that affects child `position: fixed` elements?,html / css
How do you style custom radio buttons and checkboxes while keeping the native input accessible to screen readers?,html / css
Why does `letter-spacing` add extra space after the final letter in a word causing subtle alignment offsets?,html / css
How do you load critical CSS inline while deferring non-critical external stylesheets to prevent render-blocking?,html / css
Why does applying `will-change: transform` excessively across many elements cause severe GPU memory exhaustion?,html / css
How do you enforce accessible color contrast ratios for text overlays according to WCAG AA guidelines?,html / css
Why does `line-height` without unit behave differently on child elements compared to `line-height: 1.5em`?,html / css
How do you prevent automatic phone number linking in mobile Safari using the `<meta name='format-detection'>` tag?,html / css
Why does `position: absolute` position an element relative to the viewport when no ancestor has `position: relative`?,html / css
How do you implement CSS Subgrid to align nested child elements across parent grid tracks?,html / css
Why does CSS specificity cause an ID selector to override chained class selectors regardless of cascade order?,html / css
How do you use CSS Container Queries to style a component based on its parent container width instead of the viewport?,html / css
Why does `opacity: 0` keep an element clickable in the DOM while `visibility: hidden` and `display: none` disable clicks?,html / css
How do you construct a responsive CSS masonry layout without using JavaScript?,html / css
Why does `overflow-y: scroll` always display an inactive scrollbar track on Windows browsers unlike `overflow-y: auto`?,html / css
How do you create smooth scroll behavior on an entire webpage using CSS `scroll-behavior: smooth`?,html / css
Why does a `<video>` tag fail to autoplay on modern browsers unless the `muted` attribute is explicitly added?,html / css
How do you implement visually hidden utility classes that hide text visually while keeping it readable for screen readers?,html / css
Why does CSS transition not animate when transitioning an element from `display: none` to `display: block`?,html / css
How do you handle safe-area insets on notched smartphone screens using `env(safe-area-inset-top)`?,html / css
Why does `hyphens: auto` fail to break long words unless the HTML tag contains a valid `lang` attribute?,html / css
How do you optimize critical rendering paths by preloading high-priority hero images with `<link rel='preload'>`?,html / css
Why does `user-select: none` prevent users from highlighting text while still allowing right-click context menus?,html / css
How do you create multi-line text truncation using `-webkit-line-clamp`?,html / css
Why does `scroll-snap-type: y mandatory` sometimes fail to snap correctly on dynamically loaded list items?,html / css
How do you style placeholder text inside input fields using the `::placeholder` pseudo-element?,html / css
Why does `content: ''` required for `::before` and `::after` pseudo-elements to render visibly on the page?,html / css
How do you create an accessible dropdown menu using proper ARIA attributes like `aria-expanded` and `aria-haspopup`?,html / css
Why does applying `filter: blur()` to a container element blur all child text and interactive elements inside it?,html / css
How do you reset default browser styling across all browsers using modern CSS resets like `box-sizing: border-box`?,html / css
How do you solve issues regarding handling responsive table horizontal scrolling without breaking outer card layout in cross-browser front-end layouts?,html / css
How do you solve issues regarding customizing scrollbar appearance using scrollbar-width and scrollbar-color in Firefox and WebKit in cross-browser front-end layouts?,html / css
How do you solve issues regarding preventing mobile viewport zoom on focus by ensuring input font-size is at least 16px in cross-browser front-end layouts?,html / css
How do you solve issues regarding implementing CSS scroll-driven animations using animation-timeline view() in cross-browser front-end layouts?,html / css
How do you solve issues regarding styling broken image placeholders using the img::before and img::after pseudo-elements in cross-browser front-end layouts?,html / css
How do you solve issues regarding preventing content shift during webfont load using font-size-adjust and size-adjust in cross-browser front-end layouts?,html / css
How do you solve issues regarding isolating CSS styles inside Web Components using shadow DOM scoped stylesheets in cross-browser front-end layouts?,html / css
How do you solve issues regarding handling high-DPI retina display images using srcset and sizes attributes on picture tags in cross-browser front-end layouts?,html / css
How do you solve issues regarding creating accessible breadcrumb navigation with semantic nav and ol elements in cross-browser front-end layouts?,html / css
How do you solve issues regarding handling CSS logical properties like margin-inline and padding-block for internationalization in cross-browser front-end layouts?,html / css
How do you solve issues regarding preventing cumulative layout shift when embedding third-party iframe advertisements in cross-browser front-end layouts?,html / css
How do you solve issues regarding using CSS variables to implement instant theme toggling without page reloading in cross-browser front-end layouts?,html / css
How do you solve issues regarding fixing overflow clipping issues when combining border-radius with overflow: hidden on tables in cross-browser front-end layouts?,html / css
How do you solve issues regarding styling form validation states using :user-invalid and :user-valid pseudo-classes in cross-browser front-end layouts?,html / css
How do you solve issues regarding implementing CSS blend modes using mix-blend-mode to overlay text on background graphics in cross-browser front-end layouts?,html / css
How do you solve issues regarding building accessible accordion tabs using role='tablist' and role='tabpanel' in cross-browser front-end layouts?,html / css
How do you solve issues regarding handling text wrapping on long continuous URLs using overflow-wrap: anywhere in cross-browser front-end layouts?,html / css
How do you solve issues regarding creating responsive multi-step checkout progress bars with pure CSS flexbox in cross-browser front-end layouts?,html / css
How do you solve issues regarding optimizing rendering performance of long scrolling feeds using content-visibility: auto in cross-browser front-end layouts?,html / css
How do you solve issues regarding managing CSS layer cascade precedence using @layer declarations in cross-browser front-end layouts?,html / css
Why does handling responsive table horizontal scrolling without breaking outer card layout cause unexpected rendering bugs on modern mobile browsers?,html / css
Why does customizing scrollbar appearance using scrollbar-width and scrollbar-color in Firefox and WebKit cause unexpected rendering bugs on modern mobile browsers?,html / css
Why does preventing mobile viewport zoom on focus by ensuring input font-size is at least 16px cause unexpected rendering bugs on modern mobile browsers?,html / css
Why does implementing CSS scroll-driven animations using animation-timeline view() cause unexpected rendering bugs on modern mobile browsers?,html / css
Why does styling broken image placeholders using the img::before and img::after pseudo-elements cause unexpected rendering bugs on modern mobile browsers?,html / css
Why does preventing content shift during webfont load using font-size-adjust and size-adjust cause unexpected rendering bugs on modern mobile browsers?,html / css
Why does isolating CSS styles inside Web Components using shadow DOM scoped stylesheets cause unexpected rendering bugs on modern mobile browsers?,html / css
Why does handling high-DPI retina display images using srcset and sizes attributes on picture tags cause unexpected rendering bugs on modern mobile browsers?,html / css
Why does creating accessible breadcrumb navigation with semantic nav and ol elements cause unexpected rendering bugs on modern mobile browsers?,html / css
Why does handling CSS logical properties like margin-inline and padding-block for internationalization cause unexpected rendering bugs on modern mobile browsers?,html / css
Why does preventing cumulative layout shift when embedding third-party iframe advertisements cause unexpected rendering bugs on modern mobile browsers?,html / css
Why does using CSS variables to implement instant theme toggling without page reloading cause unexpected rendering bugs on modern mobile browsers?,html / css
Why does fixing overflow clipping issues when combining border-radius with overflow: hidden on tables cause unexpected rendering bugs on modern mobile browsers?,html / css
Why does styling form validation states using :user-invalid and :user-valid pseudo-classes cause unexpected rendering bugs on modern mobile browsers?,html / css
Why does implementing CSS blend modes using mix-blend-mode to overlay text on background graphics cause unexpected rendering bugs on modern mobile browsers?,html / css
Why does building accessible accordion tabs using role='tablist' and role='tabpanel' cause unexpected rendering bugs on modern mobile browsers?,html / css
Why does handling text wrapping on long continuous URLs using overflow-wrap: anywhere cause unexpected rendering bugs on modern mobile browsers?,html / css
Why does creating responsive multi-step checkout progress bars with pure CSS flexbox cause unexpected rendering bugs on modern mobile browsers?,html / css
Why does optimizing rendering performance of long scrolling feeds using content-visibility: auto cause unexpected rendering bugs on modern mobile browsers?,html / css
Why does managing CSS layer cascade precedence using @layer declarations cause unexpected rendering bugs on modern mobile browsers?,html / css
What is the standard CSS approach for handling responsive table horizontal scrolling without breaking outer card layout without relying on external UI frameworks?,html / css
What is the standard CSS approach for customizing scrollbar appearance using scrollbar-width and scrollbar-color in Firefox and WebKit without relying on external UI frameworks?,html / css
What is the standard CSS approach for preventing mobile viewport zoom on focus by ensuring input font-size is at least 16px without relying on external UI frameworks?,html / css
What is the standard CSS approach for implementing CSS scroll-driven animations using animation-timeline view() without relying on external UI frameworks?,html / css
What is the standard CSS approach for styling broken image placeholders using the img::before and img::after pseudo-elements without relying on external UI frameworks?,html / css
What is the standard CSS approach for preventing content shift during webfont load using font-size-adjust and size-adjust without relying on external UI frameworks?,html / css
What is the standard CSS approach for isolating CSS styles inside Web Components using shadow DOM scoped stylesheets without relying on external UI frameworks?,html / css
What is the standard CSS approach for handling high-DPI retina display images using srcset and sizes attributes on picture tags without relying on external UI frameworks?,html / css
What is the standard CSS approach for creating accessible breadcrumb navigation with semantic nav and ol elements without relying on external UI frameworks?,html / css
What is the standard CSS approach for handling CSS logical properties like margin-inline and padding-block for internationalization without relying on external UI frameworks?,html / css
What is the standard CSS approach for preventing cumulative layout shift when embedding third-party iframe advertisements without relying on external UI frameworks?,html / css
What is the standard CSS approach for using CSS variables to implement instant theme toggling without page reloading without relying on external UI frameworks?,html / css
What is the standard CSS approach for fixing overflow clipping issues when combining border-radius with overflow: hidden on tables without relying on external UI frameworks?,html / css
What is the standard CSS approach for styling form validation states using :user-invalid and :user-valid pseudo-classes without relying on external UI frameworks?,html / css
What is the standard CSS approach for implementing CSS blend modes using mix-blend-mode to overlay text on background graphics without relying on external UI frameworks?,html / css
What is the standard CSS approach for building accessible accordion tabs using role='tablist' and role='tabpanel' without relying on external UI frameworks?,html / css
What is the standard CSS approach for handling text wrapping on long continuous URLs using overflow-wrap: anywhere without relying on external UI frameworks?,html / css
What is the standard CSS approach for creating responsive multi-step checkout progress bars with pure CSS flexbox without relying on external UI frameworks?,html / css
What is the standard CSS approach for optimizing rendering performance of long scrolling feeds using content-visibility: auto without relying on external UI frameworks?,html / css
What is the standard CSS approach for managing CSS layer cascade precedence using @layer declarations without relying on external UI frameworks?,html / css
How do you optimize user accessibility and styling when handling responsive table horizontal scrolling without breaking outer card layout in HTML5 templates?,html / css
How do you optimize user accessibility and styling when customizing scrollbar appearance using scrollbar-width and scrollbar-color in Firefox and WebKit in HTML5 templates?,html / css
How do you optimize user accessibility and styling when preventing mobile viewport zoom on focus by ensuring input font-size is at least 16px in HTML5 templates?,html / css
How do you optimize user accessibility and styling when implementing CSS scroll-driven animations using animation-timeline view() in HTML5 templates?,html / css
How do you optimize user accessibility and styling when styling broken image placeholders using the img::before and img::after pseudo-elements in HTML5 templates?,html / css
How do you optimize user accessibility and styling when preventing content shift during webfont load using font-size-adjust and size-adjust in HTML5 templates?,html / css
How do you optimize user accessibility and styling when isolating CSS styles inside Web Components using shadow DOM scoped stylesheets in HTML5 templates?,html / css
How do you optimize user accessibility and styling when handling high-DPI retina display images using srcset and sizes attributes on picture tags in HTML5 templates?,html / css
How do you optimize user accessibility and styling when creating accessible breadcrumb navigation with semantic nav and ol elements in HTML5 templates?,html / css
How do you optimize user accessibility and styling when handling CSS logical properties like margin-inline and padding-block for internationalization in HTML5 templates?,html / css
How do you optimize user accessibility and styling when preventing cumulative layout shift when embedding third-party iframe advertisements in HTML5 templates?,html / css
How do you optimize user accessibility and styling when using CSS variables to implement instant theme toggling without page reloading in HTML5 templates?,html / css
How do you optimize user accessibility and styling when fixing overflow clipping issues when combining border-radius with overflow: hidden on tables in HTML5 templates?,html / css
How do you optimize user accessibility and styling when styling form validation states using :user-invalid and :user-valid pseudo-classes in HTML5 templates?,html / css
How do you optimize user accessibility and styling when implementing CSS blend modes using mix-blend-mode to overlay text on background graphics in HTML5 templates?,html / css
How do you optimize user accessibility and styling when building accessible accordion tabs using role='tablist' and role='tabpanel' in HTML5 templates?,html / css
How do you optimize user accessibility and styling when handling text wrapping on long continuous URLs using overflow-wrap: anywhere in HTML5 templates?,html / css
How do you optimize user accessibility and styling when creating responsive multi-step checkout progress bars with pure CSS flexbox in HTML5 templates?,html / css
How do you optimize user accessibility and styling when optimizing rendering performance of long scrolling feeds using content-visibility: auto in HTML5 templates?,html / css
How do you optimize user accessibility and styling when managing CSS layer cascade precedence using @layer declarations in HTML5 templates?,html / css
What causes layout inconsistencies when handling responsive table horizontal scrolling without breaking outer card layout during dynamic screen resizing?,html / css
What causes layout inconsistencies when customizing scrollbar appearance using scrollbar-width and scrollbar-color in Firefox and WebKit during dynamic screen resizing?,html / css
What causes layout inconsistencies when preventing mobile viewport zoom on focus by ensuring input font-size is at least 16px during dynamic screen resizing?,html / css
What causes layout inconsistencies when implementing CSS scroll-driven animations using animation-timeline view() during dynamic screen resizing?,html / css
What causes layout inconsistencies when styling broken image placeholders using the img::before and img::after pseudo-elements during dynamic screen resizing?,html / css
What causes layout inconsistencies when preventing content shift during webfont load using font-size-adjust and size-adjust during dynamic screen resizing?,html / css
What causes layout inconsistencies when isolating CSS styles inside Web Components using shadow DOM scoped stylesheets during dynamic screen resizing?,html / css
What causes layout inconsistencies when handling high-DPI retina display images using srcset and sizes attributes on picture tags during dynamic screen resizing?,html / css
What causes layout inconsistencies when creating accessible breadcrumb navigation with semantic nav and ol elements during dynamic screen resizing?,html / css
What causes layout inconsistencies when handling CSS logical properties like margin-inline and padding-block for internationalization during dynamic screen resizing?,html / css
What causes layout inconsistencies when preventing cumulative layout shift when embedding third-party iframe advertisements during dynamic screen resizing?,html / css
What causes layout inconsistencies when using CSS variables to implement instant theme toggling without page reloading during dynamic screen resizing?,html / css
What causes layout inconsistencies when fixing overflow clipping issues when combining border-radius with overflow: hidden on tables during dynamic screen resizing?,html / css
What causes layout inconsistencies when styling form validation states using :user-invalid and :user-valid pseudo-classes during dynamic screen resizing?,html / css
What causes layout inconsistencies when implementing CSS blend modes using mix-blend-mode to overlay text on background graphics during dynamic screen resizing?,html / css
What causes layout inconsistencies when building accessible accordion tabs using role='tablist' and role='tabpanel' during dynamic screen resizing?,html / css
What causes layout inconsistencies when handling text wrapping on long continuous URLs using overflow-wrap: anywhere during dynamic screen resizing?,html / css
What causes layout inconsistencies when creating responsive multi-step checkout progress bars with pure CSS flexbox during dynamic screen resizing?,html / css
What causes layout inconsistencies when optimizing rendering performance of long scrolling feeds using content-visibility: auto during dynamic screen resizing?,html / css
What causes layout inconsistencies when managing CSS layer cascade precedence using @layer declarations during dynamic screen resizing?,html / css
Why is your Node.js process crashing silently without logging unhandled promise rejections?,node.js
How do you resolve `ERR_MODULE_NOT_FOUND` when importing ES modules without explicit file extensions in Node.js?,node.js
Why does reading a 5GB file using `fs.readFile` throw a `RangeError: File size is greater than 2 GB`?,node.js
How do you handle memory leaks caused by uncleaned event listeners inside long-running worker threads in Node.js?,node.js
Why does `process.nextTick` starve the I/O event loop when executed recursively in a Node backend?,node.js
How do you stream large database export files directly to an HTTP response using Node.js Transform streams?,node.js
Why does a CPU-intensive loop block all incoming HTTP network requests in a single-threaded Node.js server?,node.js
How do you offload heavy image processing operations to Node.js `worker_threads` without blocking the main event loop?,node.js
Why does `EventEmitter.emit` execute listeners synchronously instead of asynchronously by default?,node.js
How do you debug Node.js memory leaks using Chrome DevTools memory heap snapshots and `--inspect` flag?,node.js
Why does `cluster.fork()` fail to share in-memory JavaScript variables across worker processes?,node.js
How do you manage graceful shutdown in a Node.js server when receiving a `SIGTERM` or `SIGINT` signal?,node.js
Why does `npm install` fail with an `EACCES` permission denied error when installing global packages?,node.js
How do you resolve circular dependency deadlocks when using CommonJS `require()` in Node.js applications?,node.js
Why does `crypto.pbkdf2Sync` block event loop concurrency while `crypto.pbkdf2` allows non-blocking execution?,node.js
How do you handle backpressure when writing to a slow writable stream in Node.js using `stream.pipe` or `pipeline`?,node.js
Why does `fs.watch` fire duplicate change events on a single file modification on Windows and macOS?,node.js
How do you pass environment variables securely into a Node.js application using `.env` files and `process.env`?,node.js
Why does `Buffer.from()` allocate memory without zero-filling when using deprecated `new Buffer()` syntax?,node.js
How do you execute external shell commands securely without shell injection vulnerabilities using `child_process.execFile`?,node.js
Why does `JSON.parse` block the Node.js event loop when parsing massive 100MB string payloads?,node.js
How do you profile CPU bottlenecks in Node.js microservices using `clinic.js` or `0x` flamegraphs?,node.js
Why does `require.resolve` succeed while dynamic `import()` fails on conditional module loading?,node.js
How do you implement cluster-wide rate limiting in Node.js using Redis token bucket algorithms?,node.js
Why does `path.join` behave differently from `path.resolve` when handling leading slash path segments?,node.js
How do you monitor unhandled exceptions globally in Node.js using `process.on('uncaughtException')` safely?,node.js
Why does `node:v8` serialization outperform `JSON.stringify` when sharing objects between worker threads?,node.js
How do you limit heap memory consumption in a Node.js Docker container using `--max-old-space-size`?,node.js
Why does `dns.lookup` use synchronous system calls in the libuv threadpool instead of async `dns.resolve`?,node.js
How do you implement an async mutex lock in Node.js to synchronize file writes across asynchronous tasks?,node.js
How do you troubleshoot managing connection pool exhaustion in database drivers during high concurrent traffic in a production Node.js service?,node.js
How do you troubleshoot configuring libuv UV_THREADPOOL_SIZE for crypto and filesystem operations in a production Node.js service?,node.js
How do you troubleshoot handling ERR_STREAM_PREMATURE_CLOSE when client aborts an ongoing file download in a production Node.js service?,node.js
How do you troubleshoot parsing multipart form-data uploads without buffering entire files in memory in a production Node.js service?,node.js
How do you troubleshoot debugging socket hang up errors during long-running outbound HTTPS requests in a production Node.js service?,node.js
How do you troubleshoot handling memory bloat caused by global caching objects in long-lived microservices in a production Node.js service?,node.js
How do you troubleshoot implementing distributed tracing across microservices using OpenTelemetry Node SDK in a production Node.js service?,node.js
How do you troubleshoot configuring keep-alive agent timeouts to prevent TCP connection reset errors in a production Node.js service?,node.js
How do you troubleshoot validating incoming WebHook signatures securely using crypto.timingSafeEqual in a production Node.js service?,node.js
How do you troubleshoot handling uncaught rejection crashes in native addon N-API bindings in a production Node.js service?,node.js
How do you troubleshoot compressing outbound HTTP streaming responses using zlib Gzip streams in a production Node.js service?,node.js
How do you troubleshoot managing child process IPC communication using process.send and message events in a production Node.js service?,node.js
How do you troubleshoot profiling garbage collection pause durations using the --trace-gc diagnostic flag in a production Node.js service?,node.js
How do you troubleshoot handling TLS certificate verification errors when connecting to internal self-signed services in a production Node.js service?,node.js
How do you troubleshoot implementing worker thread pool recycling for bursty parallel data computations in a production Node.js service?,node.js
Why does managing connection pool exhaustion in database drivers during high concurrent traffic cause server instability under heavy API load in Node.js?,node.js
Why does configuring libuv UV_THREADPOOL_SIZE for crypto and filesystem operations cause server instability under heavy API load in Node.js?,node.js
Why does handling ERR_STREAM_PREMATURE_CLOSE when client aborts an ongoing file download cause server instability under heavy API load in Node.js?,node.js
Why does parsing multipart form-data uploads without buffering entire files in memory cause server instability under heavy API load in Node.js?,node.js
Why does debugging socket hang up errors during long-running outbound HTTPS requests cause server instability under heavy API load in Node.js?,node.js
Why does handling memory bloat caused by global caching objects in long-lived microservices cause server instability under heavy API load in Node.js?,node.js
Why does implementing distributed tracing across microservices using OpenTelemetry Node SDK cause server instability under heavy API load in Node.js?,node.js
Why does configuring keep-alive agent timeouts to prevent TCP connection reset errors cause server instability under heavy API load in Node.js?,node.js
Why does validating incoming WebHook signatures securely using crypto.timingSafeEqual cause server instability under heavy API load in Node.js?,node.js
Why does handling uncaught rejection crashes in native addon N-API bindings cause server instability under heavy API load in Node.js?,node.js
Why does compressing outbound HTTP streaming responses using zlib Gzip streams cause server instability under heavy API load in Node.js?,node.js
Why does managing child process IPC communication using process.send and message events cause server instability under heavy API load in Node.js?,node.js
Why does profiling garbage collection pause durations using the --trace-gc diagnostic flag cause server instability under heavy API load in Node.js?,node.js
Why does handling TLS certificate verification errors when connecting to internal self-signed services cause server instability under heavy API load in Node.js?,node.js
Why does implementing worker thread pool recycling for bursty parallel data computations cause server instability under heavy API load in Node.js?,node.js
What is the recommended design pattern for managing connection pool exhaustion in database drivers during high concurrent traffic in Node.js backends?,node.js
What is the recommended design pattern for configuring libuv UV_THREADPOOL_SIZE for crypto and filesystem operations in Node.js backends?,node.js
What is the recommended design pattern for handling ERR_STREAM_PREMATURE_CLOSE when client aborts an ongoing file download in Node.js backends?,node.js
What is the recommended design pattern for parsing multipart form-data uploads without buffering entire files in memory in Node.js backends?,node.js
What is the recommended design pattern for debugging socket hang up errors during long-running outbound HTTPS requests in Node.js backends?,node.js
What is the recommended design pattern for handling memory bloat caused by global caching objects in long-lived microservices in Node.js backends?,node.js
What is the recommended design pattern for implementing distributed tracing across microservices using OpenTelemetry Node SDK in Node.js backends?,node.js
What is the recommended design pattern for configuring keep-alive agent timeouts to prevent TCP connection reset errors in Node.js backends?,node.js
What is the recommended design pattern for validating incoming WebHook signatures securely using crypto.timingSafeEqual in Node.js backends?,node.js
What is the recommended design pattern for handling uncaught rejection crashes in native addon N-API bindings in Node.js backends?,node.js
What is the recommended design pattern for compressing outbound HTTP streaming responses using zlib Gzip streams in Node.js backends?,node.js
What is the recommended design pattern for managing child process IPC communication using process.send and message events in Node.js backends?,node.js
What is the recommended design pattern for profiling garbage collection pause durations using the --trace-gc diagnostic flag in Node.js backends?,node.js
What is the recommended design pattern for handling TLS certificate verification errors when connecting to internal self-signed services in Node.js backends?,node.js
What is the recommended design pattern for implementing worker thread pool recycling for bursty parallel data computations in Node.js backends?,node.js
How do you optimize performance when managing connection pool exhaustion in database drivers during high concurrent traffic in enterprise Node.js architectures?,node.js
How do you optimize performance when configuring libuv UV_THREADPOOL_SIZE for crypto and filesystem operations in enterprise Node.js architectures?,node.js
How do you optimize performance when handling ERR_STREAM_PREMATURE_CLOSE when client aborts an ongoing file download in enterprise Node.js architectures?,node.js
How do you optimize performance when parsing multipart form-data uploads without buffering entire files in memory in enterprise Node.js architectures?,node.js
How do you optimize performance when debugging socket hang up errors during long-running outbound HTTPS requests in enterprise Node.js architectures?,node.js
How do you optimize performance when handling memory bloat caused by global caching objects in long-lived microservices in enterprise Node.js architectures?,node.js
How do you optimize performance when implementing distributed tracing across microservices using OpenTelemetry Node SDK in enterprise Node.js architectures?,node.js
How do you optimize performance when configuring keep-alive agent timeouts to prevent TCP connection reset errors in enterprise Node.js architectures?,node.js
How do you optimize performance when validating incoming WebHook signatures securely using crypto.timingSafeEqual in enterprise Node.js architectures?,node.js
How do you optimize performance when handling uncaught rejection crashes in native addon N-API bindings in enterprise Node.js architectures?,node.js
How do you optimize performance when compressing outbound HTTP streaming responses using zlib Gzip streams in enterprise Node.js architectures?,node.js
How do you optimize performance when managing child process IPC communication using process.send and message events in enterprise Node.js architectures?,node.js
How do you optimize performance when profiling garbage collection pause durations using the --trace-gc diagnostic flag in enterprise Node.js architectures?,node.js
How do you optimize performance when handling TLS certificate verification errors when connecting to internal self-signed services in enterprise Node.js architectures?,node.js
How do you optimize performance when implementing worker thread pool recycling for bursty parallel data computations in enterprise Node.js architectures?,node.js
What causes latency spikes when managing connection pool exhaustion in database drivers during high concurrent traffic in Node.js event-driven applications?,node.js
What causes latency spikes when configuring libuv UV_THREADPOOL_SIZE for crypto and filesystem operations in Node.js event-driven applications?,node.js
What causes latency spikes when handling ERR_STREAM_PREMATURE_CLOSE when client aborts an ongoing file download in Node.js event-driven applications?,node.js
What causes latency spikes when parsing multipart form-data uploads without buffering entire files in memory in Node.js event-driven applications?,node.js
What causes latency spikes when debugging socket hang up errors during long-running outbound HTTPS requests in Node.js event-driven applications?,node.js
What causes latency spikes when handling memory bloat caused by global caching objects in long-lived microservices in Node.js event-driven applications?,node.js
What causes latency spikes when implementing distributed tracing across microservices using OpenTelemetry Node SDK in Node.js event-driven applications?,node.js
What causes latency spikes when configuring keep-alive agent timeouts to prevent TCP connection reset errors in Node.js event-driven applications?,node.js
What causes latency spikes when validating incoming WebHook signatures securely using crypto.timingSafeEqual in Node.js event-driven applications?,node.js
What causes latency spikes when handling uncaught rejection crashes in native addon N-API bindings in Node.js event-driven applications?,node.js
What causes latency spikes when compressing outbound HTTP streaming responses using zlib Gzip streams in Node.js event-driven applications?,node.js
What causes latency spikes when managing child process IPC communication using process.send and message events in Node.js event-driven applications?,node.js
What causes latency spikes when profiling garbage collection pause durations using the --trace-gc diagnostic flag in Node.js event-driven applications?,node.js
What causes latency spikes when handling TLS certificate verification errors when connecting to internal self-signed services in Node.js event-driven applications?,node.js
What causes latency spikes when implementing worker thread pool recycling for bursty parallel data computations in Node.js event-driven applications?,node.js
How do you prevent unexpected worker crashes when managing connection pool exhaustion in database drivers during high concurrent traffic in Node.js?,node.js
How do you prevent unexpected worker crashes when configuring libuv UV_THREADPOOL_SIZE for crypto and filesystem operations in Node.js?,node.js
How do you prevent unexpected worker crashes when handling ERR_STREAM_PREMATURE_CLOSE when client aborts an ongoing file download in Node.js?,node.js
How do you prevent unexpected worker crashes when parsing multipart form-data uploads without buffering entire files in memory in Node.js?,node.js
How do you prevent unexpected worker crashes when debugging socket hang up errors during long-running outbound HTTPS requests in Node.js?,node.js
How do you prevent unexpected worker crashes when handling memory bloat caused by global caching objects in long-lived microservices in Node.js?,node.js
How do you prevent unexpected worker crashes when implementing distributed tracing across microservices using OpenTelemetry Node SDK in Node.js?,node.js
How do you prevent unexpected worker crashes when configuring keep-alive agent timeouts to prevent TCP connection reset errors in Node.js?,node.js
How do you prevent unexpected worker crashes when validating incoming WebHook signatures securely using crypto.timingSafeEqual in Node.js?,node.js
How do you prevent unexpected worker crashes when handling uncaught rejection crashes in native addon N-API bindings in Node.js?,node.js
How do you prevent unexpected worker crashes when compressing outbound HTTP streaming responses using zlib Gzip streams in Node.js?,node.js
How do you prevent unexpected worker crashes when managing child process IPC communication using process.send and message events in Node.js?,node.js
How do you prevent unexpected worker crashes when profiling garbage collection pause durations using the --trace-gc diagnostic flag in Node.js?,node.js
How do you prevent unexpected worker crashes when handling TLS certificate verification errors when connecting to internal self-signed services in Node.js?,node.js
How do you prevent unexpected worker crashes when implementing worker thread pool recycling for bursty parallel data computations in Node.js?,node.js
How do you troubleshoot managing connection pool exhaustion in database drivers during high concurrent traffic in a production Node.js service in production applications?,node.js
How do you troubleshoot configuring libuv UV_THREADPOOL_SIZE for crypto and filesystem operations in a production Node.js service in production applications?,node.js
How do you troubleshoot handling ERR_STREAM_PREMATURE_CLOSE when client aborts an ongoing file download in a production Node.js service in production applications?,node.js
How do you troubleshoot parsing multipart form-data uploads without buffering entire files in memory in a production Node.js service in production applications?,node.js
How do you troubleshoot debugging socket hang up errors during long-running outbound HTTPS requests in a production Node.js service in production applications?,node.js
How do you troubleshoot handling memory bloat caused by global caching objects in long-lived microservices in a production Node.js service in production applications?,node.js
How do you troubleshoot implementing distributed tracing across microservices using OpenTelemetry Node SDK in a production Node.js service in production applications?,node.js
How do you troubleshoot configuring keep-alive agent timeouts to prevent TCP connection reset errors in a production Node.js service in production applications?,node.js
How do you troubleshoot validating incoming WebHook signatures securely using crypto.timingSafeEqual in a production Node.js service in production applications?,node.js
How do you troubleshoot handling uncaught rejection crashes in native addon N-API bindings in a production Node.js service in production applications?,node.js
How do you troubleshoot compressing outbound HTTP streaming responses using zlib Gzip streams in a production Node.js service in production applications?,node.js
How do you troubleshoot managing child process IPC communication using process.send and message events in a production Node.js service in production applications?,node.js
How do you troubleshoot profiling garbage collection pause durations using the --trace-gc diagnostic flag in a production Node.js service in production applications?,node.js
How do you troubleshoot handling TLS certificate verification errors when connecting to internal self-signed services in a production Node.js service in production applications?,node.js
How do you troubleshoot implementing worker thread pool recycling for bursty parallel data computations in a production Node.js service in production applications?,node.js
Why does managing connection pool exhaustion in database drivers during high concurrent traffic cause server instability under heavy API load in Node.js in production applications?,node.js
Why does configuring libuv UV_THREADPOOL_SIZE for crypto and filesystem operations cause server instability under heavy API load in Node.js in production applications?,node.js
Why does handling ERR_STREAM_PREMATURE_CLOSE when client aborts an ongoing file download cause server instability under heavy API load in Node.js in production applications?,node.js
Why does parsing multipart form-data uploads without buffering entire files in memory cause server instability under heavy API load in Node.js in production applications?,node.js
Why does debugging socket hang up errors during long-running outbound HTTPS requests cause server instability under heavy API load in Node.js in production applications?,node.js
Why does handling memory bloat caused by global caching objects in long-lived microservices cause server instability under heavy API load in Node.js in production applications?,node.js
Why does implementing distributed tracing across microservices using OpenTelemetry Node SDK cause server instability under heavy API load in Node.js in production applications?,node.js
Why does configuring keep-alive agent timeouts to prevent TCP connection reset errors cause server instability under heavy API load in Node.js in production applications?,node.js
Why does validating incoming WebHook signatures securely using crypto.timingSafeEqual cause server instability under heavy API load in Node.js in production applications?,node.js
Why does handling uncaught rejection crashes in native addon N-API bindings cause server instability under heavy API load in Node.js in production applications?,node.js
Why does compressing outbound HTTP streaming responses using zlib Gzip streams cause server instability under heavy API load in Node.js in production applications?,node.js
Why does managing child process IPC communication using process.send and message events cause server instability under heavy API load in Node.js in production applications?,node.js
Why does profiling garbage collection pause durations using the --trace-gc diagnostic flag cause server instability under heavy API load in Node.js in production applications?,node.js
Why does handling TLS certificate verification errors when connecting to internal self-signed services cause server instability under heavy API load in Node.js in production applications?,node.js
Why does implementing worker thread pool recycling for bursty parallel data computations cause server instability under heavy API load in Node.js in production applications?,node.js
What is the recommended design pattern for managing connection pool exhaustion in database drivers during high concurrent traffic in Node.js backends in production applications?,node.js
What is the recommended design pattern for configuring libuv UV_THREADPOOL_SIZE for crypto and filesystem operations in Node.js backends in production applications?,node.js
What is the recommended design pattern for handling ERR_STREAM_PREMATURE_CLOSE when client aborts an ongoing file download in Node.js backends in production applications?,node.js
What is the recommended design pattern for parsing multipart form-data uploads without buffering entire files in memory in Node.js backends in production applications?,node.js
What is the recommended design pattern for debugging socket hang up errors during long-running outbound HTTPS requests in Node.js backends in production applications?,node.js
What is the recommended design pattern for handling memory bloat caused by global caching objects in long-lived microservices in Node.js backends in production applications?,node.js
What is the recommended design pattern for implementing distributed tracing across microservices using OpenTelemetry Node SDK in Node.js backends in production applications?,node.js
What is the recommended design pattern for configuring keep-alive agent timeouts to prevent TCP connection reset errors in Node.js backends in production applications?,node.js
What is the recommended design pattern for validating incoming WebHook signatures securely using crypto.timingSafeEqual in Node.js backends in production applications?,node.js
What is the recommended design pattern for handling uncaught rejection crashes in native addon N-API bindings in Node.js backends in production applications?,node.js
What is the recommended design pattern for compressing outbound HTTP streaming responses using zlib Gzip streams in Node.js backends in production applications?,node.js
What is the recommended design pattern for managing child process IPC communication using process.send and message events in Node.js backends in production applications?,node.js
What is the recommended design pattern for profiling garbage collection pause durations using the --trace-gc diagnostic flag in Node.js backends in production applications?,node.js
What is the recommended design pattern for handling TLS certificate verification errors when connecting to internal self-signed services in Node.js backends in production applications?,node.js
What is the recommended design pattern for implementing worker thread pool recycling for bursty parallel data computations in Node.js backends in production applications?,node.js
How do you optimize performance when managing connection pool exhaustion in database drivers during high concurrent traffic in enterprise Node.js architectures in production applications?,node.js
How do you optimize performance when configuring libuv UV_THREADPOOL_SIZE for crypto and filesystem operations in enterprise Node.js architectures in production applications?,node.js
How do you optimize performance when handling ERR_STREAM_PREMATURE_CLOSE when client aborts an ongoing file download in enterprise Node.js architectures in production applications?,node.js
How do you optimize performance when parsing multipart form-data uploads without buffering entire files in memory in enterprise Node.js architectures in production applications?,node.js
How do you optimize performance when debugging socket hang up errors during long-running outbound HTTPS requests in enterprise Node.js architectures in production applications?,node.js
How do you optimize performance when handling memory bloat caused by global caching objects in long-lived microservices in enterprise Node.js architectures in production applications?,node.js
How do you optimize performance when implementing distributed tracing across microservices using OpenTelemetry Node SDK in enterprise Node.js architectures in production applications?,node.js
How do you optimize performance when configuring keep-alive agent timeouts to prevent TCP connection reset errors in enterprise Node.js architectures in production applications?,node.js
How do you optimize performance when validating incoming WebHook signatures securely using crypto.timingSafeEqual in enterprise Node.js architectures in production applications?,node.js
How do you optimize performance when handling uncaught rejection crashes in native addon N-API bindings in enterprise Node.js architectures in production applications?,node.js
How do you optimize performance when compressing outbound HTTP streaming responses using zlib Gzip streams in enterprise Node.js architectures in production applications?,node.js
How do you optimize performance when managing child process IPC communication using process.send and message events in enterprise Node.js architectures in production applications?,node.js
How do you optimize performance when profiling garbage collection pause durations using the --trace-gc diagnostic flag in enterprise Node.js architectures in production applications?,node.js
How do you optimize performance when handling TLS certificate verification errors when connecting to internal self-signed services in enterprise Node.js architectures in production applications?,node.js
How do you optimize performance when implementing worker thread pool recycling for bursty parallel data computations in enterprise Node.js architectures in production applications?,node.js
What causes latency spikes when managing connection pool exhaustion in database drivers during high concurrent traffic in Node.js event-driven applications in production applications?,node.js
What causes latency spikes when configuring libuv UV_THREADPOOL_SIZE for crypto and filesystem operations in Node.js event-driven applications in production applications?,node.js
What causes latency spikes when handling ERR_STREAM_PREMATURE_CLOSE when client aborts an ongoing file download in Node.js event-driven applications in production applications?,node.js
What causes latency spikes when parsing multipart form-data uploads without buffering entire files in memory in Node.js event-driven applications in production applications?,node.js
What causes latency spikes when debugging socket hang up errors during long-running outbound HTTPS requests in Node.js event-driven applications in production applications?,node.js
What causes latency spikes when handling memory bloat caused by global caching objects in long-lived microservices in Node.js event-driven applications in production applications?,node.js
What causes latency spikes when implementing distributed tracing across microservices using OpenTelemetry Node SDK in Node.js event-driven applications in production applications?,node.js
What causes latency spikes when configuring keep-alive agent timeouts to prevent TCP connection reset errors in Node.js event-driven applications in production applications?,node.js
What causes latency spikes when validating incoming WebHook signatures securely using crypto.timingSafeEqual in Node.js event-driven applications in production applications?,node.js
What causes latency spikes when handling uncaught rejection crashes in native addon N-API bindings in Node.js event-driven applications in production applications?,node.js
What causes latency spikes when compressing outbound HTTP streaming responses using zlib Gzip streams in Node.js event-driven applications in production applications?,node.js
What causes latency spikes when managing child process IPC communication using process.send and message events in Node.js event-driven applications in production applications?,node.js
What causes latency spikes when profiling garbage collection pause durations using the --trace-gc diagnostic flag in Node.js event-driven applications in production applications?,node.js
What causes latency spikes when handling TLS certificate verification errors when connecting to internal self-signed services in Node.js event-driven applications in production applications?,node.js
What causes latency spikes when implementing worker thread pool recycling for bursty parallel data computations in Node.js event-driven applications in production applications?,node.js
How do you prevent unexpected worker crashes when managing connection pool exhaustion in database drivers during high concurrent traffic in Node.js in production applications?,node.js
How do you prevent unexpected worker crashes when configuring libuv UV_THREADPOOL_SIZE for crypto and filesystem operations in Node.js in production applications?,node.js
How do you prevent unexpected worker crashes when handling ERR_STREAM_PREMATURE_CLOSE when client aborts an ongoing file download in Node.js in production applications?,node.js
How do you prevent unexpected worker crashes when parsing multipart form-data uploads without buffering entire files in memory in Node.js in production applications?,node.js
How do you prevent unexpected worker crashes when debugging socket hang up errors during long-running outbound HTTPS requests in Node.js in production applications?,node.js
Why does component state reset to its initial value on every re-render when using an inline object as a default prop?,react
How do you resolve the 'Cannot update a component while rendering a different component' warning in React?,react
Why does `useEffect` trigger an infinite re-render loop when updating a state array fetched from an API?,react
How do you prevent unnecessary re-renders of child components using `React.memo` and `useCallback`?,react
Why does accessing state immediately after calling `setState` return the previous stale value?,react
How do you fix the 'Objects are not valid as a React child' error when rendering an API response object?,react
Why does using array indices as `key` props cause state corruption when reordering or deleting list items?,react
How do you manage complex form state in React without causing full-page re-renders on every keystroke?,react
Why does `useRef` not trigger a component re-render when its `.current` property is mutated?,react
How do you handle asynchronous data fetching race conditions in `useEffect` using an active boolean flag or cleanup function?,react
Why does React StrictMode render functional components twice in development environments?,react
How do you create an error boundary component in React to catch runtime rendering errors gracefully?,react
Why does `useMemo` fail to improve performance if the dependency array includes unstable object references?,react
How do you forward DOM element refs to child components using `React.forwardRef`?,react
Why does React warn 'Can't perform a React state update on an unmounted component'?,react
How do you share state globally between distant components using React Context without triggering unnecessary re-renders?,react
Why does batching state updates in React 18 behave differently across asynchronous setTimeout callbacks?,react
How do you implement optimistic UI updates in React while maintaining a rollback state if the server mutation fails?,react
Why does a controlled input fail to update its displayed value if the `onChange` handler is omitted?,react
How do you reset a component's internal state automatically when a selected user ID prop changes by using the `key` prop?,react
Why does `useLayoutEffect` block visual painting while `useEffect` runs asynchronously after the paint?,react
How do you implement code-splitting and lazy loading of route components using `React.lazy` and `Suspense`?,react
Why does mutating an array in state with `.push()` fail to trigger a re-render in React?,react
How do you build a custom React hook to sync state values with browser `localStorage` seamlessly?,react
Why does calling a custom hook conditionally inside an `if` block violate the Rules of Hooks?,react
How do you integrate third-party non-React imperative DOM libraries inside a React component using `useRef`?,react
Why does `ReactDOM.createPortal` render children into a different DOM subtree while maintaining React event bubbling?,react
How do you optimize sluggish interactive inputs in React 18 using `useDeferredValue` and `useTransition`?,react
Why does an inline arrow function in JSX props create a new function instance on every render?,react
How do you maintain scroll position in a long list component when navigating between React routes?,react
How do you resolve issues with synchronizing form validation errors across nested child components in React in React front-end development?,react
How do you resolve issues with managing server cache synchronization and revalidation using TanStack React Query in React front-end development?,react
How do you resolve issues with handling infinite scroll pagination with intersection observers inside React components in React front-end development?,react
How do you resolve issues with preventing stale closure bugs inside useEffect and setInterval callbacks in React front-end development?,react
How do you resolve issues with animating component enter and exit transitions smoothly using Framer Motion in React front-end development?,react
How do you resolve issues with managing keyboard accessibility and focus trapping in React modal dialogs in React front-end development?,react
How do you resolve issues with refactoring large Redux boilerplate using Redux Toolkit slices and RTK Query in React front-end development?,react
How do you resolve issues with handling dynamic theme switching using CSS variables combined with React Context in React front-end development?,react
How do you resolve issues with preventing memory leaks in React web apps when listening to WebSocket streams in React front-end development?,react
How do you resolve issues with handling multi-step wizard state persistence across component unmounts in React front-end development?,react
How do you resolve issues with debugging unexpected re-renders using the React Developer Tools Profiler flamegraph in React front-end development?,react
How do you resolve issues with implementing accessible drag-and-drop interfaces in React using dnd kit in React front-end development?,react
How do you resolve issues with handling file upload progress bars inside custom React drag-and-drop dropzones in React front-end development?,react
How do you resolve issues with optimizing large table renders with thousands of rows using React Window virtualization in React front-end development?,react
How do you resolve issues with building compound component patterns in React using React.Children and Context in React front-end development?,react
Why does synchronizing form validation errors across nested child components in React cause unexpected rendering glitches in complex React applications?,react
Why does managing server cache synchronization and revalidation using TanStack React Query cause unexpected rendering glitches in complex React applications?,react
Why does handling infinite scroll pagination with intersection observers inside React components cause unexpected rendering glitches in complex React applications?,react
Why does preventing stale closure bugs inside useEffect and setInterval callbacks cause unexpected rendering glitches in complex React applications?,react
Why does animating component enter and exit transitions smoothly using Framer Motion cause unexpected rendering glitches in complex React applications?,react
Why does managing keyboard accessibility and focus trapping in React modal dialogs cause unexpected rendering glitches in complex React applications?,react
Why does refactoring large Redux boilerplate using Redux Toolkit slices and RTK Query cause unexpected rendering glitches in complex React applications?,react
Why does handling dynamic theme switching using CSS variables combined with React Context cause unexpected rendering glitches in complex React applications?,react
Why does preventing memory leaks in React web apps when listening to WebSocket streams cause unexpected rendering glitches in complex React applications?,react
Why does handling multi-step wizard state persistence across component unmounts cause unexpected rendering glitches in complex React applications?,react
Why does debugging unexpected re-renders using the React Developer Tools Profiler flamegraph cause unexpected rendering glitches in complex React applications?,react
Why does implementing accessible drag-and-drop interfaces in React using dnd kit cause unexpected rendering glitches in complex React applications?,react
Why does handling file upload progress bars inside custom React drag-and-drop dropzones cause unexpected rendering glitches in complex React applications?,react
Why does optimizing large table renders with thousands of rows using React Window virtualization cause unexpected rendering glitches in complex React applications?,react
Why does building compound component patterns in React using React.Children and Context cause unexpected rendering glitches in complex React applications?,react
What is the recommended hook pattern for synchronizing form validation errors across nested child components in React in modern React?,react
What is the recommended hook pattern for managing server cache synchronization and revalidation using TanStack React Query in modern React?,react
What is the recommended hook pattern for handling infinite scroll pagination with intersection observers inside React components in modern React?,react
What is the recommended hook pattern for preventing stale closure bugs inside useEffect and setInterval callbacks in modern React?,react
What is the recommended hook pattern for animating component enter and exit transitions smoothly using Framer Motion in modern React?,react
What is the recommended hook pattern for managing keyboard accessibility and focus trapping in React modal dialogs in modern React?,react
What is the recommended hook pattern for refactoring large Redux boilerplate using Redux Toolkit slices and RTK Query in modern React?,react
What is the recommended hook pattern for handling dynamic theme switching using CSS variables combined with React Context in modern React?,react
What is the recommended hook pattern for preventing memory leaks in React web apps when listening to WebSocket streams in modern React?,react
What is the recommended hook pattern for handling multi-step wizard state persistence across component unmounts in modern React?,react
What is the recommended hook pattern for debugging unexpected re-renders using the React Developer Tools Profiler flamegraph in modern React?,react
What is the recommended hook pattern for implementing accessible drag-and-drop interfaces in React using dnd kit in modern React?,react
What is the recommended hook pattern for handling file upload progress bars inside custom React drag-and-drop dropzones in modern React?,react
What is the recommended hook pattern for optimizing large table renders with thousands of rows using React Window virtualization in modern React?,react
What is the recommended hook pattern for building compound component patterns in React using React.Children and Context in modern React?,react
How do you optimize component performance when synchronizing form validation errors across nested child components in React in React?,react
How do you optimize component performance when managing server cache synchronization and revalidation using TanStack React Query in React?,react
How do you optimize component performance when handling infinite scroll pagination with intersection observers inside React components in React?,react
How do you optimize component performance when preventing stale closure bugs inside useEffect and setInterval callbacks in React?,react
How do you optimize component performance when animating component enter and exit transitions smoothly using Framer Motion in React?,react
How do you optimize component performance when managing keyboard accessibility and focus trapping in React modal dialogs in React?,react
How do you optimize component performance when refactoring large Redux boilerplate using Redux Toolkit slices and RTK Query in React?,react
How do you optimize component performance when handling dynamic theme switching using CSS variables combined with React Context in React?,react
How do you optimize component performance when preventing memory leaks in React web apps when listening to WebSocket streams in React?,react
How do you optimize component performance when handling multi-step wizard state persistence across component unmounts in React?,react
How do you optimize component performance when debugging unexpected re-renders using the React Developer Tools Profiler flamegraph in React?,react
How do you optimize component performance when implementing accessible drag-and-drop interfaces in React using dnd kit in React?,react
How do you optimize component performance when handling file upload progress bars inside custom React drag-and-drop dropzones in React?,react
How do you optimize component performance when optimizing large table renders with thousands of rows using React Window virtualization in React?,react
How do you optimize component performance when building compound component patterns in React using React.Children and Context in React?,react
What causes state synchronization bugs when synchronizing form validation errors across nested child components in React in React applications?,react
What causes state synchronization bugs when managing server cache synchronization and revalidation using TanStack React Query in React applications?,react
What causes state synchronization bugs when handling infinite scroll pagination with intersection observers inside React components in React applications?,react
What causes state synchronization bugs when preventing stale closure bugs inside useEffect and setInterval callbacks in React applications?,react
What causes state synchronization bugs when animating component enter and exit transitions smoothly using Framer Motion in React applications?,react
What causes state synchronization bugs when managing keyboard accessibility and focus trapping in React modal dialogs in React applications?,react
What causes state synchronization bugs when refactoring large Redux boilerplate using Redux Toolkit slices and RTK Query in React applications?,react
What causes state synchronization bugs when handling dynamic theme switching using CSS variables combined with React Context in React applications?,react
What causes state synchronization bugs when preventing memory leaks in React web apps when listening to WebSocket streams in React applications?,react
What causes state synchronization bugs when handling multi-step wizard state persistence across component unmounts in React applications?,react
What causes state synchronization bugs when debugging unexpected re-renders using the React Developer Tools Profiler flamegraph in React applications?,react
What causes state synchronization bugs when implementing accessible drag-and-drop interfaces in React using dnd kit in React applications?,react
What causes state synchronization bugs when handling file upload progress bars inside custom React drag-and-drop dropzones in React applications?,react
What causes state synchronization bugs when optimizing large table renders with thousands of rows using React Window virtualization in React applications?,react
What causes state synchronization bugs when building compound component patterns in React using React.Children and Context in React applications?,react
How do you write clean unit tests for synchronizing form validation errors across nested child components in React using React Testing Library?,react
How do you write clean unit tests for managing server cache synchronization and revalidation using TanStack React Query using React Testing Library?,react
How do you write clean unit tests for handling infinite scroll pagination with intersection observers inside React components using React Testing Library?,react
How do you write clean unit tests for preventing stale closure bugs inside useEffect and setInterval callbacks using React Testing Library?,react
How do you write clean unit tests for animating component enter and exit transitions smoothly using Framer Motion using React Testing Library?,react
How do you write clean unit tests for managing keyboard accessibility and focus trapping in React modal dialogs using React Testing Library?,react
How do you write clean unit tests for refactoring large Redux boilerplate using Redux Toolkit slices and RTK Query using React Testing Library?,react
How do you write clean unit tests for handling dynamic theme switching using CSS variables combined with React Context using React Testing Library?,react
How do you write clean unit tests for preventing memory leaks in React web apps when listening to WebSocket streams using React Testing Library?,react
How do you write clean unit tests for handling multi-step wizard state persistence across component unmounts using React Testing Library?,react
How do you write clean unit tests for debugging unexpected re-renders using the React Developer Tools Profiler flamegraph using React Testing Library?,react
How do you write clean unit tests for implementing accessible drag-and-drop interfaces in React using dnd kit using React Testing Library?,react
How do you write clean unit tests for handling file upload progress bars inside custom React drag-and-drop dropzones using React Testing Library?,react
How do you write clean unit tests for optimizing large table renders with thousands of rows using React Window virtualization using React Testing Library?,react
How do you write clean unit tests for building compound component patterns in React using React.Children and Context using React Testing Library?,react
How do you prevent memory leaks and unhandled errors when synchronizing form validation errors across nested child components in React in React?,react
How do you prevent memory leaks and unhandled errors when managing server cache synchronization and revalidation using TanStack React Query in React?,react
How do you prevent memory leaks and unhandled errors when handling infinite scroll pagination with intersection observers inside React components in React?,react
How do you prevent memory leaks and unhandled errors when preventing stale closure bugs inside useEffect and setInterval callbacks in React?,react
How do you prevent memory leaks and unhandled errors when animating component enter and exit transitions smoothly using Framer Motion in React?,react
How do you prevent memory leaks and unhandled errors when managing keyboard accessibility and focus trapping in React modal dialogs in React?,react
How do you prevent memory leaks and unhandled errors when refactoring large Redux boilerplate using Redux Toolkit slices and RTK Query in React?,react
How do you prevent memory leaks and unhandled errors when handling dynamic theme switching using CSS variables combined with React Context in React?,react
How do you prevent memory leaks and unhandled errors when preventing memory leaks in React web apps when listening to WebSocket streams in React?,react
How do you prevent memory leaks and unhandled errors when handling multi-step wizard state persistence across component unmounts in React?,react
How do you prevent memory leaks and unhandled errors when debugging unexpected re-renders using the React Developer Tools Profiler flamegraph in React?,react
How do you prevent memory leaks and unhandled errors when implementing accessible drag-and-drop interfaces in React using dnd kit in React?,react
How do you prevent memory leaks and unhandled errors when handling file upload progress bars inside custom React drag-and-drop dropzones in React?,react
How do you prevent memory leaks and unhandled errors when optimizing large table renders with thousands of rows using React Window virtualization in React?,react
How do you prevent memory leaks and unhandled errors when building compound component patterns in React using React.Children and Context in React?,react
How do you resolve issues with synchronizing form validation errors across nested child components in React in React front-end development in production applications?,react
How do you resolve issues with managing server cache synchronization and revalidation using TanStack React Query in React front-end development in production applications?,react
How do you resolve issues with handling infinite scroll pagination with intersection observers inside React components in React front-end development in production applications?,react
How do you resolve issues with preventing stale closure bugs inside useEffect and setInterval callbacks in React front-end development in production applications?,react
How do you resolve issues with animating component enter and exit transitions smoothly using Framer Motion in React front-end development in production applications?,react
How do you resolve issues with managing keyboard accessibility and focus trapping in React modal dialogs in React front-end development in production applications?,react
How do you resolve issues with refactoring large Redux boilerplate using Redux Toolkit slices and RTK Query in React front-end development in production applications?,react
How do you resolve issues with handling dynamic theme switching using CSS variables combined with React Context in React front-end development in production applications?,react
How do you resolve issues with preventing memory leaks in React web apps when listening to WebSocket streams in React front-end development in production applications?,react
How do you resolve issues with handling multi-step wizard state persistence across component unmounts in React front-end development in production applications?,react
How do you resolve issues with debugging unexpected re-renders using the React Developer Tools Profiler flamegraph in React front-end development in production applications?,react
How do you resolve issues with implementing accessible drag-and-drop interfaces in React using dnd kit in React front-end development in production applications?,react
How do you resolve issues with handling file upload progress bars inside custom React drag-and-drop dropzones in React front-end development in production applications?,react
How do you resolve issues with optimizing large table renders with thousands of rows using React Window virtualization in React front-end development in production applications?,react
How do you resolve issues with building compound component patterns in React using React.Children and Context in React front-end development in production applications?,react
Why does synchronizing form validation errors across nested child components in React cause unexpected rendering glitches in complex React applications in production applications?,react
Why does managing server cache synchronization and revalidation using TanStack React Query cause unexpected rendering glitches in complex React applications in production applications?,react
Why does handling infinite scroll pagination with intersection observers inside React components cause unexpected rendering glitches in complex React applications in production applications?,react
Why does preventing stale closure bugs inside useEffect and setInterval callbacks cause unexpected rendering glitches in complex React applications in production applications?,react
Why does animating component enter and exit transitions smoothly using Framer Motion cause unexpected rendering glitches in complex React applications in production applications?,react
Why does managing keyboard accessibility and focus trapping in React modal dialogs cause unexpected rendering glitches in complex React applications in production applications?,react
Why does refactoring large Redux boilerplate using Redux Toolkit slices and RTK Query cause unexpected rendering glitches in complex React applications in production applications?,react
Why does handling dynamic theme switching using CSS variables combined with React Context cause unexpected rendering glitches in complex React applications in production applications?,react
Why does preventing memory leaks in React web apps when listening to WebSocket streams cause unexpected rendering glitches in complex React applications in production applications?,react
Why does handling multi-step wizard state persistence across component unmounts cause unexpected rendering glitches in complex React applications in production applications?,react
Why does debugging unexpected re-renders using the React Developer Tools Profiler flamegraph cause unexpected rendering glitches in complex React applications in production applications?,react
Why does implementing accessible drag-and-drop interfaces in React using dnd kit cause unexpected rendering glitches in complex React applications in production applications?,react
Why does handling file upload progress bars inside custom React drag-and-drop dropzones cause unexpected rendering glitches in complex React applications in production applications?,react
Why does optimizing large table renders with thousands of rows using React Window virtualization cause unexpected rendering glitches in complex React applications in production applications?,react
Why does building compound component patterns in React using React.Children and Context cause unexpected rendering glitches in complex React applications in production applications?,react
What is the recommended hook pattern for synchronizing form validation errors across nested child components in React in modern React in production applications?,react
What is the recommended hook pattern for managing server cache synchronization and revalidation using TanStack React Query in modern React in production applications?,react
What is the recommended hook pattern for handling infinite scroll pagination with intersection observers inside React components in modern React in production applications?,react
What is the recommended hook pattern for preventing stale closure bugs inside useEffect and setInterval callbacks in modern React in production applications?,react
What is the recommended hook pattern for animating component enter and exit transitions smoothly using Framer Motion in modern React in production applications?,react
What is the recommended hook pattern for managing keyboard accessibility and focus trapping in React modal dialogs in modern React in production applications?,react
What is the recommended hook pattern for refactoring large Redux boilerplate using Redux Toolkit slices and RTK Query in modern React in production applications?,react
What is the recommended hook pattern for handling dynamic theme switching using CSS variables combined with React Context in modern React in production applications?,react
What is the recommended hook pattern for preventing memory leaks in React web apps when listening to WebSocket streams in modern React in production applications?,react
What is the recommended hook pattern for handling multi-step wizard state persistence across component unmounts in modern React in production applications?,react
What is the recommended hook pattern for debugging unexpected re-renders using the React Developer Tools Profiler flamegraph in modern React in production applications?,react
What is the recommended hook pattern for implementing accessible drag-and-drop interfaces in React using dnd kit in modern React in production applications?,react
What is the recommended hook pattern for handling file upload progress bars inside custom React drag-and-drop dropzones in modern React in production applications?,react
What is the recommended hook pattern for optimizing large table renders with thousands of rows using React Window virtualization in modern React in production applications?,react
What is the recommended hook pattern for building compound component patterns in React using React.Children and Context in modern React in production applications?,react
How do you optimize component performance when synchronizing form validation errors across nested child components in React in React in production applications?,react
How do you optimize component performance when managing server cache synchronization and revalidation using TanStack React Query in React in production applications?,react
How do you optimize component performance when handling infinite scroll pagination with intersection observers inside React components in React in production applications?,react
How do you optimize component performance when preventing stale closure bugs inside useEffect and setInterval callbacks in React in production applications?,react
How do you optimize component performance when animating component enter and exit transitions smoothly using Framer Motion in React in production applications?,react
How do you optimize component performance when managing keyboard accessibility and focus trapping in React modal dialogs in React in production applications?,react
How do you optimize component performance when refactoring large Redux boilerplate using Redux Toolkit slices and RTK Query in React in production applications?,react
How do you optimize component performance when handling dynamic theme switching using CSS variables combined with React Context in React in production applications?,react
How do you optimize component performance when preventing memory leaks in React web apps when listening to WebSocket streams in React in production applications?,react
How do you optimize component performance when handling multi-step wizard state persistence across component unmounts in React in production applications?,react
How do you optimize component performance when debugging unexpected re-renders using the React Developer Tools Profiler flamegraph in React in production applications?,react
How do you optimize component performance when implementing accessible drag-and-drop interfaces in React using dnd kit in React in production applications?,react
How do you optimize component performance when handling file upload progress bars inside custom React drag-and-drop dropzones in React in production applications?,react
How do you optimize component performance when optimizing large table renders with thousands of rows using React Window virtualization in React in production applications?,react
How do you optimize component performance when building compound component patterns in React using React.Children and Context in React in production applications?,react
What causes state synchronization bugs when synchronizing form validation errors across nested child components in React in React applications in production applications?,react
What causes state synchronization bugs when managing server cache synchronization and revalidation using TanStack React Query in React applications in production applications?,react
What causes state synchronization bugs when handling infinite scroll pagination with intersection observers inside React components in React applications in production applications?,react
What causes state synchronization bugs when preventing stale closure bugs inside useEffect and setInterval callbacks in React applications in production applications?,react
What causes state synchronization bugs when animating component enter and exit transitions smoothly using Framer Motion in React applications in production applications?,react
What causes state synchronization bugs when managing keyboard accessibility and focus trapping in React modal dialogs in React applications in production applications?,react
What causes state synchronization bugs when refactoring large Redux boilerplate using Redux Toolkit slices and RTK Query in React applications in production applications?,react
What causes state synchronization bugs when handling dynamic theme switching using CSS variables combined with React Context in React applications in production applications?,react
What causes state synchronization bugs when preventing memory leaks in React web apps when listening to WebSocket streams in React applications in production applications?,react
What causes state synchronization bugs when handling multi-step wizard state persistence across component unmounts in React applications in production applications?,react
What causes state synchronization bugs when debugging unexpected re-renders using the React Developer Tools Profiler flamegraph in React applications in production applications?,react
What causes state synchronization bugs when implementing accessible drag-and-drop interfaces in React using dnd kit in React applications in production applications?,react
What causes state synchronization bugs when handling file upload progress bars inside custom React drag-and-drop dropzones in React applications in production applications?,react
What causes state synchronization bugs when optimizing large table renders with thousands of rows using React Window virtualization in React applications in production applications?,react
What causes state synchronization bugs when building compound component patterns in React using React.Children and Context in React applications in production applications?,react
How do you write clean unit tests for synchronizing form validation errors across nested child components in React using React Testing Library in production applications?,react
How do you write clean unit tests for managing server cache synchronization and revalidation using TanStack React Query using React Testing Library in production applications?,react
How do you write clean unit tests for handling infinite scroll pagination with intersection observers inside React components using React Testing Library in production applications?,react
How do you write clean unit tests for preventing stale closure bugs inside useEffect and setInterval callbacks using React Testing Library in production applications?,react
How do you write clean unit tests for animating component enter and exit transitions smoothly using Framer Motion using React Testing Library in production applications?,react
How do you write clean unit tests for managing keyboard accessibility and focus trapping in React modal dialogs using React Testing Library in production applications?,react
How do you write clean unit tests for refactoring large Redux boilerplate using Redux Toolkit slices and RTK Query using React Testing Library in production applications?,react
How do you write clean unit tests for handling dynamic theme switching using CSS variables combined with React Context using React Testing Library in production applications?,react
How do you write clean unit tests for preventing memory leaks in React web apps when listening to WebSocket streams using React Testing Library in production applications?,react
How do you write clean unit tests for handling multi-step wizard state persistence across component unmounts using React Testing Library in production applications?,react
How do you write clean unit tests for debugging unexpected re-renders using the React Developer Tools Profiler flamegraph using React Testing Library in production applications?,react
How do you write clean unit tests for implementing accessible drag-and-drop interfaces in React using dnd kit using React Testing Library in production applications?,react
How do you write clean unit tests for handling file upload progress bars inside custom React drag-and-drop dropzones using React Testing Library in production applications?,react
How do you write clean unit tests for optimizing large table renders with thousands of rows using React Window virtualization using React Testing Library in production applications?,react
How do you write clean unit tests for building compound component patterns in React using React.Children and Context using React Testing Library in production applications?,react
How do you prevent memory leaks and unhandled errors when synchronizing form validation errors across nested child components in React in React in production applications?,react
How do you prevent memory leaks and unhandled errors when managing server cache synchronization and revalidation using TanStack React Query in React in production applications?,react
How do you prevent memory leaks and unhandled errors when handling infinite scroll pagination with intersection observers inside React components in React in production applications?,react
How do you prevent memory leaks and unhandled errors when preventing stale closure bugs inside useEffect and setInterval callbacks in React in production applications?,react
How do you prevent memory leaks and unhandled errors when animating component enter and exit transitions smoothly using Framer Motion in React in production applications?,react
How do you prevent memory leaks and unhandled errors when managing keyboard accessibility and focus trapping in React modal dialogs in React in production applications?,react
How do you prevent memory leaks and unhandled errors when refactoring large Redux boilerplate using Redux Toolkit slices and RTK Query in React in production applications?,react
How do you prevent memory leaks and unhandled errors when handling dynamic theme switching using CSS variables combined with React Context in React in production applications?,react
How do you prevent memory leaks and unhandled errors when preventing memory leaks in React web apps when listening to WebSocket streams in React in production applications?,react
How do you prevent memory leaks and unhandled errors when handling multi-step wizard state persistence across component unmounts in React in production applications?,react
How do you prevent memory leaks and unhandled errors when debugging unexpected re-renders using the React Developer Tools Profiler flamegraph in React in production applications?,react
How do you prevent memory leaks and unhandled errors when implementing accessible drag-and-drop interfaces in React using dnd kit in React in production applications?,react
How do you prevent memory leaks and unhandled errors when handling file upload progress bars inside custom React drag-and-drop dropzones in React in production applications?,react
How do you prevent memory leaks and unhandled errors when optimizing large table renders with thousands of rows using React Window virtualization in React in production applications?,react
How do you prevent memory leaks and unhandled errors when building compound component patterns in React using React.Children and Context in React in production applications?,react
How do you resolve issues with synchronizing form validation errors across nested child components in React in React front-end development in production applications?,react
How do you resolve issues with managing server cache synchronization and revalidation using TanStack React Query in React front-end development in production applications?,react
How do you resolve issues with handling infinite scroll pagination with intersection observers inside React components in React front-end development in production applications?,react
How do you resolve issues with preventing stale closure bugs inside useEffect and setInterval callbacks in React front-end development in production applications?,react
How do you resolve issues with animating component enter and exit transitions smoothly using Framer Motion in React front-end development in production applications?,react
How do you resolve issues with managing keyboard accessibility and focus trapping in React modal dialogs in React front-end development in production applications?,react
How do you resolve issues with refactoring large Redux boilerplate using Redux Toolkit slices and RTK Query in React front-end development in production applications?,react
How do you resolve issues with handling dynamic theme switching using CSS variables combined with React Context in React front-end development in production applications?,react
How do you resolve issues with preventing memory leaks in React web apps when listening to WebSocket streams in React front-end development in production applications?,react
How do you resolve issues with handling multi-step wizard state persistence across component unmounts in React front-end development in production applications?,react
How do you prevent deadlocks during concurrent multi-row `UPDATE` transactions in PostgreSQL?,sql
Why is an indexed query executing a full table scan when comparing a string literal to an integer column?,sql
How do you optimize slow `COUNT(*)` queries on large tables containing millions of rows in PostgreSQL?,sql
Why does `NULL = NULL` evaluate to unknown instead of true in SQL comparisons?,sql
How do you resolve N+1 query performance bottlenecks using `JOIN` operations instead of iterative queries?,sql
"Why does an index on `(last_name, first_name)` fail to speed up queries filtering only on `first_name`?",sql
How do you calculate running totals and moving averages using SQL window functions like `SUM() OVER ()`?,sql
Why does a `LEFT JOIN` return duplicate parent rows when joining with a table having a one-to-many relationship?,sql
How do you find and remove duplicate rows in a table while keeping the record with the lowest primary ID?,sql
Why does using `NOT IN` with a subquery return zero rows when the subquery contains a single `NULL` value?,sql
How do you paginate large database result sets efficiently using keyset pagination instead of `OFFSET`?,sql
Why does adding a `LIKE '%keyword%'` filter prevent the database query engine from utilizing B-Tree indexes?,sql
How do you enforce row-level security policies in PostgreSQL for multi-tenant SaaS applications?,sql
Why does `TRUNCATE TABLE` run substantially faster than `DELETE FROM table` without where clauses?,sql
How do you safely alter a table with 50 million rows to add a new column with a default value without locking writes?,sql
Why does a foreign key constraint violation occur when inserting child rows before the parent transaction commits?,sql
How do you use Common Table Expressions (`WITH RECURSIVE`) to query hierarchical parent-child category trees?,sql
Why does `GROUP BY` require non-aggregated select columns to be explicitly included in the grouping list?,sql
How do you optimize JSONB column search queries in PostgreSQL using GIN indexes?,sql
Why does `SELECT *` degrade query performance and network throughput compared to selecting specific columns?,sql
How do you implement upsert operations in PostgreSQL using `INSERT INTO ... ON CONFLICT DO UPDATE`?,sql
Why does an explicit database transaction rollback fail to reset auto-incrementing primary key sequences?,sql
How do you analyze database query execution plans using `EXPLAIN ANALYZE` to identify expensive table scans?,sql
Why does a composite unique constraint fail to block duplicate rows when one of the composite columns is `NULL`?,sql
How do you perform full-text search with ranking in PostgreSQL using `to_tsvector` and `to_tsquery`?,sql
Why does high connection concurrency exhaust database max connection limits without a connection pooler like PgBouncer?,sql
How do you convert rows into columns dynamically using conditional aggregation or the `PIVOT` operator?,sql
Why does `VACUUM` maintenance become critical for preventing table bloat and transaction ID wraparound in PostgreSQL?,sql
How do you isolate database transactions using the `SERIALIZABLE` isolation level to prevent phantom reads?,sql
Why does an index on a foreign key column improve `DELETE` performance on the referenced parent table?,sql
How do you handle optimizing spatial geospatial queries using PostGIS GiST indexing in relational database management systems?,sql
How do you handle managing database schema migrations on high-traffic production databases with zero downtime in relational database management systems?,sql
How do you handle preventing transaction serialization failures in distributed PostgreSQL clusters in relational database management systems?,sql
How do you handle configuring connection timeouts and idle client timeouts to free locked database connections in relational database management systems?,sql
How do you handle partitioning massive time-series tables by range to accelerate historical queries in relational database management systems?,sql
How do you handle optimizing slow subqueries using correlated EXISTS clauses instead of heavy IN lists in relational database management systems?,sql
How do you handle diagnosing lock contention bottlenecks on high-write relational tables in relational database management systems?,sql
How do you handle indexing boolean and low-cardinality status columns using partial indexes in relational database management systems?,sql
How do you handle handling case-insensitive string searches using collation indexes or citext extension in relational database management systems?,sql
How do you handle implementing soft delete patterns using deleted_at timestamps without breaking unique constraints in relational database management systems?,sql
Why does optimizing spatial geospatial queries using PostGIS GiST indexing cause severe query performance degradation in SQL databases?,sql
Why does managing database schema migrations on high-traffic production databases with zero downtime cause severe query performance degradation in SQL databases?,sql
Why does preventing transaction serialization failures in distributed PostgreSQL clusters cause severe query performance degradation in SQL databases?,sql
Why does configuring connection timeouts and idle client timeouts to free locked database connections cause severe query performance degradation in SQL databases?,sql
Why does partitioning massive time-series tables by range to accelerate historical queries cause severe query performance degradation in SQL databases?,sql
Why does optimizing slow subqueries using correlated EXISTS clauses instead of heavy IN lists cause severe query performance degradation in SQL databases?,sql
Why does diagnosing lock contention bottlenecks on high-write relational tables cause severe query performance degradation in SQL databases?,sql
Why does indexing boolean and low-cardinality status columns using partial indexes cause severe query performance degradation in SQL databases?,sql
Why does handling case-insensitive string searches using collation indexes or citext extension cause severe query performance degradation in SQL databases?,sql
Why does implementing soft delete patterns using deleted_at timestamps without breaking unique constraints cause severe query performance degradation in SQL databases?,sql
What is the best SQL strategy for optimizing spatial geospatial queries using PostGIS GiST indexing in large-scale databases?,sql
What is the best SQL strategy for managing database schema migrations on high-traffic production databases with zero downtime in large-scale databases?,sql
What is the best SQL strategy for preventing transaction serialization failures in distributed PostgreSQL clusters in large-scale databases?,sql
What is the best SQL strategy for configuring connection timeouts and idle client timeouts to free locked database connections in large-scale databases?,sql
What is the best SQL strategy for partitioning massive time-series tables by range to accelerate historical queries in large-scale databases?,sql
What is the best SQL strategy for optimizing slow subqueries using correlated EXISTS clauses instead of heavy IN lists in large-scale databases?,sql
What is the best SQL strategy for diagnosing lock contention bottlenecks on high-write relational tables in large-scale databases?,sql
What is the best SQL strategy for indexing boolean and low-cardinality status columns using partial indexes in large-scale databases?,sql
What is the best SQL strategy for handling case-insensitive string searches using collation indexes or citext extension in large-scale databases?,sql
What is the best SQL strategy for implementing soft delete patterns using deleted_at timestamps without breaking unique constraints in large-scale databases?,sql
How do you troubleshoot database bottlenecks when optimizing spatial geospatial queries using PostGIS GiST indexing under high concurrency?,sql
How do you troubleshoot database bottlenecks when managing database schema migrations on high-traffic production databases with zero downtime under high concurrency?,sql
How do you troubleshoot database bottlenecks when preventing transaction serialization failures in distributed PostgreSQL clusters under high concurrency?,sql
How do you troubleshoot database bottlenecks when configuring connection timeouts and idle client timeouts to free locked database connections under high concurrency?,sql
How do you troubleshoot database bottlenecks when partitioning massive time-series tables by range to accelerate historical queries under high concurrency?,sql
How do you troubleshoot database bottlenecks when optimizing slow subqueries using correlated EXISTS clauses instead of heavy IN lists under high concurrency?,sql
How do you troubleshoot database bottlenecks when diagnosing lock contention bottlenecks on high-write relational tables under high concurrency?,sql
How do you troubleshoot database bottlenecks when indexing boolean and low-cardinality status columns using partial indexes under high concurrency?,sql
How do you troubleshoot database bottlenecks when handling case-insensitive string searches using collation indexes or citext extension under high concurrency?,sql
How do you troubleshoot database bottlenecks when implementing soft delete patterns using deleted_at timestamps without breaking unique constraints under high concurrency?,sql
What causes locking conflicts when optimizing spatial geospatial queries using PostGIS GiST indexing in transactional SQL environments?,sql
What causes locking conflicts when managing database schema migrations on high-traffic production databases with zero downtime in transactional SQL environments?,sql
What causes locking conflicts when preventing transaction serialization failures in distributed PostgreSQL clusters in transactional SQL environments?,sql
What causes locking conflicts when configuring connection timeouts and idle client timeouts to free locked database connections in transactional SQL environments?,sql
What causes locking conflicts when partitioning massive time-series tables by range to accelerate historical queries in transactional SQL environments?,sql
What causes locking conflicts when optimizing slow subqueries using correlated EXISTS clauses instead of heavy IN lists in transactional SQL environments?,sql
What causes locking conflicts when diagnosing lock contention bottlenecks on high-write relational tables in transactional SQL environments?,sql
What causes locking conflicts when indexing boolean and low-cardinality status columns using partial indexes in transactional SQL environments?,sql
What causes locking conflicts when handling case-insensitive string searches using collation indexes or citext extension in transactional SQL environments?,sql
What causes locking conflicts when implementing soft delete patterns using deleted_at timestamps without breaking unique constraints in transactional SQL environments?,sql
How do you optimize indexing and query plans when optimizing spatial geospatial queries using PostGIS GiST indexing in SQL?,sql
How do you optimize indexing and query plans when managing database schema migrations on high-traffic production databases with zero downtime in SQL?,sql
How do you optimize indexing and query plans when preventing transaction serialization failures in distributed PostgreSQL clusters in SQL?,sql
How do you optimize indexing and query plans when configuring connection timeouts and idle client timeouts to free locked database connections in SQL?,sql
How do you optimize indexing and query plans when partitioning massive time-series tables by range to accelerate historical queries in SQL?,sql
How do you optimize indexing and query plans when optimizing slow subqueries using correlated EXISTS clauses instead of heavy IN lists in SQL?,sql
How do you optimize indexing and query plans when diagnosing lock contention bottlenecks on high-write relational tables in SQL?,sql
How do you optimize indexing and query plans when indexing boolean and low-cardinality status columns using partial indexes in SQL?,sql
How do you optimize indexing and query plans when handling case-insensitive string searches using collation indexes or citext extension in SQL?,sql
How do you optimize indexing and query plans when implementing soft delete patterns using deleted_at timestamps without breaking unique constraints in SQL?,sql
How do you handle optimizing spatial geospatial queries using PostGIS GiST indexing in relational database management systems in production applications?,sql
How do you handle managing database schema migrations on high-traffic production databases with zero downtime in relational database management systems in production applications?,sql
How do you handle preventing transaction serialization failures in distributed PostgreSQL clusters in relational database management systems in production applications?,sql
How do you handle configuring connection timeouts and idle client timeouts to free locked database connections in relational database management systems in production applications?,sql
How do you handle partitioning massive time-series tables by range to accelerate historical queries in relational database management systems in production applications?,sql
How do you handle optimizing slow subqueries using correlated EXISTS clauses instead of heavy IN lists in relational database management systems in production applications?,sql
How do you handle diagnosing lock contention bottlenecks on high-write relational tables in relational database management systems in production applications?,sql
How do you handle indexing boolean and low-cardinality status columns using partial indexes in relational database management systems in production applications?,sql
How do you handle handling case-insensitive string searches using collation indexes or citext extension in relational database management systems in production applications?,sql
How do you handle implementing soft delete patterns using deleted_at timestamps without breaking unique constraints in relational database management systems in production applications?,sql
Why does optimizing spatial geospatial queries using PostGIS GiST indexing cause severe query performance degradation in SQL databases in production applications?,sql
Why does managing database schema migrations on high-traffic production databases with zero downtime cause severe query performance degradation in SQL databases in production applications?,sql
Why does preventing transaction serialization failures in distributed PostgreSQL clusters cause severe query performance degradation in SQL databases in production applications?,sql
Why does configuring connection timeouts and idle client timeouts to free locked database connections cause severe query performance degradation in SQL databases in production applications?,sql
Why does partitioning massive time-series tables by range to accelerate historical queries cause severe query performance degradation in SQL databases in production applications?,sql
Why does optimizing slow subqueries using correlated EXISTS clauses instead of heavy IN lists cause severe query performance degradation in SQL databases in production applications?,sql
Why does diagnosing lock contention bottlenecks on high-write relational tables cause severe query performance degradation in SQL databases in production applications?,sql
Why does indexing boolean and low-cardinality status columns using partial indexes cause severe query performance degradation in SQL databases in production applications?,sql
Why does handling case-insensitive string searches using collation indexes or citext extension cause severe query performance degradation in SQL databases in production applications?,sql
Why does implementing soft delete patterns using deleted_at timestamps without breaking unique constraints cause severe query performance degradation in SQL databases in production applications?,sql
What is the best SQL strategy for optimizing spatial geospatial queries using PostGIS GiST indexing in large-scale databases in production applications?,sql
What is the best SQL strategy for managing database schema migrations on high-traffic production databases with zero downtime in large-scale databases in production applications?,sql
What is the best SQL strategy for preventing transaction serialization failures in distributed PostgreSQL clusters in large-scale databases in production applications?,sql
What is the best SQL strategy for configuring connection timeouts and idle client timeouts to free locked database connections in large-scale databases in production applications?,sql
What is the best SQL strategy for partitioning massive time-series tables by range to accelerate historical queries in large-scale databases in production applications?,sql
What is the best SQL strategy for optimizing slow subqueries using correlated EXISTS clauses instead of heavy IN lists in large-scale databases in production applications?,sql
What is the best SQL strategy for diagnosing lock contention bottlenecks on high-write relational tables in large-scale databases in production applications?,sql
What is the best SQL strategy for indexing boolean and low-cardinality status columns using partial indexes in large-scale databases in production applications?,sql
What is the best SQL strategy for handling case-insensitive string searches using collation indexes or citext extension in large-scale databases in production applications?,sql
What is the best SQL strategy for implementing soft delete patterns using deleted_at timestamps without breaking unique constraints in large-scale databases in production applications?,sql
How do you troubleshoot database bottlenecks when optimizing spatial geospatial queries using PostGIS GiST indexing under high concurrency in production applications?,sql
How do you troubleshoot database bottlenecks when managing database schema migrations on high-traffic production databases with zero downtime under high concurrency in production applications?,sql
How do you troubleshoot database bottlenecks when preventing transaction serialization failures in distributed PostgreSQL clusters under high concurrency in production applications?,sql
How do you troubleshoot database bottlenecks when configuring connection timeouts and idle client timeouts to free locked database connections under high concurrency in production applications?,sql
How do you troubleshoot database bottlenecks when partitioning massive time-series tables by range to accelerate historical queries under high concurrency in production applications?,sql
How do you troubleshoot database bottlenecks when optimizing slow subqueries using correlated EXISTS clauses instead of heavy IN lists under high concurrency in production applications?,sql
How do you troubleshoot database bottlenecks when diagnosing lock contention bottlenecks on high-write relational tables under high concurrency in production applications?,sql
How do you troubleshoot database bottlenecks when indexing boolean and low-cardinality status columns using partial indexes under high concurrency in production applications?,sql
How do you troubleshoot database bottlenecks when handling case-insensitive string searches using collation indexes or citext extension under high concurrency in production applications?,sql
How do you troubleshoot database bottlenecks when implementing soft delete patterns using deleted_at timestamps without breaking unique constraints under high concurrency in production applications?,sql
What causes locking conflicts when optimizing spatial geospatial queries using PostGIS GiST indexing in transactional SQL environments in production applications?,sql
What causes locking conflicts when managing database schema migrations on high-traffic production databases with zero downtime in transactional SQL environments in production applications?,sql
What causes locking conflicts when preventing transaction serialization failures in distributed PostgreSQL clusters in transactional SQL environments in production applications?,sql
What causes locking conflicts when configuring connection timeouts and idle client timeouts to free locked database connections in transactional SQL environments in production applications?,sql
What causes locking conflicts when partitioning massive time-series tables by range to accelerate historical queries in transactional SQL environments in production applications?,sql
What causes locking conflicts when optimizing slow subqueries using correlated EXISTS clauses instead of heavy IN lists in transactional SQL environments in production applications?,sql
What causes locking conflicts when diagnosing lock contention bottlenecks on high-write relational tables in transactional SQL environments in production applications?,sql
What causes locking conflicts when indexing boolean and low-cardinality status columns using partial indexes in transactional SQL environments in production applications?,sql
What causes locking conflicts when handling case-insensitive string searches using collation indexes or citext extension in transactional SQL environments in production applications?,sql
What causes locking conflicts when implementing soft delete patterns using deleted_at timestamps without breaking unique constraints in transactional SQL environments in production applications?,sql
How do you optimize indexing and query plans when optimizing spatial geospatial queries using PostGIS GiST indexing in SQL in production applications?,sql
How do you optimize indexing and query plans when managing database schema migrations on high-traffic production databases with zero downtime in SQL in production applications?,sql
How do you optimize indexing and query plans when preventing transaction serialization failures in distributed PostgreSQL clusters in SQL in production applications?,sql
How do you optimize indexing and query plans when configuring connection timeouts and idle client timeouts to free locked database connections in SQL in production applications?,sql
How do you optimize indexing and query plans when partitioning massive time-series tables by range to accelerate historical queries in SQL in production applications?,sql
How do you optimize indexing and query plans when optimizing slow subqueries using correlated EXISTS clauses instead of heavy IN lists in SQL in production applications?,sql
How do you optimize indexing and query plans when diagnosing lock contention bottlenecks on high-write relational tables in SQL in production applications?,sql
How do you optimize indexing and query plans when indexing boolean and low-cardinality status columns using partial indexes in SQL in production applications?,sql
How do you optimize indexing and query plans when handling case-insensitive string searches using collation indexes or citext extension in SQL in production applications?,sql
How do you optimize indexing and query plans when implementing soft delete patterns using deleted_at timestamps without breaking unique constraints in SQL in production applications?,sql
How do you resolve the TypeScript error 'Property does not exist on type never' in a generic filter function?,typescript
Why does TypeScript fail to narrow union types when using `Array.prototype.includes`?,typescript
How do you enforce exhaustive type checking in `switch` statements using the `never` type?,typescript
Why does `keyof typeof` differ when applied to an object instance versus a TypeScript interface?,typescript
How do you properly type an asynchronous higher-order function that preserves parameter and return types?,typescript
Why does TypeScript permit assigning an object with extra properties when passed through an intermediary variable?,typescript
How do you extract the resolved value type from a Promise using the `Awaited<T>` utility type?,typescript
Why does `const` assertion (`as const`) make all properties in an object literal `readonly` and narrow literals?,typescript
How do you define a generic interface where one property determines the exact allowed types of other properties?,typescript
Why does `any` disable all compile-time type safety while `unknown` requires explicit type narrowing?,typescript
How do you infer tuple element types inside a conditional type using the `infer` keyword?,typescript
Why does TypeScript throw an error when indexing an object with a string without an index signature?,typescript
How do you type overloaded functions cleanly in TypeScript without resorting to `any` casts?,typescript
Why does `interface` declaration merging allow augmenting existing third-party library types while `type` aliases cannot?,typescript
How do you enforce that a generic type parameter extends a specific object shape using `extends` constraints?,typescript
Why does the TypeScript compiler emit JavaScript output even when compilation errors are present?,typescript
How do you build a mapped type that makes only specific selected keys optional in an interface?,typescript
Why does type narrowing with `typeof` identify `null` as an `'object'` in TypeScript guards?,typescript
How do you create custom user-defined type guards using the `is` type predicate syntax?,typescript
Why does `readonly string[]` prevent mutating methods like `.push()` and `.splice()` at compile time?,typescript
How do you declare ambient types for untyped legacy JavaScript modules using `.d.ts` declaration files?,typescript
Why does the `Partial<T>` utility type make all top-level properties optional without making nested objects partial?,typescript
How do you implement deep recursive readonly types using conditional recursive types in TypeScript?,typescript
Why does TypeScript complain about missing properties when spreading optional generic objects?,typescript
How do you strongly type REST API response payloads based on dynamic endpoint URL route parameters?,typescript
Why does strict null checking (`strictNullChecks`) flag uninitialized class properties as errors?,typescript
How do you type `useRef` in React when referencing a DOM element versus a mutable value container?,typescript
Why does `enum` generate runtime JavaScript objects while `const enum` gets inlined during compilation?,typescript
How do you extract function parameter types using the `Parameters<T>` utility type?,typescript
Why does TypeScript allow structural subtyping where a type with extra fields is assignable to a narrower type?,typescript
How do you solve type compilation errors when typing generic React form components with dynamic schema validation in TypeScript?,typescript
How do you solve type compilation errors when creating template literal types to validate formatted string patterns like CSS color codes in TypeScript?,typescript
How do you solve type compilation errors when handling type safety across boundary validation using Zod and TypeScript infer in TypeScript?,typescript
How do you solve type compilation errors when resolving module resolution errors when using baseUrl and paths in tsconfig.json in TypeScript?,typescript
How do you solve type compilation errors when typing dynamic event emitter maps with strongly typed payload arguments in TypeScript?,typescript
How do you solve type compilation errors when preventing circular type definition references in deeply nested JSON schemas in TypeScript?,typescript
How do you solve type compilation errors when using branded types (nominal typing) to differentiate between user IDs and order IDs in TypeScript?,typescript
How do you solve type compilation errors when configuring project references in a large TypeScript monorepo with composite projects in TypeScript?,typescript
How do you solve type compilation errors when typing higher-order React components while preserving generic prop inference in TypeScript?,typescript
How do you solve type compilation errors when managing strict function variance and contravariance in callback parameter types in TypeScript?,typescript
Why does TypeScript report unexpected type mismatches when typing generic React form components with dynamic schema validation?,typescript
Why does TypeScript report unexpected type mismatches when creating template literal types to validate formatted string patterns like CSS color codes?,typescript
Why does TypeScript report unexpected type mismatches when handling type safety across boundary validation using Zod and TypeScript infer?,typescript
Why does TypeScript report unexpected type mismatches when resolving module resolution errors when using baseUrl and paths in tsconfig.json?,typescript
Why does TypeScript report unexpected type mismatches when typing dynamic event emitter maps with strongly typed payload arguments?,typescript
Why does TypeScript report unexpected type mismatches when preventing circular type definition references in deeply nested JSON schemas?,typescript
Why does TypeScript report unexpected type mismatches when using branded types (nominal typing) to differentiate between user IDs and order IDs?,typescript
Why does TypeScript report unexpected type mismatches when configuring project references in a large TypeScript monorepo with composite projects?,typescript
Why does TypeScript report unexpected type mismatches when typing higher-order React components while preserving generic prop inference?,typescript
Why does TypeScript report unexpected type mismatches when managing strict function variance and contravariance in callback parameter types?,typescript
What is the cleanest type-safe pattern for typing generic React form components with dynamic schema validation in enterprise TypeScript projects?,typescript
What is the cleanest type-safe pattern for creating template literal types to validate formatted string patterns like CSS color codes in enterprise TypeScript projects?,typescript
What is the cleanest type-safe pattern for handling type safety across boundary validation using Zod and TypeScript infer in enterprise TypeScript projects?,typescript
What is the cleanest type-safe pattern for resolving module resolution errors when using baseUrl and paths in tsconfig.json in enterprise TypeScript projects?,typescript
What is the cleanest type-safe pattern for typing dynamic event emitter maps with strongly typed payload arguments in enterprise TypeScript projects?,typescript
What is the cleanest type-safe pattern for preventing circular type definition references in deeply nested JSON schemas in enterprise TypeScript projects?,typescript
What is the cleanest type-safe pattern for using branded types (nominal typing) to differentiate between user IDs and order IDs in enterprise TypeScript projects?,typescript
What is the cleanest type-safe pattern for configuring project references in a large TypeScript monorepo with composite projects in enterprise TypeScript projects?,typescript
What is the cleanest type-safe pattern for typing higher-order React components while preserving generic prop inference in enterprise TypeScript projects?,typescript
What is the cleanest type-safe pattern for managing strict function variance and contravariance in callback parameter types in enterprise TypeScript projects?,typescript
How do you leverage advanced generic utilities when typing generic React form components with dynamic schema validation in TypeScript?,typescript
How do you leverage advanced generic utilities when creating template literal types to validate formatted string patterns like CSS color codes in TypeScript?,typescript
How do you leverage advanced generic utilities when handling type safety across boundary validation using Zod and TypeScript infer in TypeScript?,typescript
How do you leverage advanced generic utilities when resolving module resolution errors when using baseUrl and paths in tsconfig.json in TypeScript?,typescript
How do you leverage advanced generic utilities when typing dynamic event emitter maps with strongly typed payload arguments in TypeScript?,typescript
How do you leverage advanced generic utilities when preventing circular type definition references in deeply nested JSON schemas in TypeScript?,typescript
How do you leverage advanced generic utilities when using branded types (nominal typing) to differentiate between user IDs and order IDs in TypeScript?,typescript
How do you leverage advanced generic utilities when configuring project references in a large TypeScript monorepo with composite projects in TypeScript?,typescript
How do you leverage advanced generic utilities when typing higher-order React components while preserving generic prop inference in TypeScript?,typescript
How do you leverage advanced generic utilities when managing strict function variance and contravariance in callback parameter types in TypeScript?,typescript
What causes type inference to break down when typing generic React form components with dynamic schema validation in TypeScript codebases?,typescript
What causes type inference to break down when creating template literal types to validate formatted string patterns like CSS color codes in TypeScript codebases?,typescript
What causes type inference to break down when handling type safety across boundary validation using Zod and TypeScript infer in TypeScript codebases?,typescript
What causes type inference to break down when resolving module resolution errors when using baseUrl and paths in tsconfig.json in TypeScript codebases?,typescript
What causes type inference to break down when typing dynamic event emitter maps with strongly typed payload arguments in TypeScript codebases?,typescript
What causes type inference to break down when preventing circular type definition references in deeply nested JSON schemas in TypeScript codebases?,typescript
What causes type inference to break down when using branded types (nominal typing) to differentiate between user IDs and order IDs in TypeScript codebases?,typescript
What causes type inference to break down when configuring project references in a large TypeScript monorepo with composite projects in TypeScript codebases?,typescript
What causes type inference to break down when typing higher-order React components while preserving generic prop inference in TypeScript codebases?,typescript
What causes type inference to break down when managing strict function variance and contravariance in callback parameter types in TypeScript codebases?,typescript
How do you write custom type guards and utility types when typing generic React form components with dynamic schema validation in TypeScript?,typescript
How do you write custom type guards and utility types when creating template literal types to validate formatted string patterns like CSS color codes in TypeScript?,typescript
How do you write custom type guards and utility types when handling type safety across boundary validation using Zod and TypeScript infer in TypeScript?,typescript
How do you write custom type guards and utility types when resolving module resolution errors when using baseUrl and paths in tsconfig.json in TypeScript?,typescript
How do you write custom type guards and utility types when typing dynamic event emitter maps with strongly typed payload arguments in TypeScript?,typescript
How do you write custom type guards and utility types when preventing circular type definition references in deeply nested JSON schemas in TypeScript?,typescript
How do you write custom type guards and utility types when using branded types (nominal typing) to differentiate between user IDs and order IDs in TypeScript?,typescript
How do you write custom type guards and utility types when configuring project references in a large TypeScript monorepo with composite projects in TypeScript?,typescript
How do you write custom type guards and utility types when typing higher-order React components while preserving generic prop inference in TypeScript?,typescript
How do you write custom type guards and utility types when managing strict function variance and contravariance in callback parameter types in TypeScript?,typescript
How do you solve type compilation errors when typing generic React form components with dynamic schema validation in TypeScript in production applications?,typescript
How do you solve type compilation errors when creating template literal types to validate formatted string patterns like CSS color codes in TypeScript in production applications?,typescript
How do you solve type compilation errors when handling type safety across boundary validation using Zod and TypeScript infer in TypeScript in production applications?,typescript
How do you solve type compilation errors when resolving module resolution errors when using baseUrl and paths in tsconfig.json in TypeScript in production applications?,typescript
How do you solve type compilation errors when typing dynamic event emitter maps with strongly typed payload arguments in TypeScript in production applications?,typescript
How do you solve type compilation errors when preventing circular type definition references in deeply nested JSON schemas in TypeScript in production applications?,typescript
How do you solve type compilation errors when using branded types (nominal typing) to differentiate between user IDs and order IDs in TypeScript in production applications?,typescript
How do you solve type compilation errors when configuring project references in a large TypeScript monorepo with composite projects in TypeScript in production applications?,typescript
How do you solve type compilation errors when typing higher-order React components while preserving generic prop inference in TypeScript in production applications?,typescript
How do you solve type compilation errors when managing strict function variance and contravariance in callback parameter types in TypeScript in production applications?,typescript
Why does TypeScript report unexpected type mismatches when typing generic React form components with dynamic schema validation in production applications?,typescript
Why does TypeScript report unexpected type mismatches when creating template literal types to validate formatted string patterns like CSS color codes in production applications?,typescript
Why does TypeScript report unexpected type mismatches when handling type safety across boundary validation using Zod and TypeScript infer in production applications?,typescript
Why does TypeScript report unexpected type mismatches when resolving module resolution errors when using baseUrl and paths in tsconfig.json in production applications?,typescript
Why does TypeScript report unexpected type mismatches when typing dynamic event emitter maps with strongly typed payload arguments in production applications?,typescript
Why does TypeScript report unexpected type mismatches when preventing circular type definition references in deeply nested JSON schemas in production applications?,typescript
Why does TypeScript report unexpected type mismatches when using branded types (nominal typing) to differentiate between user IDs and order IDs in production applications?,typescript
Why does TypeScript report unexpected type mismatches when configuring project references in a large TypeScript monorepo with composite projects in production applications?,typescript
Why does TypeScript report unexpected type mismatches when typing higher-order React components while preserving generic prop inference in production applications?,typescript
Why does TypeScript report unexpected type mismatches when managing strict function variance and contravariance in callback parameter types in production applications?,typescript
What is the cleanest type-safe pattern for typing generic React form components with dynamic schema validation in enterprise TypeScript projects in production applications?,typescript
What is the cleanest type-safe pattern for creating template literal types to validate formatted string patterns like CSS color codes in enterprise TypeScript projects in production applications?,typescript
What is the cleanest type-safe pattern for handling type safety across boundary validation using Zod and TypeScript infer in enterprise TypeScript projects in production applications?,typescript
What is the cleanest type-safe pattern for resolving module resolution errors when using baseUrl and paths in tsconfig.json in enterprise TypeScript projects in production applications?,typescript
What is the cleanest type-safe pattern for typing dynamic event emitter maps with strongly typed payload arguments in enterprise TypeScript projects in production applications?,typescript
What is the cleanest type-safe pattern for preventing circular type definition references in deeply nested JSON schemas in enterprise TypeScript projects in production applications?,typescript
What is the cleanest type-safe pattern for using branded types (nominal typing) to differentiate between user IDs and order IDs in enterprise TypeScript projects in production applications?,typescript
What is the cleanest type-safe pattern for configuring project references in a large TypeScript monorepo with composite projects in enterprise TypeScript projects in production applications?,typescript
What is the cleanest type-safe pattern for typing higher-order React components while preserving generic prop inference in enterprise TypeScript projects in production applications?,typescript
What is the cleanest type-safe pattern for managing strict function variance and contravariance in callback parameter types in enterprise TypeScript projects in production applications?,typescript
How do you leverage advanced generic utilities when typing generic React form components with dynamic schema validation in TypeScript in production applications?,typescript
How do you leverage advanced generic utilities when creating template literal types to validate formatted string patterns like CSS color codes in TypeScript in production applications?,typescript
How do you leverage advanced generic utilities when handling type safety across boundary validation using Zod and TypeScript infer in TypeScript in production applications?,typescript
How do you leverage advanced generic utilities when resolving module resolution errors when using baseUrl and paths in tsconfig.json in TypeScript in production applications?,typescript
How do you leverage advanced generic utilities when typing dynamic event emitter maps with strongly typed payload arguments in TypeScript in production applications?,typescript
How do you leverage advanced generic utilities when preventing circular type definition references in deeply nested JSON schemas in TypeScript in production applications?,typescript
How do you leverage advanced generic utilities when using branded types (nominal typing) to differentiate between user IDs and order IDs in TypeScript in production applications?,typescript
How do you leverage advanced generic utilities when configuring project references in a large TypeScript monorepo with composite projects in TypeScript in production applications?,typescript
How do you leverage advanced generic utilities when typing higher-order React components while preserving generic prop inference in TypeScript in production applications?,typescript
How do you leverage advanced generic utilities when managing strict function variance and contravariance in callback parameter types in TypeScript in production applications?,typescript
What causes type inference to break down when typing generic React form components with dynamic schema validation in TypeScript codebases in production applications?,typescript
What causes type inference to break down when creating template literal types to validate formatted string patterns like CSS color codes in TypeScript codebases in production applications?,typescript
What causes type inference to break down when handling type safety across boundary validation using Zod and TypeScript infer in TypeScript codebases in production applications?,typescript
What causes type inference to break down when resolving module resolution errors when using baseUrl and paths in tsconfig.json in TypeScript codebases in production applications?,typescript
What causes type inference to break down when typing dynamic event emitter maps with strongly typed payload arguments in TypeScript codebases in production applications?,typescript
What causes type inference to break down when preventing circular type definition references in deeply nested JSON schemas in TypeScript codebases in production applications?,typescript
What causes type inference to break down when using branded types (nominal typing) to differentiate between user IDs and order IDs in TypeScript codebases in production applications?,typescript
What causes type inference to break down when configuring project references in a large TypeScript monorepo with composite projects in TypeScript codebases in production applications?,typescript
What causes type inference to break down when typing higher-order React components while preserving generic prop inference in TypeScript codebases in production applications?,typescript
What causes type inference to break down when managing strict function variance and contravariance in callback parameter types in TypeScript codebases in production applications?,typescript
How do you write custom type guards and utility types when typing generic React form components with dynamic schema validation in TypeScript in production applications?,typescript
How do you write custom type guards and utility types when creating template literal types to validate formatted string patterns like CSS color codes in TypeScript in production applications?,typescript
How do you write custom type guards and utility types when handling type safety across boundary validation using Zod and TypeScript infer in TypeScript in production applications?,typescript
How do you write custom type guards and utility types when resolving module resolution errors when using baseUrl and paths in tsconfig.json in TypeScript in production applications?,typescript
How do you write custom type guards and utility types when typing dynamic event emitter maps with strongly typed payload arguments in TypeScript in production applications?,typescript
How do you write custom type guards and utility types when preventing circular type definition references in deeply nested JSON schemas in TypeScript in production applications?,typescript
How do you write custom type guards and utility types when using branded types (nominal typing) to differentiate between user IDs and order IDs in TypeScript in production applications?,typescript
How do you write custom type guards and utility types when configuring project references in a large TypeScript monorepo with composite projects in TypeScript in production applications?,typescript
How do you write custom type guards and utility types when typing higher-order React components while preserving generic prop inference in TypeScript in production applications?,typescript
How do you write custom type guards and utility types when managing strict function variance and contravariance in callback parameter types in TypeScript in production applications?,typescript
How do you fix the hydration mismatch error caused by rendering `localStorage` data directly in a Next.js Server Component?,next.js
Why is Next.js re-fetching data on every route transition despite setting `revalidate: 3600` in the fetch options?,next.js
How do you pass server-side authentication cookies to downstream API requests inside Next.js Route Handlers?,next.js
Why does using `window` or `document` inside a Next.js component throw a 'ReferenceError: window is not defined' during build?,next.js
How do you mark a component as a Client Component in Next.js App Router using the `'use client'` directive?,next.js
Why does importing a client component with `'use client'` convert all its imported child components into client components?,next.js
How do you stream dynamic UI parts in Next.js using `loading.js` and React `Suspense` boundaries?,next.js
Why does `next/image` fail to load external image URLs without declaring allowed hostnames in `next.config.js`?,next.js
How do you execute database mutations using Next.js Server Actions with optimistic UI updates?,next.js
Why does `router.push` in Next.js Client Components fail to re-fetch Server Component layout data by default?,next.js
How do you implement internationalized routing (i18n) using Next.js App Router middleware?,next.js
Why does `generateStaticParams` fail if dynamic route segments return undefined or non-string values?,next.js
How do you share persistent state across route transitions in Next.js without resetting layout component state?,next.js
Why does setting `export const dynamic = 'force-dynamic'` disable full-route caching in Next.js App Router?,next.js
How do you handle private file uploads directly to AWS S3 from Next.js Server Actions using presigned URLs?,next.js
Why does Next.js middleware run only on the Edge runtime and restrict access to Node.js native modules like `fs`?,next.js
How do you revalidate cached static pages on-demand using `revalidatePath` and `revalidateTag` in Next.js?,next.js
Why does Next.js font optimization with `next/font/google` throw an error during offline or air-gapped Docker builds?,next.js
How do you implement secure authentication session checks inside Next.js App Router middleware?,next.js
Why does reading `searchParams` in a Next.js Server Component opt the entire route into dynamic server-side rendering?,next.js
How do you configure custom HTTP security headers like Content Security Policy inside `next.config.js`?,next.js
Why does Next.js hot module replacement (HMR) lose component state when saving files with named export conflicts?,next.js
How do you create dynamic OpenGraph social preview images programmatically in Next.js using `@vercel/og`?,next.js
Why does an uncaught server error inside a Next.js Server Action result in a generic obfuscated error on the client?,next.js
How do you deploy a Next.js standalone output build inside a multi-stage Docker container efficiently?,next.js
Why does `cookies()` in Next.js App Router throw an error if called inside a static route generator?,next.js
How do you intercept routes in Next.js to display modal dialogs with shareable URLs using parallel routes?,next.js
Why does `next/link` prefetching increase server request traffic substantially in production deployments?,next.js
How do you handle global application errors using `global-error.js` inside the Next.js app directory?,next.js
Why does `redirect()` inside a try-catch block in Next.js App Router get caught as a NEXT_REDIRECT exception?,next.js
How do you resolve issues when caching third-party REST API responses using the extended fetch cache in Next.js App Router in Next.js App Router applications?,next.js
How do you resolve issues when managing progressive form enhancement with Server Actions and useActionState in Next.js App Router applications?,next.js
How do you resolve issues when optimizing large bundle sizes caused by importing heavy server packages into client component trees in Next.js App Router applications?,next.js
How do you resolve issues when handling real-time WebSocket connections alongside Next.js Server Components in Next.js App Router applications?,next.js
How do you resolve issues when debugging memory leaks in long-running Next.js custom Node server instances in Next.js App Router applications?,next.js
How do you resolve issues when implementing multi-tenant subdomains using Next.js middleware rewrite rules in Next.js App Router applications?,next.js
How do you resolve issues when handling static asset caching and CDN invalidation on custom Next.js deployments in Next.js App Router applications?,next.js
How do you resolve issues when passing sensitive environment variables to Server Components without leaking them to the client bundle in Next.js App Router applications?,next.js
How do you resolve issues when handling authentication token refresh rotation inside Next.js App Router route handlers in Next.js App Router applications?,next.js
How do you resolve issues when configuring parallel and intercepted routes for complex multi-pane dashboard layouts in Next.js App Router applications?,next.js
Why does caching third-party REST API responses using the extended fetch cache in Next.js App Router cause unexpected hydration or rendering errors in Next.js?,next.js
Why does managing progressive form enhancement with Server Actions and useActionState cause unexpected hydration or rendering errors in Next.js?,next.js
Why does optimizing large bundle sizes caused by importing heavy server packages into client component trees cause unexpected hydration or rendering errors in Next.js?,next.js
Why does handling real-time WebSocket connections alongside Next.js Server Components cause unexpected hydration or rendering errors in Next.js?,next.js
Why does debugging memory leaks in long-running Next.js custom Node server instances cause unexpected hydration or rendering errors in Next.js?,next.js
Why does implementing multi-tenant subdomains using Next.js middleware rewrite rules cause unexpected hydration or rendering errors in Next.js?,next.js
Why does handling static asset caching and CDN invalidation on custom Next.js deployments cause unexpected hydration or rendering errors in Next.js?,next.js
Why does passing sensitive environment variables to Server Components without leaking them to the client bundle cause unexpected hydration or rendering errors in Next.js?,next.js
Why does handling authentication token refresh rotation inside Next.js App Router route handlers cause unexpected hydration or rendering errors in Next.js?,next.js
Why does configuring parallel and intercepted routes for complex multi-pane dashboard layouts cause unexpected hydration or rendering errors in Next.js?,next.js
What is the recommended architectural pattern for caching third-party REST API responses using the extended fetch cache in Next.js App Router in modern Next.js?,next.js
What is the recommended architectural pattern for managing progressive form enhancement with Server Actions and useActionState in modern Next.js?,next.js
What is the recommended architectural pattern for optimizing large bundle sizes caused by importing heavy server packages into client component trees in modern Next.js?,next.js
What is the recommended architectural pattern for handling real-time WebSocket connections alongside Next.js Server Components in modern Next.js?,next.js
What is the recommended architectural pattern for debugging memory leaks in long-running Next.js custom Node server instances in modern Next.js?,next.js
What is the recommended architectural pattern for implementing multi-tenant subdomains using Next.js middleware rewrite rules in modern Next.js?,next.js
What is the recommended architectural pattern for handling static asset caching and CDN invalidation on custom Next.js deployments in modern Next.js?,next.js
What is the recommended architectural pattern for passing sensitive environment variables to Server Components without leaking them to the client bundle in modern Next.js?,next.js
What is the recommended architectural pattern for handling authentication token refresh rotation inside Next.js App Router route handlers in modern Next.js?,next.js
What is the recommended architectural pattern for configuring parallel and intercepted routes for complex multi-pane dashboard layouts in modern Next.js?,next.js
How do you optimize server-side performance when caching third-party REST API responses using the extended fetch cache in Next.js App Router in Next.js deployments?,next.js
How do you optimize server-side performance when managing progressive form enhancement with Server Actions and useActionState in Next.js deployments?,next.js
How do you optimize server-side performance when optimizing large bundle sizes caused by importing heavy server packages into client component trees in Next.js deployments?,next.js
How do you optimize server-side performance when handling real-time WebSocket connections alongside Next.js Server Components in Next.js deployments?,next.js
How do you optimize server-side performance when debugging memory leaks in long-running Next.js custom Node server instances in Next.js deployments?,next.js
How do you optimize server-side performance when implementing multi-tenant subdomains using Next.js middleware rewrite rules in Next.js deployments?,next.js
How do you optimize server-side performance when handling static asset caching and CDN invalidation on custom Next.js deployments in Next.js deployments?,next.js
How do you optimize server-side performance when passing sensitive environment variables to Server Components without leaking them to the client bundle in Next.js deployments?,next.js
How do you optimize server-side performance when handling authentication token refresh rotation inside Next.js App Router route handlers in Next.js deployments?,next.js
How do you optimize server-side performance when configuring parallel and intercepted routes for complex multi-pane dashboard layouts in Next.js deployments?,next.js
What causes build failures and routing glitches when caching third-party REST API responses using the extended fetch cache in Next.js App Router in Next.js?,next.js
What causes build failures and routing glitches when managing progressive form enhancement with Server Actions and useActionState in Next.js?,next.js
What causes build failures and routing glitches when optimizing large bundle sizes caused by importing heavy server packages into client component trees in Next.js?,next.js
What causes build failures and routing glitches when handling real-time WebSocket connections alongside Next.js Server Components in Next.js?,next.js
What causes build failures and routing glitches when debugging memory leaks in long-running Next.js custom Node server instances in Next.js?,next.js
What causes build failures and routing glitches when implementing multi-tenant subdomains using Next.js middleware rewrite rules in Next.js?,next.js
What causes build failures and routing glitches when handling static asset caching and CDN invalidation on custom Next.js deployments in Next.js?,next.js
What causes build failures and routing glitches when passing sensitive environment variables to Server Components without leaking them to the client bundle in Next.js?,next.js
What causes build failures and routing glitches when handling authentication token refresh rotation inside Next.js App Router route handlers in Next.js?,next.js
What causes build failures and routing glitches when configuring parallel and intercepted routes for complex multi-pane dashboard layouts in Next.js?,next.js
How do you properly structure Server and Client components when caching third-party REST API responses using the extended fetch cache in Next.js App Router in Next.js?,next.js
How do you properly structure Server and Client components when managing progressive form enhancement with Server Actions and useActionState in Next.js?,next.js
How do you properly structure Server and Client components when optimizing large bundle sizes caused by importing heavy server packages into client component trees in Next.js?,next.js
How do you properly structure Server and Client components when handling real-time WebSocket connections alongside Next.js Server Components in Next.js?,next.js
How do you properly structure Server and Client components when debugging memory leaks in long-running Next.js custom Node server instances in Next.js?,next.js
How do you properly structure Server and Client components when implementing multi-tenant subdomains using Next.js middleware rewrite rules in Next.js?,next.js
How do you properly structure Server and Client components when handling static asset caching and CDN invalidation on custom Next.js deployments in Next.js?,next.js
How do you properly structure Server and Client components when passing sensitive environment variables to Server Components without leaking them to the client bundle in Next.js?,next.js
How do you properly structure Server and Client components when handling authentication token refresh rotation inside Next.js App Router route handlers in Next.js?,next.js
How do you properly structure Server and Client components when configuring parallel and intercepted routes for complex multi-pane dashboard layouts in Next.js?,next.js
How do you resolve issues when caching third-party REST API responses using the extended fetch cache in Next.js App Router in Next.js App Router applications in production applications?,next.js
How do you resolve issues when managing progressive form enhancement with Server Actions and useActionState in Next.js App Router applications in production applications?,next.js
How do you resolve issues when optimizing large bundle sizes caused by importing heavy server packages into client component trees in Next.js App Router applications in production applications?,next.js
How do you resolve issues when handling real-time WebSocket connections alongside Next.js Server Components in Next.js App Router applications in production applications?,next.js
How do you resolve issues when debugging memory leaks in long-running Next.js custom Node server instances in Next.js App Router applications in production applications?,next.js
How do you resolve issues when implementing multi-tenant subdomains using Next.js middleware rewrite rules in Next.js App Router applications in production applications?,next.js
How do you resolve issues when handling static asset caching and CDN invalidation on custom Next.js deployments in Next.js App Router applications in production applications?,next.js
How do you resolve issues when passing sensitive environment variables to Server Components without leaking them to the client bundle in Next.js App Router applications in production applications?,next.js
How do you resolve issues when handling authentication token refresh rotation inside Next.js App Router route handlers in Next.js App Router applications in production applications?,next.js
How do you resolve issues when configuring parallel and intercepted routes for complex multi-pane dashboard layouts in Next.js App Router applications in production applications?,next.js
Why does caching third-party REST API responses using the extended fetch cache in Next.js App Router cause unexpected hydration or rendering errors in Next.js in production applications?,next.js
Why does managing progressive form enhancement with Server Actions and useActionState cause unexpected hydration or rendering errors in Next.js in production applications?,next.js
Why does optimizing large bundle sizes caused by importing heavy server packages into client component trees cause unexpected hydration or rendering errors in Next.js in production applications?,next.js
Why does handling real-time WebSocket connections alongside Next.js Server Components cause unexpected hydration or rendering errors in Next.js in production applications?,next.js
Why does debugging memory leaks in long-running Next.js custom Node server instances cause unexpected hydration or rendering errors in Next.js in production applications?,next.js
Why does implementing multi-tenant subdomains using Next.js middleware rewrite rules cause unexpected hydration or rendering errors in Next.js in production applications?,next.js
Why does handling static asset caching and CDN invalidation on custom Next.js deployments cause unexpected hydration or rendering errors in Next.js in production applications?,next.js
Why does passing sensitive environment variables to Server Components without leaking them to the client bundle cause unexpected hydration or rendering errors in Next.js in production applications?,next.js
Why does handling authentication token refresh rotation inside Next.js App Router route handlers cause unexpected hydration or rendering errors in Next.js in production applications?,next.js
Why does configuring parallel and intercepted routes for complex multi-pane dashboard layouts cause unexpected hydration or rendering errors in Next.js in production applications?,next.js
What is the recommended architectural pattern for caching third-party REST API responses using the extended fetch cache in Next.js App Router in modern Next.js in production applications?,next.js
What is the recommended architectural pattern for managing progressive form enhancement with Server Actions and useActionState in modern Next.js in production applications?,next.js
What is the recommended architectural pattern for optimizing large bundle sizes caused by importing heavy server packages into client component trees in modern Next.js in production applications?,next.js
What is the recommended architectural pattern for handling real-time WebSocket connections alongside Next.js Server Components in modern Next.js in production applications?,next.js
What is the recommended architectural pattern for debugging memory leaks in long-running Next.js custom Node server instances in modern Next.js in production applications?,next.js
What is the recommended architectural pattern for implementing multi-tenant subdomains using Next.js middleware rewrite rules in modern Next.js in production applications?,next.js
What is the recommended architectural pattern for handling static asset caching and CDN invalidation on custom Next.js deployments in modern Next.js in production applications?,next.js
What is the recommended architectural pattern for passing sensitive environment variables to Server Components without leaking them to the client bundle in modern Next.js in production applications?,next.js
What is the recommended architectural pattern for handling authentication token refresh rotation inside Next.js App Router route handlers in modern Next.js in production applications?,next.js
What is the recommended architectural pattern for configuring parallel and intercepted routes for complex multi-pane dashboard layouts in modern Next.js in production applications?,next.js
How do you optimize server-side performance when caching third-party REST API responses using the extended fetch cache in Next.js App Router in Next.js deployments in production applications?,next.js
How do you optimize server-side performance when managing progressive form enhancement with Server Actions and useActionState in Next.js deployments in production applications?,next.js
How do you optimize server-side performance when optimizing large bundle sizes caused by importing heavy server packages into client component trees in Next.js deployments in production applications?,next.js
How do you optimize server-side performance when handling real-time WebSocket connections alongside Next.js Server Components in Next.js deployments in production applications?,next.js
How do you optimize server-side performance when debugging memory leaks in long-running Next.js custom Node server instances in Next.js deployments in production applications?,next.js
How do you optimize server-side performance when implementing multi-tenant subdomains using Next.js middleware rewrite rules in Next.js deployments in production applications?,next.js
How do you optimize server-side performance when handling static asset caching and CDN invalidation on custom Next.js deployments in Next.js deployments in production applications?,next.js
How do you optimize server-side performance when passing sensitive environment variables to Server Components without leaking them to the client bundle in Next.js deployments in production applications?,next.js
How do you optimize server-side performance when handling authentication token refresh rotation inside Next.js App Router route handlers in Next.js deployments in production applications?,next.js
How do you optimize server-side performance when configuring parallel and intercepted routes for complex multi-pane dashboard layouts in Next.js deployments in production applications?,next.js
What causes build failures and routing glitches when caching third-party REST API responses using the extended fetch cache in Next.js App Router in Next.js in production applications?,next.js
What causes build failures and routing glitches when managing progressive form enhancement with Server Actions and useActionState in Next.js in production applications?,next.js
What causes build failures and routing glitches when optimizing large bundle sizes caused by importing heavy server packages into client component trees in Next.js in production applications?,next.js
What causes build failures and routing glitches when handling real-time WebSocket connections alongside Next.js Server Components in Next.js in production applications?,next.js
What causes build failures and routing glitches when debugging memory leaks in long-running Next.js custom Node server instances in Next.js in production applications?,next.js
What causes build failures and routing glitches when implementing multi-tenant subdomains using Next.js middleware rewrite rules in Next.js in production applications?,next.js
What causes build failures and routing glitches when handling static asset caching and CDN invalidation on custom Next.js deployments in Next.js in production applications?,next.js
What causes build failures and routing glitches when passing sensitive environment variables to Server Components without leaking them to the client bundle in Next.js in production applications?,next.js
What causes build failures and routing glitches when handling authentication token refresh rotation inside Next.js App Router route handlers in Next.js in production applications?,next.js
What causes build failures and routing glitches when configuring parallel and intercepted routes for complex multi-pane dashboard layouts in Next.js in production applications?,next.js
How do you properly structure Server and Client components when caching third-party REST API responses using the extended fetch cache in Next.js App Router in Next.js in production applications?,next.js
How do you properly structure Server and Client components when managing progressive form enhancement with Server Actions and useActionState in Next.js in production applications?,next.js
How do you properly structure Server and Client components when optimizing large bundle sizes caused by importing heavy server packages into client component trees in Next.js in production applications?,next.js
How do you properly structure Server and Client components when handling real-time WebSocket connections alongside Next.js Server Components in Next.js in production applications?,next.js
How do you properly structure Server and Client components when debugging memory leaks in long-running Next.js custom Node server instances in Next.js in production applications?,next.js
How do you properly structure Server and Client components when implementing multi-tenant subdomains using Next.js middleware rewrite rules in Next.js in production applications?,next.js
How do you properly structure Server and Client components when handling static asset caching and CDN invalidation on custom Next.js deployments in Next.js in production applications?,next.js
How do you properly structure Server and Client components when passing sensitive environment variables to Server Components without leaking them to the client bundle in Next.js in production applications?,next.js
How do you properly structure Server and Client components when handling authentication token refresh rotation inside Next.js App Router route handlers in Next.js in production applications?,next.js
How do you properly structure Server and Client components when configuring parallel and intercepted routes for complex multi-pane dashboard layouts in Next.js in production applications?,next.js
How do you resolve issues when caching third-party REST API responses using the extended fetch cache in Next.js App Router in Next.js App Router applications in production applications?,next.js
How do you resolve issues when managing progressive form enhancement with Server Actions and useActionState in Next.js App Router applications in production applications?,next.js
How do you resolve issues when optimizing large bundle sizes caused by importing heavy server packages into client component trees in Next.js App Router applications in production applications?,next.js
How do you resolve issues when handling real-time WebSocket connections alongside Next.js Server Components in Next.js App Router applications in production applications?,next.js
How do you resolve issues when debugging memory leaks in long-running Next.js custom Node server instances in Next.js App Router applications in production applications?,next.js
How do you resolve issues when implementing multi-tenant subdomains using Next.js middleware rewrite rules in Next.js App Router applications in production applications?,next.js
How do you resolve issues when handling static asset caching and CDN invalidation on custom Next.js deployments in Next.js App Router applications in production applications?,next.js
How do you resolve issues when passing sensitive environment variables to Server Components without leaking them to the client bundle in Next.js App Router applications in production applications?,next.js
How do you resolve issues when handling authentication token refresh rotation inside Next.js App Router route handlers in Next.js App Router applications in production applications?,next.js
How do you resolve issues when configuring parallel and intercepted routes for complex multi-pane dashboard layouts in Next.js App Router applications in production applications?,next.js
Why does caching third-party REST API responses using the extended fetch cache in Next.js App Router cause unexpected hydration or rendering errors in Next.js in production applications?,next.js
Why does managing progressive form enhancement with Server Actions and useActionState cause unexpected hydration or rendering errors in Next.js in production applications?,next.js
Why does optimizing large bundle sizes caused by importing heavy server packages into client component trees cause unexpected hydration or rendering errors in Next.js in production applications?,next.js
Why does handling real-time WebSocket connections alongside Next.js Server Components cause unexpected hydration or rendering errors in Next.js in production applications?,next.js
Why does debugging memory leaks in long-running Next.js custom Node server instances cause unexpected hydration or rendering errors in Next.js in production applications?,next.js
Why does implementing multi-tenant subdomains using Next.js middleware rewrite rules cause unexpected hydration or rendering errors in Next.js in production applications?,next.js
Why does handling static asset caching and CDN invalidation on custom Next.js deployments cause unexpected hydration or rendering errors in Next.js in production applications?,next.js
Why does passing sensitive environment variables to Server Components without leaking them to the client bundle cause unexpected hydration or rendering errors in Next.js in production applications?,next.js
Why does handling authentication token refresh rotation inside Next.js App Router route handlers cause unexpected hydration or rendering errors in Next.js in production applications?,next.js
Why does configuring parallel and intercepted routes for complex multi-pane dashboard layouts cause unexpected hydration or rendering errors in Next.js in production applications?,next.js
What is the recommended architectural pattern for caching third-party REST API responses using the extended fetch cache in Next.js App Router in modern Next.js in production applications?,next.js
What is the recommended architectural pattern for managing progressive form enhancement with Server Actions and useActionState in modern Next.js in production applications?,next.js
What is the recommended architectural pattern for optimizing large bundle sizes caused by importing heavy server packages into client component trees in modern Next.js in production applications?,next.js
What is the recommended architectural pattern for handling real-time WebSocket connections alongside Next.js Server Components in modern Next.js in production applications?,next.js
What is the recommended architectural pattern for debugging memory leaks in long-running Next.js custom Node server instances in modern Next.js in production applications?,next.js
What is the recommended architectural pattern for implementing multi-tenant subdomains using Next.js middleware rewrite rules in modern Next.js in production applications?,next.js
What is the recommended architectural pattern for handling static asset caching and CDN invalidation on custom Next.js deployments in modern Next.js in production applications?,next.js
What is the recommended architectural pattern for passing sensitive environment variables to Server Components without leaking them to the client bundle in modern Next.js in production applications?,next.js
What is the recommended architectural pattern for handling authentication token refresh rotation inside Next.js App Router route handlers in modern Next.js in production applications?,next.js
What is the recommended architectural pattern for configuring parallel and intercepted routes for complex multi-pane dashboard layouts in modern Next.js in production applications?,next.js
How do you optimize server-side performance when caching third-party REST API responses using the extended fetch cache in Next.js App Router in Next.js deployments in production applications?,next.js
How do you optimize server-side performance when managing progressive form enhancement with Server Actions and useActionState in Next.js deployments in production applications?,next.js
How do you optimize server-side performance when optimizing large bundle sizes caused by importing heavy server packages into client component trees in Next.js deployments in production applications?,next.js
How do you optimize server-side performance when handling real-time WebSocket connections alongside Next.js Server Components in Next.js deployments in production applications?,next.js
How do you optimize server-side performance when debugging memory leaks in long-running Next.js custom Node server instances in Next.js deployments in production applications?,next.js
How do you optimize server-side performance when implementing multi-tenant subdomains using Next.js middleware rewrite rules in Next.js deployments in production applications?,next.js
How do you optimize server-side performance when handling static asset caching and CDN invalidation on custom Next.js deployments in Next.js deployments in production applications?,next.js
How do you optimize server-side performance when passing sensitive environment variables to Server Components without leaking them to the client bundle in Next.js deployments in production applications?,next.js
How do you optimize server-side performance when handling authentication token refresh rotation inside Next.js App Router route handlers in Next.js deployments in production applications?,next.js
How do you optimize server-side performance when configuring parallel and intercepted routes for complex multi-pane dashboard layouts in Next.js deployments in production applications?,next.js
What causes build failures and routing glitches when caching third-party REST API responses using the extended fetch cache in Next.js App Router in Next.js in production applications?,next.js
What causes build failures and routing glitches when managing progressive form enhancement with Server Actions and useActionState in Next.js in production applications?,next.js
What causes build failures and routing glitches when optimizing large bundle sizes caused by importing heavy server packages into client component trees in Next.js in production applications?,next.js
What causes build failures and routing glitches when handling real-time WebSocket connections alongside Next.js Server Components in Next.js in production applications?,next.js
What causes build failures and routing glitches when debugging memory leaks in long-running Next.js custom Node server instances in Next.js in production applications?,next.js
What causes build failures and routing glitches when implementing multi-tenant subdomains using Next.js middleware rewrite rules in Next.js in production applications?,next.js
What causes build failures and routing glitches when handling static asset caching and CDN invalidation on custom Next.js deployments in Next.js in production applications?,next.js
What causes build failures and routing glitches when passing sensitive environment variables to Server Components without leaking them to the client bundle in Next.js in production applications?,next.js
What causes build failures and routing glitches when handling authentication token refresh rotation inside Next.js App Router route handlers in Next.js in production applications?,next.js
What causes build failures and routing glitches when configuring parallel and intercepted routes for complex multi-pane dashboard layouts in Next.js in production applications?,next.js
How do you prevent Express middleware from hanging the request when an uncaught error occurs inside an async handler?,express.js
Why are incoming JSON payloads parsed as `undefined` when making a `POST` request to an Express route?,express.js
How do you handle Cross-Origin Resource Sharing (CORS) preflight `OPTIONS` requests properly in Express.js?,express.js
Why does calling `next(err)` bypass all regular middleware and jump directly to error-handling middleware?,express.js
How do you structure an Express application using `express.Router` for modular route versioning?,express.js
Why does `res.send()` throw an 'ERR_HTTP_HEADERS_SENT' error when called multiple times in a single request lifecycle?,express.js
How do you handle file uploads in Express using `multer` while validating file size and MIME type restrictions?,express.js
Why does Express's built-in `express.urlencoded` fail to parse nested multipart form objects without special parser flags?,express.js
How do you set secure HTTP-only cookies in Express using `cookie-parser` and `res.cookie`?,express.js
Why does an error inside a Promise callback inside an Express 4 route crash the server process instead of returning a 500 error?,express.js
How do you implement IP-based rate limiting on sensitive Express authentication endpoints using `express-rate-limit`?,express.js
Why does modifying `req.params` inside a middleware fail to persist to subsequent matched route handlers?,express.js
How do you sanitize user inputs in Express against NoSQL injection and Cross-Site Scripting (XSS) attacks?,express.js
Why does `express.static` serve files with incorrect caching headers if `maxAge` is not explicitly configured?,express.js
How do you authenticate protected Express routes using JSON Web Tokens (JWT) inside an authorization middleware?,express.js
Why does the order of middleware declaration in Express determine whether request logging or body parsing happens first?,express.js
How do you compress HTTP response bodies in Express using the `compression` middleware?,express.js
Why does `req.ip` return `127.0.0.1` when your Express application runs behind an Nginx reverse proxy?,express.js
"How do you configure Express behind a reverse proxy using `app.set('trust proxy', 1)` to capture the client's real IP?",express.js
"Why does `app.use('/api', ...)` execute for all sub-paths while `app.get('/api', ...)` matches only exact GET requests?",express.js
How do you implement server-sent events (SSE) in Express to push real-time updates to the browser?,express.js
Why does Express fail to catch synchronous exceptions thrown inside external event listener callbacks?,express.js
How do you validate request query parameters and body schemas using `express-validator` or `zod` middleware?,express.js
Why does `res.redirect` fail to redirect AJAX fetch requests from single-page frontend applications?,express.js
How do you create custom HTTP request logging middleware in Express using `morgan` and `winston`?,express.js
Why does `res.json()` convert `undefined` object properties to omitted keys during response serialization?,express.js
How do you handle graceful connection draining in an Express HTTP server during zero-downtime rolling updates?,express.js
Why does `app.all()` match all HTTP verbs for a specific route while wildcard routes match arbitrary URL patterns?,express.js
How do you secure Express applications against common web vulnerabilities using the `helmet` middleware suite?,express.js
Why does an uncaught asynchronous error in Express 5 get handled automatically while Express 4 requires wrapper functions?,express.js
How do you solve issues when managing session persistence across clustered Express instances using Redis store in Express.js backend services?,express.js
How do you solve issues when handling large streaming file downloads in Express without running out of server RAM in Express.js backend services?,express.js
How do you solve issues when implementing role-based access control (RBAC) middleware across nested Express routers in Express.js backend services?,express.js
How do you solve issues when handling timeout management for slow downstream API calls in Express middleware in Express.js backend services?,express.js
How do you solve issues when preventing parameter pollution attacks on Express query parameters with hpp middleware in Express.js backend services?,express.js
How do you solve issues when validating webhook HMAC signatures in raw unparsed body payloads in Express in Express.js backend services?,express.js
How do you solve issues when logging distributed correlation IDs across Express request lifecycles using async_hooks in Express.js backend services?,express.js
How do you solve issues when handling automated response caching for idempotent GET routes using memory cache middleware in Express.js backend services?,express.js
How do you solve issues when debugging slow middleware execution pipelines in Express using execution timers in Express.js backend services?,express.js
How do you solve issues when configuring secure HTTPS certificates and TLS parameters natively inside Express applications in Express.js backend services?,express.js
Why does managing session persistence across clustered Express instances using Redis store cause unexpected request drops or server errors in Express?,express.js
Why does handling large streaming file downloads in Express without running out of server RAM cause unexpected request drops or server errors in Express?,express.js
Why does implementing role-based access control (RBAC) middleware across nested Express routers cause unexpected request drops or server errors in Express?,express.js
Why does handling timeout management for slow downstream API calls in Express middleware cause unexpected request drops or server errors in Express?,express.js
Why does preventing parameter pollution attacks on Express query parameters with hpp middleware cause unexpected request drops or server errors in Express?,express.js
Why does validating webhook HMAC signatures in raw unparsed body payloads in Express cause unexpected request drops or server errors in Express?,express.js
Why does logging distributed correlation IDs across Express request lifecycles using async_hooks cause unexpected request drops or server errors in Express?,express.js
Why does handling automated response caching for idempotent GET routes using memory cache middleware cause unexpected request drops or server errors in Express?,express.js
Why does debugging slow middleware execution pipelines in Express using execution timers cause unexpected request drops or server errors in Express?,express.js
Why does configuring secure HTTPS certificates and TLS parameters natively inside Express applications cause unexpected request drops or server errors in Express?,express.js
What is the recommended middleware approach for managing session persistence across clustered Express instances using Redis store in Express.js?,express.js
What is the recommended middleware approach for handling large streaming file downloads in Express without running out of server RAM in Express.js?,express.js
What is the recommended middleware approach for implementing role-based access control (RBAC) middleware across nested Express routers in Express.js?,express.js
What is the recommended middleware approach for handling timeout management for slow downstream API calls in Express middleware in Express.js?,express.js
What is the recommended middleware approach for preventing parameter pollution attacks on Express query parameters with hpp middleware in Express.js?,express.js
What is the recommended middleware approach for validating webhook HMAC signatures in raw unparsed body payloads in Express in Express.js?,express.js
What is the recommended middleware approach for logging distributed correlation IDs across Express request lifecycles using async_hooks in Express.js?,express.js
What is the recommended middleware approach for handling automated response caching for idempotent GET routes using memory cache middleware in Express.js?,express.js
What is the recommended middleware approach for debugging slow middleware execution pipelines in Express using execution timers in Express.js?,express.js
What is the recommended middleware approach for configuring secure HTTPS certificates and TLS parameters natively inside Express applications in Express.js?,express.js
How do you optimize API throughput when managing session persistence across clustered Express instances using Redis store in Express.js servers?,express.js
How do you optimize API throughput when handling large streaming file downloads in Express without running out of server RAM in Express.js servers?,express.js
How do you optimize API throughput when implementing role-based access control (RBAC) middleware across nested Express routers in Express.js servers?,express.js
How do you optimize API throughput when handling timeout management for slow downstream API calls in Express middleware in Express.js servers?,express.js
How do you optimize API throughput when preventing parameter pollution attacks on Express query parameters with hpp middleware in Express.js servers?,express.js
How do you optimize API throughput when validating webhook HMAC signatures in raw unparsed body payloads in Express in Express.js servers?,express.js
How do you optimize API throughput when logging distributed correlation IDs across Express request lifecycles using async_hooks in Express.js servers?,express.js
How do you optimize API throughput when handling automated response caching for idempotent GET routes using memory cache middleware in Express.js servers?,express.js
How do you optimize API throughput when debugging slow middleware execution pipelines in Express using execution timers in Express.js servers?,express.js
How do you optimize API throughput when configuring secure HTTPS certificates and TLS parameters natively inside Express applications in Express.js servers?,express.js
What causes security vulnerabilities or memory bloat when managing session persistence across clustered Express instances using Redis store in Express?,express.js
What causes security vulnerabilities or memory bloat when handling large streaming file downloads in Express without running out of server RAM in Express?,express.js
What causes security vulnerabilities or memory bloat when implementing role-based access control (RBAC) middleware across nested Express routers in Express?,express.js
What causes security vulnerabilities or memory bloat when handling timeout management for slow downstream API calls in Express middleware in Express?,express.js
What causes security vulnerabilities or memory bloat when preventing parameter pollution attacks on Express query parameters with hpp middleware in Express?,express.js
What causes security vulnerabilities or memory bloat when validating webhook HMAC signatures in raw unparsed body payloads in Express in Express?,express.js
What causes security vulnerabilities or memory bloat when logging distributed correlation IDs across Express request lifecycles using async_hooks in Express?,express.js
What causes security vulnerabilities or memory bloat when handling automated response caching for idempotent GET routes using memory cache middleware in Express?,express.js
What causes security vulnerabilities or memory bloat when debugging slow middleware execution pipelines in Express using execution timers in Express?,express.js
What causes security vulnerabilities or memory bloat when configuring secure HTTPS certificates and TLS parameters natively inside Express applications in Express?,express.js
How do you structure custom middleware handlers when managing session persistence across clustered Express instances using Redis store in Express applications?,express.js
How do you structure custom middleware handlers when handling large streaming file downloads in Express without running out of server RAM in Express applications?,express.js
How do you structure custom middleware handlers when implementing role-based access control (RBAC) middleware across nested Express routers in Express applications?,express.js
How do you structure custom middleware handlers when handling timeout management for slow downstream API calls in Express middleware in Express applications?,express.js
How do you structure custom middleware handlers when preventing parameter pollution attacks on Express query parameters with hpp middleware in Express applications?,express.js
How do you structure custom middleware handlers when validating webhook HMAC signatures in raw unparsed body payloads in Express in Express applications?,express.js
How do you structure custom middleware handlers when logging distributed correlation IDs across Express request lifecycles using async_hooks in Express applications?,express.js
How do you structure custom middleware handlers when handling automated response caching for idempotent GET routes using memory cache middleware in Express applications?,express.js
How do you structure custom middleware handlers when debugging slow middleware execution pipelines in Express using execution timers in Express applications?,express.js
How do you structure custom middleware handlers when configuring secure HTTPS certificates and TLS parameters natively inside Express applications in Express applications?,express.js
How do you solve issues when managing session persistence across clustered Express instances using Redis store in Express.js backend services in production applications?,express.js
How do you solve issues when handling large streaming file downloads in Express without running out of server RAM in Express.js backend services in production applications?,express.js
How do you solve issues when implementing role-based access control (RBAC) middleware across nested Express routers in Express.js backend services in production applications?,express.js
How do you solve issues when handling timeout management for slow downstream API calls in Express middleware in Express.js backend services in production applications?,express.js
How do you solve issues when preventing parameter pollution attacks on Express query parameters with hpp middleware in Express.js backend services in production applications?,express.js
How do you solve issues when validating webhook HMAC signatures in raw unparsed body payloads in Express in Express.js backend services in production applications?,express.js
How do you solve issues when logging distributed correlation IDs across Express request lifecycles using async_hooks in Express.js backend services in production applications?,express.js
How do you solve issues when handling automated response caching for idempotent GET routes using memory cache middleware in Express.js backend services in production applications?,express.js
How do you solve issues when debugging slow middleware execution pipelines in Express using execution timers in Express.js backend services in production applications?,express.js
How do you solve issues when configuring secure HTTPS certificates and TLS parameters natively inside Express applications in Express.js backend services in production applications?,express.js
Why does managing session persistence across clustered Express instances using Redis store cause unexpected request drops or server errors in Express in production applications?,express.js
Why does handling large streaming file downloads in Express without running out of server RAM cause unexpected request drops or server errors in Express in production applications?,express.js
Why does implementing role-based access control (RBAC) middleware across nested Express routers cause unexpected request drops or server errors in Express in production applications?,express.js
Why does handling timeout management for slow downstream API calls in Express middleware cause unexpected request drops or server errors in Express in production applications?,express.js
Why does preventing parameter pollution attacks on Express query parameters with hpp middleware cause unexpected request drops or server errors in Express in production applications?,express.js
Why does validating webhook HMAC signatures in raw unparsed body payloads in Express cause unexpected request drops or server errors in Express in production applications?,express.js
Why does logging distributed correlation IDs across Express request lifecycles using async_hooks cause unexpected request drops or server errors in Express in production applications?,express.js
Why does handling automated response caching for idempotent GET routes using memory cache middleware cause unexpected request drops or server errors in Express in production applications?,express.js
Why does debugging slow middleware execution pipelines in Express using execution timers cause unexpected request drops or server errors in Express in production applications?,express.js
Why does configuring secure HTTPS certificates and TLS parameters natively inside Express applications cause unexpected request drops or server errors in Express in production applications?,express.js
What is the recommended middleware approach for managing session persistence across clustered Express instances using Redis store in Express.js in production applications?,express.js
What is the recommended middleware approach for handling large streaming file downloads in Express without running out of server RAM in Express.js in production applications?,express.js
What is the recommended middleware approach for implementing role-based access control (RBAC) middleware across nested Express routers in Express.js in production applications?,express.js
What is the recommended middleware approach for handling timeout management for slow downstream API calls in Express middleware in Express.js in production applications?,express.js
What is the recommended middleware approach for preventing parameter pollution attacks on Express query parameters with hpp middleware in Express.js in production applications?,express.js
What is the recommended middleware approach for validating webhook HMAC signatures in raw unparsed body payloads in Express in Express.js in production applications?,express.js
What is the recommended middleware approach for logging distributed correlation IDs across Express request lifecycles using async_hooks in Express.js in production applications?,express.js
What is the recommended middleware approach for handling automated response caching for idempotent GET routes using memory cache middleware in Express.js in production applications?,express.js
What is the recommended middleware approach for debugging slow middleware execution pipelines in Express using execution timers in Express.js in production applications?,express.js
What is the recommended middleware approach for configuring secure HTTPS certificates and TLS parameters natively inside Express applications in Express.js in production applications?,express.js
How do you optimize API throughput when managing session persistence across clustered Express instances using Redis store in Express.js servers in production applications?,express.js
How do you optimize API throughput when handling large streaming file downloads in Express without running out of server RAM in Express.js servers in production applications?,express.js
How do you optimize API throughput when implementing role-based access control (RBAC) middleware across nested Express routers in Express.js servers in production applications?,express.js
How do you optimize API throughput when handling timeout management for slow downstream API calls in Express middleware in Express.js servers in production applications?,express.js
How do you optimize API throughput when preventing parameter pollution attacks on Express query parameters with hpp middleware in Express.js servers in production applications?,express.js
How do you optimize API throughput when validating webhook HMAC signatures in raw unparsed body payloads in Express in Express.js servers in production applications?,express.js
How do you optimize API throughput when logging distributed correlation IDs across Express request lifecycles using async_hooks in Express.js servers in production applications?,express.js
How do you optimize API throughput when handling automated response caching for idempotent GET routes using memory cache middleware in Express.js servers in production applications?,express.js
How do you optimize API throughput when debugging slow middleware execution pipelines in Express using execution timers in Express.js servers in production applications?,express.js
How do you optimize API throughput when configuring secure HTTPS certificates and TLS parameters natively inside Express applications in Express.js servers in production applications?,express.js
What causes security vulnerabilities or memory bloat when managing session persistence across clustered Express instances using Redis store in Express in production applications?,express.js
What causes security vulnerabilities or memory bloat when handling large streaming file downloads in Express without running out of server RAM in Express in production applications?,express.js
What causes security vulnerabilities or memory bloat when implementing role-based access control (RBAC) middleware across nested Express routers in Express in production applications?,express.js
What causes security vulnerabilities or memory bloat when handling timeout management for slow downstream API calls in Express middleware in Express in production applications?,express.js
What causes security vulnerabilities or memory bloat when preventing parameter pollution attacks on Express query parameters with hpp middleware in Express in production applications?,express.js
What causes security vulnerabilities or memory bloat when validating webhook HMAC signatures in raw unparsed body payloads in Express in Express in production applications?,express.js
What causes security vulnerabilities or memory bloat when logging distributed correlation IDs across Express request lifecycles using async_hooks in Express in production applications?,express.js
What causes security vulnerabilities or memory bloat when handling automated response caching for idempotent GET routes using memory cache middleware in Express in production applications?,express.js
What causes security vulnerabilities or memory bloat when debugging slow middleware execution pipelines in Express using execution timers in Express in production applications?,express.js
What causes security vulnerabilities or memory bloat when configuring secure HTTPS certificates and TLS parameters natively inside Express applications in Express in production applications?,express.js
How do you structure custom middleware handlers when managing session persistence across clustered Express instances using Redis store in Express applications in production applications?,express.js
How do you structure custom middleware handlers when handling large streaming file downloads in Express without running out of server RAM in Express applications in production applications?,express.js
How do you structure custom middleware handlers when implementing role-based access control (RBAC) middleware across nested Express routers in Express applications in production applications?,express.js
How do you structure custom middleware handlers when handling timeout management for slow downstream API calls in Express middleware in Express applications in production applications?,express.js
How do you structure custom middleware handlers when preventing parameter pollution attacks on Express query parameters with hpp middleware in Express applications in production applications?,express.js
How do you structure custom middleware handlers when validating webhook HMAC signatures in raw unparsed body payloads in Express in Express applications in production applications?,express.js
How do you structure custom middleware handlers when logging distributed correlation IDs across Express request lifecycles using async_hooks in Express applications in production applications?,express.js
How do you structure custom middleware handlers when handling automated response caching for idempotent GET routes using memory cache middleware in Express applications in production applications?,express.js
How do you structure custom middleware handlers when debugging slow middleware execution pipelines in Express using execution timers in Express applications in production applications?,express.js
How do you structure custom middleware handlers when configuring secure HTTPS certificates and TLS parameters natively inside Express applications in Express applications in production applications?,express.js
How do you resolve Django's `OperationalError: no such table` after creating a new model without running migrations?,python
Why does Django's ORM generate N+1 queries when accessing related ForeignKey fields in a template loop?,python
How do you resolve N+1 query bottlenecks in Django using `select_related` versus `prefetch_related`?,python
Why does `null=True` on a Django `CharField` create inconsistent empty representations instead of using `blank=True`?,python
How do you customize the default Django User model without breaking existing foreign key relationships?,python
Why does Django's `save()` method fail to trigger model validation unless `full_clean()` is explicitly called?,python
How do you implement atomic database transactions across multiple model updates in Django using `transaction.atomic()`?,python
Why do Django signals make business logic harder to debug and test compared to overriding model methods?,python
How do you handle file uploads to AWS S3 in Django using `django-storages` and `boto3`?,python
Why does Django raise a `DisallowedHost` error when deploying behind a reverse proxy without setting `ALLOWED_HOSTS`?,python
How do you configure Celery with Django to process asynchronous background email notifications?,python
Why does modifying a model field's `default` value require creating a migration even when no database schema changes occur?,python
How do you optimize Django ORM queries using `only()` and `defer()` to load specific database columns?,python
Why does Django's CSRF verification fail on POST requests submitted from mobile apps or decoupled single-page frontends?,python
How do you build REST APIs with authentication and nested serialization using Django REST Framework (DRF)?,python
Why does DRF's `SerializerMethodField` slow down API response serialization for large querysets?,python
How do you implement cursor-based pagination in Django REST Framework to handle high-frequency data feeds?,python
Why does Django's `get_or_create()` raise `MultipleObjectsReturned` during high-concurrency race conditions?,python
How do you implement multi-tenant schema isolation in Django using `django-tenants`?,python
Why does `settings.DEBUG = False` prevent Django from serving static files automatically in development servers?,python
How do you secure Django session cookies with `SESSION_COOKIE_SECURE` and `SESSION_COOKIE_HTTPONLY` in production?,python
Why does overriding a model's `__init__` method in Django break internal field tracking and queryset instantiation?,python
How do you implement full-text search in Django using PostgreSQL search vectors and search queries?,python
Why does Django's test runner destroy and recreate the test database on every test run unless `--keepdb` is passed?,python
How do you cache expensive Django view responses using Redis and Django's caching framework?,python
Why does `F()` expressions in Django allow updating database fields atomically without loading values into Python memory?,python
How do you build real-time WebSocket applications in Django using Django Channels and Redis channel layers?,python
Why does Django's `bulk_create()` fail to call model `save()` methods or emit `post_save` signals?,python
How do you write custom management commands in Django to automate scheduled data cleanup tasks?,python
Why does `django-cors-headers` fail to allow cross-origin requests if its middleware is not placed at the top of the stack?,python
Why is a FastAPI background task failing to execute after returning the initial response object?,python
How do you validate nested JSON request bodies in FastAPI using Pydantic models?,python
Why does defining an endpoint with `def` run in a separate threadpool while `async def` runs on the main event loop in FastAPI?,python
How do you implement dependency injection in FastAPI using `Depends` for database session management?,python
Why does FastAPI throw a `ValidationError` when a client sends an integer value for a string field that cannot be coerced?,python
How do you stream large file downloads or Server-Sent Events in FastAPI using `StreamingResponse`?,python
Why does `asyncio.sleep` allow concurrent request handling in FastAPI while `time.sleep` blocks the entire worker process?,python
How do you handle OAuth2 password flow with JWT bearer tokens in FastAPI?,python
Why does Pydantic v2 raise `PydanticUserError` when using deprecated `regex` instead of `pattern` in field constraints?,python
How do you configure CORS middleware in FastAPI to allow specific frontend origins with credential headers?,python
Why does a CPU-bound computation inside an `async def` endpoint degrade response times across all FastAPI routes?,python
How do you offload CPU-bound calculations in FastAPI using `asyncio.to_thread` or process pools?,python
Why does SQLAlchemy async session throw `MissingGreenlet` error when lazy loading relationships in FastAPI?,python
How do you write integration tests for FastAPI endpoints using `pytest` and `httpx.AsyncClient`?,python
Why does FastAPI generate OpenAPI documentation automatically from route type hints and Pydantic schemas?,python
How do you implement custom global exception handlers in FastAPI to standardize API error responses?,python
Why does `fastapi.UploadFile` use temporary disk spooling for large files while `bytes` loads the entire file into memory?,python
How do you manage database connection lifecycles in FastAPI using `lifespan` context managers?,python
Why does Pydantic's `orm_mode` / `from_attributes` required to serialize SQLAlchemy model instances into JSON schemas?,python
How do you rate limit FastAPI endpoints dynamically using `slowapi` and Redis backend stores?,python
Why does Flask throw a `Working outside of application context` error when accessing `current_app` in a background thread?,python
How do you manage database migrations in Flask using Flask-Migrate and Alembic?,python
Why does Flask's `g` object reset its state at the end of each incoming HTTP request?,python
How do you modularize a large Flask application into independent feature modules using Blueprints?,python
Why does `gunicorn` with synchronous worker classes hang when incoming web requests take a long time to complete?,python
How do you configure Gunicorn with `gevent` or `uvicorn.workers.UvicornWorker` for high-concurrency Python web apps?,python
"Why does mutable default argument `def add_item(item, list=[])` retain items across different function calls in Python?",python
How do you profile Python web backend memory leaks and CPU bottlenecks using `cProfile` and `memory_profiler`?,python
Why does Python's Global Interpreter Lock (GIL) prevent multi-threaded CPU-bound speedup across multiple CPU cores?,python
How do you parse and validate complex YAML or JSON configuration files in Python web microservices?,python
Why does using `is` instead of `==` for integer equality comparisons fail for numbers outside Python's small integer cache?,python
How do you manage virtual environments and lock reproducible package dependencies using `poetry` or `pipenv`?,python
Why does an uncaught exception inside a generator function terminate the generator iteration prematurely?,python
How do you implement a thread-safe singleton pattern in Python for sharing database connection pools?,python
Why does `deepcopy` fail or cause massive memory overhead on objects with deep circular reference graphs in Python?,python
How do you troubleshoot issues when configuring Alembic multi-branch migrations across distributed development teams in Python web development?,python
How do you troubleshoot issues when managing distributed task retries and exponential backoff in Celery with RabbitMQ in Python web development?,python
How do you troubleshoot issues when optimizing SQLAlchemy session commit and query caching in high-load Python microservices in Python web development?,python
How do you troubleshoot issues when handling graceful shutdown and signal handling in Uvicorn ASGI application servers in Python web development?,python
How do you troubleshoot issues when implementing structured JSON logging with request tracing IDs in Python backend services in Python web development?,python
How do you troubleshoot issues when securing Python web applications against command injection and deserialization attacks with pickle in Python web development?,python
How do you troubleshoot issues when handling thread-safe concurrency with multiprocessing and shared memory in Python backends in Python web development?,python
How do you troubleshoot issues when managing microservice authentication using gRPC and Protocol Buffers in Python in Python web development?,python
How do you troubleshoot issues when optimizing Pandas data frame serialization to JSON API endpoints in Python in Python web development?,python
How do you troubleshoot issues when building event-driven architectures in Python using Kafka and aiokafka in Python web development?,python
Why does configuring Alembic multi-branch migrations across distributed development teams cause performance bottlenecks or crashes in Python backends?,python
Why does managing distributed task retries and exponential backoff in Celery with RabbitMQ cause performance bottlenecks or crashes in Python backends?,python
Why does optimizing SQLAlchemy session commit and query caching in high-load Python microservices cause performance bottlenecks or crashes in Python backends?,python
Why does handling graceful shutdown and signal handling in Uvicorn ASGI application servers cause performance bottlenecks or crashes in Python backends?,python
Why does implementing structured JSON logging with request tracing IDs in Python backend services cause performance bottlenecks or crashes in Python backends?,python
Why does securing Python web applications against command injection and deserialization attacks with pickle cause performance bottlenecks or crashes in Python backends?,python
Why does handling thread-safe concurrency with multiprocessing and shared memory in Python backends cause performance bottlenecks or crashes in Python backends?,python
Why does managing microservice authentication using gRPC and Protocol Buffers in Python cause performance bottlenecks or crashes in Python backends?,python
Why does optimizing Pandas data frame serialization to JSON API endpoints in Python cause performance bottlenecks or crashes in Python backends?,python
Why does building event-driven architectures in Python using Kafka and aiokafka cause performance bottlenecks or crashes in Python backends?,python
What is the recommended architectural pattern for configuring Alembic multi-branch migrations across distributed development teams in modern Python web stacks?,python
What is the recommended architectural pattern for managing distributed task retries and exponential backoff in Celery with RabbitMQ in modern Python web stacks?,python
What is the recommended architectural pattern for optimizing SQLAlchemy session commit and query caching in high-load Python microservices in modern Python web stacks?,python
What is the recommended architectural pattern for handling graceful shutdown and signal handling in Uvicorn ASGI application servers in modern Python web stacks?,python
What is the recommended architectural pattern for implementing structured JSON logging with request tracing IDs in Python backend services in modern Python web stacks?,python
What is the recommended architectural pattern for securing Python web applications against command injection and deserialization attacks with pickle in modern Python web stacks?,python
What is the recommended architectural pattern for handling thread-safe concurrency with multiprocessing and shared memory in Python backends in modern Python web stacks?,python
What is the recommended architectural pattern for managing microservice authentication using gRPC and Protocol Buffers in Python in modern Python web stacks?,python
What is the recommended architectural pattern for optimizing Pandas data frame serialization to JSON API endpoints in Python in modern Python web stacks?,python
What is the recommended architectural pattern for building event-driven architectures in Python using Kafka and aiokafka in modern Python web stacks?,python
How do you optimize asynchronous execution when configuring Alembic multi-branch migrations across distributed development teams in Python web applications?,python
How do you optimize asynchronous execution when managing distributed task retries and exponential backoff in Celery with RabbitMQ in Python web applications?,python
How do you optimize asynchronous execution when optimizing SQLAlchemy session commit and query caching in high-load Python microservices in Python web applications?,python
How do you optimize asynchronous execution when handling graceful shutdown and signal handling in Uvicorn ASGI application servers in Python web applications?,python
How do you optimize asynchronous execution when implementing structured JSON logging with request tracing IDs in Python backend services in Python web applications?,python
How do you optimize asynchronous execution when securing Python web applications against command injection and deserialization attacks with pickle in Python web applications?,python
How do you optimize asynchronous execution when handling thread-safe concurrency with multiprocessing and shared memory in Python backends in Python web applications?,python
How do you optimize asynchronous execution when managing microservice authentication using gRPC and Protocol Buffers in Python in Python web applications?,python
How do you optimize asynchronous execution when optimizing Pandas data frame serialization to JSON API endpoints in Python in Python web applications?,python
How do you optimize asynchronous execution when building event-driven architectures in Python using Kafka and aiokafka in Python web applications?,python
What causes unexpected concurrency bugs when configuring Alembic multi-branch migrations across distributed development teams in production Python services?,python
What causes unexpected concurrency bugs when managing distributed task retries and exponential backoff in Celery with RabbitMQ in production Python services?,python
What causes unexpected concurrency bugs when optimizing SQLAlchemy session commit and query caching in high-load Python microservices in production Python services?,python
What causes unexpected concurrency bugs when handling graceful shutdown and signal handling in Uvicorn ASGI application servers in production Python services?,python
What causes unexpected concurrency bugs when implementing structured JSON logging with request tracing IDs in Python backend services in production Python services?,python
What causes unexpected concurrency bugs when securing Python web applications against command injection and deserialization attacks with pickle in production Python services?,python
What causes unexpected concurrency bugs when handling thread-safe concurrency with multiprocessing and shared memory in Python backends in production Python services?,python
What causes unexpected concurrency bugs when managing microservice authentication using gRPC and Protocol Buffers in Python in production Python services?,python
What causes unexpected concurrency bugs when optimizing Pandas data frame serialization to JSON API endpoints in Python in production Python services?,python
What causes unexpected concurrency bugs when building event-driven architectures in Python using Kafka and aiokafka in production Python services?,python
How do you write comprehensive unit and integration tests when configuring Alembic multi-branch migrations across distributed development teams in Python?,python
How do you write comprehensive unit and integration tests when managing distributed task retries and exponential backoff in Celery with RabbitMQ in Python?,python
How do you write comprehensive unit and integration tests when optimizing SQLAlchemy session commit and query caching in high-load Python microservices in Python?,python
How do you write comprehensive unit and integration tests when handling graceful shutdown and signal handling in Uvicorn ASGI application servers in Python?,python
How do you write comprehensive unit and integration tests when implementing structured JSON logging with request tracing IDs in Python backend services in Python?,python
How do you write comprehensive unit and integration tests when securing Python web applications against command injection and deserialization attacks with pickle in Python?,python
How do you write comprehensive unit and integration tests when handling thread-safe concurrency with multiprocessing and shared memory in Python backends in Python?,python
How do you write comprehensive unit and integration tests when managing microservice authentication using gRPC and Protocol Buffers in Python in Python?,python
How do you write comprehensive unit and integration tests when optimizing Pandas data frame serialization to JSON API endpoints in Python in Python?,python
How do you write comprehensive unit and integration tests when building event-driven architectures in Python using Kafka and aiokafka in Python?,python
How do you properly manage server resources and thread safety when configuring Alembic multi-branch migrations across distributed development teams in Python web frameworks?,python
How do you properly manage server resources and thread safety when managing distributed task retries and exponential backoff in Celery with RabbitMQ in Python web frameworks?,python
How do you properly manage server resources and thread safety when optimizing SQLAlchemy session commit and query caching in high-load Python microservices in Python web frameworks?,python
How do you properly manage server resources and thread safety when handling graceful shutdown and signal handling in Uvicorn ASGI application servers in Python web frameworks?,python
How do you properly manage server resources and thread safety when implementing structured JSON logging with request tracing IDs in Python backend services in Python web frameworks?,python
How do you properly manage server resources and thread safety when securing Python web applications against command injection and deserialization attacks with pickle in Python web frameworks?,python
How do you properly manage server resources and thread safety when handling thread-safe concurrency with multiprocessing and shared memory in Python backends in Python web frameworks?,python
How do you properly manage server resources and thread safety when managing microservice authentication using gRPC and Protocol Buffers in Python in Python web frameworks?,python
How do you properly manage server resources and thread safety when optimizing Pandas data frame serialization to JSON API endpoints in Python in Python web frameworks?,python
How do you properly manage server resources and thread safety when building event-driven architectures in Python using Kafka and aiokafka in Python web frameworks?,python
How do you troubleshoot issues when configuring Alembic multi-branch migrations across distributed development teams in Python web development in production applications?,python
How do you troubleshoot issues when managing distributed task retries and exponential backoff in Celery with RabbitMQ in Python web development in production applications?,python
How do you troubleshoot issues when optimizing SQLAlchemy session commit and query caching in high-load Python microservices in Python web development in production applications?,python
How do you troubleshoot issues when handling graceful shutdown and signal handling in Uvicorn ASGI application servers in Python web development in production applications?,python
How do you troubleshoot issues when implementing structured JSON logging with request tracing IDs in Python backend services in Python web development in production applications?,python
How do you troubleshoot issues when securing Python web applications against command injection and deserialization attacks with pickle in Python web development in production applications?,python
How do you troubleshoot issues when handling thread-safe concurrency with multiprocessing and shared memory in Python backends in Python web development in production applications?,python
How do you troubleshoot issues when managing microservice authentication using gRPC and Protocol Buffers in Python in Python web development in production applications?,python
How do you troubleshoot issues when optimizing Pandas data frame serialization to JSON API endpoints in Python in Python web development in production applications?,python
How do you troubleshoot issues when building event-driven architectures in Python using Kafka and aiokafka in Python web development in production applications?,python
Why does configuring Alembic multi-branch migrations across distributed development teams cause performance bottlenecks or crashes in Python backends in production applications?,python
Why does managing distributed task retries and exponential backoff in Celery with RabbitMQ cause performance bottlenecks or crashes in Python backends in production applications?,python
Why does optimizing SQLAlchemy session commit and query caching in high-load Python microservices cause performance bottlenecks or crashes in Python backends in production applications?,python
Why does handling graceful shutdown and signal handling in Uvicorn ASGI application servers cause performance bottlenecks or crashes in Python backends in production applications?,python
Why does implementing structured JSON logging with request tracing IDs in Python backend services cause performance bottlenecks or crashes in Python backends in production applications?,python
Why does securing Python web applications against command injection and deserialization attacks with pickle cause performance bottlenecks or crashes in Python backends in production applications?,python
Why does handling thread-safe concurrency with multiprocessing and shared memory in Python backends cause performance bottlenecks or crashes in Python backends in production applications?,python
Why does managing microservice authentication using gRPC and Protocol Buffers in Python cause performance bottlenecks or crashes in Python backends in production applications?,python
Why does optimizing Pandas data frame serialization to JSON API endpoints in Python cause performance bottlenecks or crashes in Python backends in production applications?,python
Why does building event-driven architectures in Python using Kafka and aiokafka cause performance bottlenecks or crashes in Python backends in production applications?,python
What is the recommended architectural pattern for configuring Alembic multi-branch migrations across distributed development teams in modern Python web stacks in production applications?,python
What is the recommended architectural pattern for managing distributed task retries and exponential backoff in Celery with RabbitMQ in modern Python web stacks in production applications?,python
What is the recommended architectural pattern for optimizing SQLAlchemy session commit and query caching in high-load Python microservices in modern Python web stacks in production applications?,python
What is the recommended architectural pattern for handling graceful shutdown and signal handling in Uvicorn ASGI application servers in modern Python web stacks in production applications?,python
What is the recommended architectural pattern for implementing structured JSON logging with request tracing IDs in Python backend services in modern Python web stacks in production applications?,python
What is the recommended architectural pattern for securing Python web applications against command injection and deserialization attacks with pickle in modern Python web stacks in production applications?,python
What is the recommended architectural pattern for handling thread-safe concurrency with multiprocessing and shared memory in Python backends in modern Python web stacks in production applications?,python
What is the recommended architectural pattern for managing microservice authentication using gRPC and Protocol Buffers in Python in modern Python web stacks in production applications?,python
What is the recommended architectural pattern for optimizing Pandas data frame serialization to JSON API endpoints in Python in modern Python web stacks in production applications?,python
What is the recommended architectural pattern for building event-driven architectures in Python using Kafka and aiokafka in modern Python web stacks in production applications?,python
How do you optimize asynchronous execution when configuring Alembic multi-branch migrations across distributed development teams in Python web applications in production applications?,python
How do you optimize asynchronous execution when managing distributed task retries and exponential backoff in Celery with RabbitMQ in Python web applications in production applications?,python
How do you optimize asynchronous execution when optimizing SQLAlchemy session commit and query caching in high-load Python microservices in Python web applications in production applications?,python
How do you optimize asynchronous execution when handling graceful shutdown and signal handling in Uvicorn ASGI application servers in Python web applications in production applications?,python
How do you optimize asynchronous execution when implementing structured JSON logging with request tracing IDs in Python backend services in Python web applications in production applications?,python
How do you optimize asynchronous execution when securing Python web applications against command injection and deserialization attacks with pickle in Python web applications in production applications?,python
How do you optimize asynchronous execution when handling thread-safe concurrency with multiprocessing and shared memory in Python backends in Python web applications in production applications?,python
How do you optimize asynchronous execution when managing microservice authentication using gRPC and Protocol Buffers in Python in Python web applications in production applications?,python
How do you optimize asynchronous execution when optimizing Pandas data frame serialization to JSON API endpoints in Python in Python web applications in production applications?,python
How do you optimize asynchronous execution when building event-driven architectures in Python using Kafka and aiokafka in Python web applications in production applications?,python
What causes unexpected concurrency bugs when configuring Alembic multi-branch migrations across distributed development teams in production Python services in production applications?,python
What causes unexpected concurrency bugs when managing distributed task retries and exponential backoff in Celery with RabbitMQ in production Python services in production applications?,python
What causes unexpected concurrency bugs when optimizing SQLAlchemy session commit and query caching in high-load Python microservices in production Python services in production applications?,python
What causes unexpected concurrency bugs when handling graceful shutdown and signal handling in Uvicorn ASGI application servers in production Python services in production applications?,python
What causes unexpected concurrency bugs when implementing structured JSON logging with request tracing IDs in Python backend services in production Python services in production applications?,python
What causes unexpected concurrency bugs when securing Python web applications against command injection and deserialization attacks with pickle in production Python services in production applications?,python
What causes unexpected concurrency bugs when handling thread-safe concurrency with multiprocessing and shared memory in Python backends in production Python services in production applications?,python
What causes unexpected concurrency bugs when managing microservice authentication using gRPC and Protocol Buffers in Python in production Python services in production applications?,python
What causes unexpected concurrency bugs when optimizing Pandas data frame serialization to JSON API endpoints in Python in production Python services in production applications?,python
What causes unexpected concurrency bugs when building event-driven architectures in Python using Kafka and aiokafka in production Python services in production applications?,python
How do you write comprehensive unit and integration tests when configuring Alembic multi-branch migrations across distributed development teams in Python in production applications?,python
How do you write comprehensive unit and integration tests when managing distributed task retries and exponential backoff in Celery with RabbitMQ in Python in production applications?,python
How do you write comprehensive unit and integration tests when optimizing SQLAlchemy session commit and query caching in high-load Python microservices in Python in production applications?,python
How do you write comprehensive unit and integration tests when handling graceful shutdown and signal handling in Uvicorn ASGI application servers in Python in production applications?,python
How do you write comprehensive unit and integration tests when implementing structured JSON logging with request tracing IDs in Python backend services in Python in production applications?,python
How do you write comprehensive unit and integration tests when securing Python web applications against command injection and deserialization attacks with pickle in Python in production applications?,python
How do you write comprehensive unit and integration tests when handling thread-safe concurrency with multiprocessing and shared memory in Python backends in Python in production applications?,python
How do you write comprehensive unit and integration tests when managing microservice authentication using gRPC and Protocol Buffers in Python in Python in production applications?,python
How do you write comprehensive unit and integration tests when optimizing Pandas data frame serialization to JSON API endpoints in Python in Python in production applications?,python
How do you write comprehensive unit and integration tests when building event-driven architectures in Python using Kafka and aiokafka in Python in production applications?,python
How do you properly manage server resources and thread safety when configuring Alembic multi-branch migrations across distributed development teams in Python web frameworks in production applications?,python
How do you properly manage server resources and thread safety when managing distributed task retries and exponential backoff in Celery with RabbitMQ in Python web frameworks in production applications?,python
How do you properly manage server resources and thread safety when optimizing SQLAlchemy session commit and query caching in high-load Python microservices in Python web frameworks in production applications?,python
How do you properly manage server resources and thread safety when handling graceful shutdown and signal handling in Uvicorn ASGI application servers in Python web frameworks in production applications?,python
How do you properly manage server resources and thread safety when implementing structured JSON logging with request tracing IDs in Python backend services in Python web frameworks in production applications?,python
How do you properly manage server resources and thread safety when securing Python web applications against command injection and deserialization attacks with pickle in Python web frameworks in production applications?,python
How do you properly manage server resources and thread safety when handling thread-safe concurrency with multiprocessing and shared memory in Python backends in Python web frameworks in production applications?,python
How do you properly manage server resources and thread safety when managing microservice authentication using gRPC and Protocol Buffers in Python in Python web frameworks in production applications?,python
How do you properly manage server resources and thread safety when optimizing Pandas data frame serialization to JSON API endpoints in Python in Python web frameworks in production applications?,python
How do you properly manage server resources and thread safety when building event-driven architectures in Python using Kafka and aiokafka in Python web frameworks in production applications?,python
How do you troubleshoot issues when configuring Alembic multi-branch migrations across distributed development teams in Python web development in production applications?,python
How do you troubleshoot issues when managing distributed task retries and exponential backoff in Celery with RabbitMQ in Python web development in production applications?,python
How do you troubleshoot issues when optimizing SQLAlchemy session commit and query caching in high-load Python microservices in Python web development in production applications?,python
How do you troubleshoot issues when handling graceful shutdown and signal handling in Uvicorn ASGI application servers in Python web development in production applications?,python
How do you troubleshoot issues when implementing structured JSON logging with request tracing IDs in Python backend services in Python web development in production applications?,python
How do you troubleshoot issues when securing Python web applications against command injection and deserialization attacks with pickle in Python web development in production applications?,python
How do you troubleshoot issues when handling thread-safe concurrency with multiprocessing and shared memory in Python backends in Python web development in production applications?,python
How do you troubleshoot issues when managing microservice authentication using gRPC and Protocol Buffers in Python in Python web development in production applications?,python
How do you troubleshoot issues when optimizing Pandas data frame serialization to JSON API endpoints in Python in Python web development in production applications?,python
How do you troubleshoot issues when building event-driven architectures in Python using Kafka and aiokafka in Python web development in production applications?,python
Why does configuring Alembic multi-branch migrations across distributed development teams cause performance bottlenecks or crashes in Python backends in production applications?,python
Why does managing distributed task retries and exponential backoff in Celery with RabbitMQ cause performance bottlenecks or crashes in Python backends in production applications?,python
Why does optimizing SQLAlchemy session commit and query caching in high-load Python microservices cause performance bottlenecks or crashes in Python backends in production applications?,python
Why does handling graceful shutdown and signal handling in Uvicorn ASGI application servers cause performance bottlenecks or crashes in Python backends in production applications?,python
Why does implementing structured JSON logging with request tracing IDs in Python backend services cause performance bottlenecks or crashes in Python backends in production applications?,python
Why does securing Python web applications against command injection and deserialization attacks with pickle cause performance bottlenecks or crashes in Python backends in production applications?,python
Why does handling thread-safe concurrency with multiprocessing and shared memory in Python backends cause performance bottlenecks or crashes in Python backends in production applications?,python
Why does managing microservice authentication using gRPC and Protocol Buffers in Python cause performance bottlenecks or crashes in Python backends in production applications?,python
Why does optimizing Pandas data frame serialization to JSON API endpoints in Python cause performance bottlenecks or crashes in Python backends in production applications?,python
Why does building event-driven architectures in Python using Kafka and aiokafka cause performance bottlenecks or crashes in Python backends in production applications?,python
What is the recommended architectural pattern for configuring Alembic multi-branch migrations across distributed development teams in modern Python web stacks in production applications?,python
What is the recommended architectural pattern for managing distributed task retries and exponential backoff in Celery with RabbitMQ in modern Python web stacks in production applications?,python
What is the recommended architectural pattern for optimizing SQLAlchemy session commit and query caching in high-load Python microservices in modern Python web stacks in production applications?,python
What is the recommended architectural pattern for handling graceful shutdown and signal handling in Uvicorn ASGI application servers in modern Python web stacks in production applications?,python
What is the recommended architectural pattern for implementing structured JSON logging with request tracing IDs in Python backend services in modern Python web stacks in production applications?,python
What is the recommended architectural pattern for securing Python web applications against command injection and deserialization attacks with pickle in modern Python web stacks in production applications?,python
What is the recommended architectural pattern for handling thread-safe concurrency with multiprocessing and shared memory in Python backends in modern Python web stacks in production applications?,python
What is the recommended architectural pattern for managing microservice authentication using gRPC and Protocol Buffers in Python in modern Python web stacks in production applications?,python
What is the recommended architectural pattern for optimizing Pandas data frame serialization to JSON API endpoints in Python in modern Python web stacks in production applications?,python
What is the recommended architectural pattern for building event-driven architectures in Python using Kafka and aiokafka in modern Python web stacks in production applications?,python
How do you optimize asynchronous execution when configuring Alembic multi-branch migrations across distributed development teams in Python web applications in production applications?,python
How do you optimize asynchronous execution when managing distributed task retries and exponential backoff in Celery with RabbitMQ in Python web applications in production applications?,python
How do you optimize asynchronous execution when optimizing SQLAlchemy session commit and query caching in high-load Python microservices in Python web applications in production applications?,python
How do you optimize asynchronous execution when handling graceful shutdown and signal handling in Uvicorn ASGI application servers in Python web applications in production applications?,python
How do you optimize asynchronous execution when implementing structured JSON logging with request tracing IDs in Python backend services in Python web applications in production applications?,python
How do you optimize asynchronous execution when securing Python web applications against command injection and deserialization attacks with pickle in Python web applications in production applications?,python
How do you optimize asynchronous execution when handling thread-safe concurrency with multiprocessing and shared memory in Python backends in Python web applications in production applications?,python
How do you optimize asynchronous execution when managing microservice authentication using gRPC and Protocol Buffers in Python in Python web applications in production applications?,python
How do you optimize asynchronous execution when optimizing Pandas data frame serialization to JSON API endpoints in Python in Python web applications in production applications?,python
How do you optimize asynchronous execution when building event-driven architectures in Python using Kafka and aiokafka in Python web applications in production applications?,python
What causes unexpected concurrency bugs when configuring Alembic multi-branch migrations across distributed development teams in production Python services in production applications?,python
What causes unexpected concurrency bugs when managing distributed task retries and exponential backoff in Celery with RabbitMQ in production Python services in production applications?,python
What causes unexpected concurrency bugs when optimizing SQLAlchemy session commit and query caching in high-load Python microservices in production Python services in production applications?,python
What causes unexpected concurrency bugs when handling graceful shutdown and signal handling in Uvicorn ASGI application servers in production Python services in production applications?,python
What causes unexpected concurrency bugs when implementing structured JSON logging with request tracing IDs in Python backend services in production Python services in production applications?,python
What causes unexpected concurrency bugs when securing Python web applications against command injection and deserialization attacks with pickle in production Python services in production applications?,python
What causes unexpected concurrency bugs when handling thread-safe concurrency with multiprocessing and shared memory in Python backends in production Python services in production applications?,python
What causes unexpected concurrency bugs when managing microservice authentication using gRPC and Protocol Buffers in Python in production Python services in production applications?,python
What causes unexpected concurrency bugs when optimizing Pandas data frame serialization to JSON API endpoints in Python in production Python services in production applications?,python
What causes unexpected concurrency bugs when building event-driven architectures in Python using Kafka and aiokafka in production Python services in production applications?,python
How do you write comprehensive unit and integration tests when configuring Alembic multi-branch migrations across distributed development teams in Python in production applications?,python
How do you write comprehensive unit and integration tests when managing distributed task retries and exponential backoff in Celery with RabbitMQ in Python in production applications?,python
How do you write comprehensive unit and integration tests when optimizing SQLAlchemy session commit and query caching in high-load Python microservices in Python in production applications?,python
How do you write comprehensive unit and integration tests when handling graceful shutdown and signal handling in Uvicorn ASGI application servers in Python in production applications?,python
How do you write comprehensive unit and integration tests when implementing structured JSON logging with request tracing IDs in Python backend services in Python in production applications?,python
How do you write comprehensive unit and integration tests when securing Python web applications against command injection and deserialization attacks with pickle in Python in production applications?,python
How do you write comprehensive unit and integration tests when handling thread-safe concurrency with multiprocessing and shared memory in Python backends in Python in production applications?,python
How do you write comprehensive unit and integration tests when managing microservice authentication using gRPC and Protocol Buffers in Python in Python in production applications?,python
How do you write comprehensive unit and integration tests when optimizing Pandas data frame serialization to JSON API endpoints in Python in Python in production applications?,python
How do you write comprehensive unit and integration tests when building event-driven architectures in Python using Kafka and aiokafka in Python in production applications?,python
How do you properly manage server resources and thread safety when configuring Alembic multi-branch migrations across distributed development teams in Python web frameworks in production applications?,python
How do you properly manage server resources and thread safety when managing distributed task retries and exponential backoff in Celery with RabbitMQ in Python web frameworks in production applications?,python
How do you properly manage server resources and thread safety when optimizing SQLAlchemy session commit and query caching in high-load Python microservices in Python web frameworks in production applications?,python
How do you properly manage server resources and thread safety when handling graceful shutdown and signal handling in Uvicorn ASGI application servers in Python web frameworks in production applications?,python
How do you properly manage server resources and thread safety when implementing structured JSON logging with request tracing IDs in Python backend services in Python web frameworks in production applications?,python
How do you properly manage server resources and thread safety when securing Python web applications against command injection and deserialization attacks with pickle in Python web frameworks in production applications?,python
How do you properly manage server resources and thread safety when handling thread-safe concurrency with multiprocessing and shared memory in Python backends in Python web frameworks in production applications?,python
How do you properly manage server resources and thread safety when managing microservice authentication using gRPC and Protocol Buffers in Python in Python web frameworks in production applications?,python
How do you properly manage server resources and thread safety when optimizing Pandas data frame serialization to JSON API endpoints in Python in Python web frameworks in production applications?,python
How do you properly manage server resources and thread safety when building event-driven architectures in Python using Kafka and aiokafka in Python web frameworks in production applications?,python
How do you troubleshoot issues when configuring Alembic multi-branch migrations across distributed development teams in Python web development in production applications?,python
How do you troubleshoot issues when managing distributed task retries and exponential backoff in Celery with RabbitMQ in Python web development in production applications?,python
How do you troubleshoot issues when optimizing SQLAlchemy session commit and query caching in high-load Python microservices in Python web development in production applications?,python
How do you troubleshoot issues when handling graceful shutdown and signal handling in Uvicorn ASGI application servers in Python web development in production applications?,python
How do you troubleshoot issues when implementing structured JSON logging with request tracing IDs in Python backend services in Python web development in production applications?,python
How do you troubleshoot issues when securing Python web applications against command injection and deserialization attacks with pickle in Python web development in production applications?,python
How do you troubleshoot issues when handling thread-safe concurrency with multiprocessing and shared memory in Python backends in Python web development in production applications?,python
How do you troubleshoot issues when managing microservice authentication using gRPC and Protocol Buffers in Python in Python web development in production applications?,python
How do you troubleshoot issues when optimizing Pandas data frame serialization to JSON API endpoints in Python in Python web development in production applications?,python
How do you troubleshoot issues when building event-driven architectures in Python using Kafka and aiokafka in Python web development in production applications?,python
Why does configuring Alembic multi-branch migrations across distributed development teams cause performance bottlenecks or crashes in Python backends in production applications?,python
Why does managing distributed task retries and exponential backoff in Celery with RabbitMQ cause performance bottlenecks or crashes in Python backends in production applications?,python
Why does optimizing SQLAlchemy session commit and query caching in high-load Python microservices cause performance bottlenecks or crashes in Python backends in production applications?,python
Why does handling graceful shutdown and signal handling in Uvicorn ASGI application servers cause performance bottlenecks or crashes in Python backends in production applications?,python
Why does implementing structured JSON logging with request tracing IDs in Python backend services cause performance bottlenecks or crashes in Python backends in production applications?,python
Why does securing Python web applications against command injection and deserialization attacks with pickle cause performance bottlenecks or crashes in Python backends in production applications?,python
Why does handling thread-safe concurrency with multiprocessing and shared memory in Python backends cause performance bottlenecks or crashes in Python backends in production applications?,python
Why does managing microservice authentication using gRPC and Protocol Buffers in Python cause performance bottlenecks or crashes in Python backends in production applications?,python
Why does optimizing Pandas data frame serialization to JSON API endpoints in Python cause performance bottlenecks or crashes in Python backends in production applications?,python
Why does building event-driven architectures in Python using Kafka and aiokafka cause performance bottlenecks or crashes in Python backends in production applications?,python
What is the recommended architectural pattern for configuring Alembic multi-branch migrations across distributed development teams in modern Python web stacks in production applications?,python
What is the recommended architectural pattern for managing distributed task retries and exponential backoff in Celery with RabbitMQ in modern Python web stacks in production applications?,python
What is the recommended architectural pattern for optimizing SQLAlchemy session commit and query caching in high-load Python microservices in modern Python web stacks in production applications?,python
What is the recommended architectural pattern for handling graceful shutdown and signal handling in Uvicorn ASGI application servers in modern Python web stacks in production applications?,python
What is the recommended architectural pattern for implementing structured JSON logging with request tracing IDs in Python backend services in modern Python web stacks in production applications?,python
How do you resolve Laravel's `419 Page Expired` error when submitting an AJAX form without a CSRF token?,php / laravel
Why is Eloquent's lazy loading causing severe query performance degradation inside a Blade `@foreach` loop?,php / laravel
How do you prevent Eloquent N+1 query issues in Laravel using eager loading with `with()`?,php / laravel
Why does `composer install` fail with memory exhaustion errors and how do you increase the `COMPOSER_MEMORY_LIMIT`?,php / laravel
How do you implement queued background jobs in Laravel using Redis and Laravel Horizon for queue monitoring?,php / laravel
Why does Laravel's route caching (`php artisan route:cache`) fail when routes use closure callbacks instead of controller methods?,php / laravel
How do you handle database migrations rollback safely in Laravel without dropping production data?,php / laravel
Why does `dd()` or `dump()` cause HTTP response headers to fail when executed inside a Laravel middleware?,php / laravel
How do you customize Laravel's default authentication scaffolding using Laravel Breeze or Jetstream?,php / laravel
Why does Laravel Sanctum reject SPA API requests with a 401 Unauthenticated error when session domains are misconfigured?,php / laravel
"How do you optimize Laravel application performance in production using `config:cache`, `route:cache`, and `view:cache`?",php / laravel
Why does modifying an `.env` file variable have no effect until `php artisan config:clear` is executed?,php / laravel
How do you broadcast real-time events in Laravel using Laravel Echo and Pusher or WebSockets?,php / laravel
Why does an Eloquent `whereHas` query execute substantially slower than an explicit `join` on large relational tables?,php / laravel
How do you implement soft deletes on Laravel Eloquent models using the `SoftDeletes` trait?,php / laravel
Why does PHP-FPM spawn too many child processes causing server RAM exhaustion under heavy web traffic spikes?,php / laravel
How do you configure PHP `opcache` in `php.ini` to accelerate script execution performance in production?,php / laravel
Why does file upload in PHP fail silently when file size exceeds `upload_max_filesize` or `post_max_size`?,php / laravel
How do you implement multi-tenant database isolation in Laravel using package ecosystems like `tenancyforlaravel`?,php / laravel
Why does `session()->put()` fail to persist session data across requests when PHP sessions are misconfigured?,php / laravel
How do you build custom Laravel Artisan console commands to execute scheduled cron jobs via the console kernel?,php / laravel
Why does Laravel's Form Request validation fail to return JSON error responses on API requests without an `Accept: application/json` header?,php / laravel
How do you handle database transactions in Laravel using `DB::transaction()` with automatic deadlock retries?,php / laravel
Why does Eloquent model event `saving` prevent records from persisting if the listener returns `false`?,php / laravel
How do you rate limit specific API routes in Laravel using the `throttle` middleware with custom keys?,php / laravel
Why does PHP's `password_hash()` provide better cryptographic security than legacy hashing methods like MD5 or SHA1?,php / laravel
How do you configure Laravel to store session and cache data in Redis instead of file drivers?,php / laravel
Why does `php artisan migrate:fresh` pose a severe data loss danger if executed against production databases?,php / laravel
How do you implement Repository and Service patterns in Laravel to decouple business logic from controllers?,php / laravel
Why does an uncaught exception inside a Laravel queue worker terminate the daemon process unless managed by Supervisor?,php / laravel
How do you solve issues when configuring Horizon queue supervisor workers for high-concurrency Laravel workloads in PHP and Laravel applications?,php / laravel
How do you solve issues when managing database replication lag between read and write database connections in Laravel in PHP and Laravel applications?,php / laravel
How do you solve issues when optimizing Eloquent polymorphic relationships and indexing morph columns in MySQL in PHP and Laravel applications?,php / laravel
How do you solve issues when handling secure webhook verification using Laravel signed routes and middleware in PHP and Laravel applications?,php / laravel
How do you solve issues when customizing Laravel API resource transformations for deeply nested relational datasets in PHP and Laravel applications?,php / laravel
How do you solve issues when implementing dynamic role and permission management in Laravel using Spatie permissions in PHP and Laravel applications?,php / laravel
How do you solve issues when configuring PHP-FPM process manager dynamic and ondemand settings for containerized apps in PHP and Laravel applications?,php / laravel
How do you solve issues when debugging slow database queries in Laravel using Laravel Telescope or Debugbar in PHP and Laravel applications?,php / laravel
How do you solve issues when handling chunked processing of massive Eloquent query results using lazy collections in PHP and Laravel applications?,php / laravel
How do you solve issues when preventing mass assignment security vulnerabilities in Eloquent models using guarded and fillable attributes in PHP and Laravel applications?,php / laravel
Why does configuring Horizon queue supervisor workers for high-concurrency Laravel workloads cause unexpected server errors or slowdowns in Laravel?,php / laravel
Why does managing database replication lag between read and write database connections in Laravel cause unexpected server errors or slowdowns in Laravel?,php / laravel
Why does optimizing Eloquent polymorphic relationships and indexing morph columns in MySQL cause unexpected server errors or slowdowns in Laravel?,php / laravel
Why does handling secure webhook verification using Laravel signed routes and middleware cause unexpected server errors or slowdowns in Laravel?,php / laravel
Why does customizing Laravel API resource transformations for deeply nested relational datasets cause unexpected server errors or slowdowns in Laravel?,php / laravel
Why does implementing dynamic role and permission management in Laravel using Spatie permissions cause unexpected server errors or slowdowns in Laravel?,php / laravel
Why does configuring PHP-FPM process manager dynamic and ondemand settings for containerized apps cause unexpected server errors or slowdowns in Laravel?,php / laravel
Why does debugging slow database queries in Laravel using Laravel Telescope or Debugbar cause unexpected server errors or slowdowns in Laravel?,php / laravel
Why does handling chunked processing of massive Eloquent query results using lazy collections cause unexpected server errors or slowdowns in Laravel?,php / laravel
Why does preventing mass assignment security vulnerabilities in Eloquent models using guarded and fillable attributes cause unexpected server errors or slowdowns in Laravel?,php / laravel
What is the recommended architecture for configuring Horizon queue supervisor workers for high-concurrency Laravel workloads in enterprise Laravel backends?,php / laravel
What is the recommended architecture for managing database replication lag between read and write database connections in Laravel in enterprise Laravel backends?,php / laravel
What is the recommended architecture for optimizing Eloquent polymorphic relationships and indexing morph columns in MySQL in enterprise Laravel backends?,php / laravel
What is the recommended architecture for handling secure webhook verification using Laravel signed routes and middleware in enterprise Laravel backends?,php / laravel
What is the recommended architecture for customizing Laravel API resource transformations for deeply nested relational datasets in enterprise Laravel backends?,php / laravel
What is the recommended architecture for implementing dynamic role and permission management in Laravel using Spatie permissions in enterprise Laravel backends?,php / laravel
What is the recommended architecture for configuring PHP-FPM process manager dynamic and ondemand settings for containerized apps in enterprise Laravel backends?,php / laravel
What is the recommended architecture for debugging slow database queries in Laravel using Laravel Telescope or Debugbar in enterprise Laravel backends?,php / laravel
What is the recommended architecture for handling chunked processing of massive Eloquent query results using lazy collections in enterprise Laravel backends?,php / laravel
What is the recommended architecture for preventing mass assignment security vulnerabilities in Eloquent models using guarded and fillable attributes in enterprise Laravel backends?,php / laravel
How do you optimize execution performance when configuring Horizon queue supervisor workers for high-concurrency Laravel workloads in Laravel?,php / laravel
How do you optimize execution performance when managing database replication lag between read and write database connections in Laravel in Laravel?,php / laravel
How do you optimize execution performance when optimizing Eloquent polymorphic relationships and indexing morph columns in MySQL in Laravel?,php / laravel
How do you optimize execution performance when handling secure webhook verification using Laravel signed routes and middleware in Laravel?,php / laravel
How do you optimize execution performance when customizing Laravel API resource transformations for deeply nested relational datasets in Laravel?,php / laravel
How do you optimize execution performance when implementing dynamic role and permission management in Laravel using Spatie permissions in Laravel?,php / laravel
How do you optimize execution performance when configuring PHP-FPM process manager dynamic and ondemand settings for containerized apps in Laravel?,php / laravel
How do you optimize execution performance when debugging slow database queries in Laravel using Laravel Telescope or Debugbar in Laravel?,php / laravel
How do you optimize execution performance when handling chunked processing of massive Eloquent query results using lazy collections in Laravel?,php / laravel
How do you optimize execution performance when preventing mass assignment security vulnerabilities in Eloquent models using guarded and fillable attributes in Laravel?,php / laravel
What causes configuration and caching conflicts when configuring Horizon queue supervisor workers for high-concurrency Laravel workloads in Laravel deployments?,php / laravel
What causes configuration and caching conflicts when managing database replication lag between read and write database connections in Laravel in Laravel deployments?,php / laravel
What causes configuration and caching conflicts when optimizing Eloquent polymorphic relationships and indexing morph columns in MySQL in Laravel deployments?,php / laravel
What causes configuration and caching conflicts when handling secure webhook verification using Laravel signed routes and middleware in Laravel deployments?,php / laravel
What causes configuration and caching conflicts when customizing Laravel API resource transformations for deeply nested relational datasets in Laravel deployments?,php / laravel
What causes configuration and caching conflicts when implementing dynamic role and permission management in Laravel using Spatie permissions in Laravel deployments?,php / laravel
What causes configuration and caching conflicts when configuring PHP-FPM process manager dynamic and ondemand settings for containerized apps in Laravel deployments?,php / laravel
What causes configuration and caching conflicts when debugging slow database queries in Laravel using Laravel Telescope or Debugbar in Laravel deployments?,php / laravel
What causes configuration and caching conflicts when handling chunked processing of massive Eloquent query results using lazy collections in Laravel deployments?,php / laravel
What causes configuration and caching conflicts when preventing mass assignment security vulnerabilities in Eloquent models using guarded and fillable attributes in Laravel deployments?,php / laravel
How do you properly write automated feature tests when configuring Horizon queue supervisor workers for high-concurrency Laravel workloads in Laravel?,php / laravel
How do you properly write automated feature tests when managing database replication lag between read and write database connections in Laravel in Laravel?,php / laravel
How do you properly write automated feature tests when optimizing Eloquent polymorphic relationships and indexing morph columns in MySQL in Laravel?,php / laravel
How do you properly write automated feature tests when handling secure webhook verification using Laravel signed routes and middleware in Laravel?,php / laravel
How do you properly write automated feature tests when customizing Laravel API resource transformations for deeply nested relational datasets in Laravel?,php / laravel
How do you properly write automated feature tests when implementing dynamic role and permission management in Laravel using Spatie permissions in Laravel?,php / laravel
How do you properly write automated feature tests when configuring PHP-FPM process manager dynamic and ondemand settings for containerized apps in Laravel?,php / laravel
How do you properly write automated feature tests when debugging slow database queries in Laravel using Laravel Telescope or Debugbar in Laravel?,php / laravel
How do you properly write automated feature tests when handling chunked processing of massive Eloquent query results using lazy collections in Laravel?,php / laravel
How do you properly write automated feature tests when preventing mass assignment security vulnerabilities in Eloquent models using guarded and fillable attributes in Laravel?,php / laravel
How do you solve issues when configuring Horizon queue supervisor workers for high-concurrency Laravel workloads in PHP and Laravel applications in production applications?,php / laravel
How do you solve issues when managing database replication lag between read and write database connections in Laravel in PHP and Laravel applications in production applications?,php / laravel
How do you solve issues when optimizing Eloquent polymorphic relationships and indexing morph columns in MySQL in PHP and Laravel applications in production applications?,php / laravel
How do you solve issues when handling secure webhook verification using Laravel signed routes and middleware in PHP and Laravel applications in production applications?,php / laravel
How do you solve issues when customizing Laravel API resource transformations for deeply nested relational datasets in PHP and Laravel applications in production applications?,php / laravel
How do you solve issues when implementing dynamic role and permission management in Laravel using Spatie permissions in PHP and Laravel applications in production applications?,php / laravel
How do you solve issues when configuring PHP-FPM process manager dynamic and ondemand settings for containerized apps in PHP and Laravel applications in production applications?,php / laravel
How do you solve issues when debugging slow database queries in Laravel using Laravel Telescope or Debugbar in PHP and Laravel applications in production applications?,php / laravel
How do you solve issues when handling chunked processing of massive Eloquent query results using lazy collections in PHP and Laravel applications in production applications?,php / laravel
How do you solve issues when preventing mass assignment security vulnerabilities in Eloquent models using guarded and fillable attributes in PHP and Laravel applications in production applications?,php / laravel
Why does configuring Horizon queue supervisor workers for high-concurrency Laravel workloads cause unexpected server errors or slowdowns in Laravel in production applications?,php / laravel
Why does managing database replication lag between read and write database connections in Laravel cause unexpected server errors or slowdowns in Laravel in production applications?,php / laravel
Why does optimizing Eloquent polymorphic relationships and indexing morph columns in MySQL cause unexpected server errors or slowdowns in Laravel in production applications?,php / laravel
Why does handling secure webhook verification using Laravel signed routes and middleware cause unexpected server errors or slowdowns in Laravel in production applications?,php / laravel
Why does customizing Laravel API resource transformations for deeply nested relational datasets cause unexpected server errors or slowdowns in Laravel in production applications?,php / laravel
Why does implementing dynamic role and permission management in Laravel using Spatie permissions cause unexpected server errors or slowdowns in Laravel in production applications?,php / laravel
Why does configuring PHP-FPM process manager dynamic and ondemand settings for containerized apps cause unexpected server errors or slowdowns in Laravel in production applications?,php / laravel
Why does debugging slow database queries in Laravel using Laravel Telescope or Debugbar cause unexpected server errors or slowdowns in Laravel in production applications?,php / laravel
Why does handling chunked processing of massive Eloquent query results using lazy collections cause unexpected server errors or slowdowns in Laravel in production applications?,php / laravel
Why does preventing mass assignment security vulnerabilities in Eloquent models using guarded and fillable attributes cause unexpected server errors or slowdowns in Laravel in production applications?,php / laravel
What is the recommended architecture for configuring Horizon queue supervisor workers for high-concurrency Laravel workloads in enterprise Laravel backends in production applications?,php / laravel
What is the recommended architecture for managing database replication lag between read and write database connections in Laravel in enterprise Laravel backends in production applications?,php / laravel
What is the recommended architecture for optimizing Eloquent polymorphic relationships and indexing morph columns in MySQL in enterprise Laravel backends in production applications?,php / laravel
What is the recommended architecture for handling secure webhook verification using Laravel signed routes and middleware in enterprise Laravel backends in production applications?,php / laravel
What is the recommended architecture for customizing Laravel API resource transformations for deeply nested relational datasets in enterprise Laravel backends in production applications?,php / laravel
What is the recommended architecture for implementing dynamic role and permission management in Laravel using Spatie permissions in enterprise Laravel backends in production applications?,php / laravel
What is the recommended architecture for configuring PHP-FPM process manager dynamic and ondemand settings for containerized apps in enterprise Laravel backends in production applications?,php / laravel
What is the recommended architecture for debugging slow database queries in Laravel using Laravel Telescope or Debugbar in enterprise Laravel backends in production applications?,php / laravel
What is the recommended architecture for handling chunked processing of massive Eloquent query results using lazy collections in enterprise Laravel backends in production applications?,php / laravel
What is the recommended architecture for preventing mass assignment security vulnerabilities in Eloquent models using guarded and fillable attributes in enterprise Laravel backends in production applications?,php / laravel
How do you optimize execution performance when configuring Horizon queue supervisor workers for high-concurrency Laravel workloads in Laravel in production applications?,php / laravel
How do you optimize execution performance when managing database replication lag between read and write database connections in Laravel in Laravel in production applications?,php / laravel
How do you optimize execution performance when optimizing Eloquent polymorphic relationships and indexing morph columns in MySQL in Laravel in production applications?,php / laravel
How do you optimize execution performance when handling secure webhook verification using Laravel signed routes and middleware in Laravel in production applications?,php / laravel
How do you optimize execution performance when customizing Laravel API resource transformations for deeply nested relational datasets in Laravel in production applications?,php / laravel
How do you optimize execution performance when implementing dynamic role and permission management in Laravel using Spatie permissions in Laravel in production applications?,php / laravel
How do you optimize execution performance when configuring PHP-FPM process manager dynamic and ondemand settings for containerized apps in Laravel in production applications?,php / laravel
How do you optimize execution performance when debugging slow database queries in Laravel using Laravel Telescope or Debugbar in Laravel in production applications?,php / laravel
How do you optimize execution performance when handling chunked processing of massive Eloquent query results using lazy collections in Laravel in production applications?,php / laravel
How do you optimize execution performance when preventing mass assignment security vulnerabilities in Eloquent models using guarded and fillable attributes in Laravel in production applications?,php / laravel
What causes configuration and caching conflicts when configuring Horizon queue supervisor workers for high-concurrency Laravel workloads in Laravel deployments in production applications?,php / laravel
What causes configuration and caching conflicts when managing database replication lag between read and write database connections in Laravel in Laravel deployments in production applications?,php / laravel
What causes configuration and caching conflicts when optimizing Eloquent polymorphic relationships and indexing morph columns in MySQL in Laravel deployments in production applications?,php / laravel
What causes configuration and caching conflicts when handling secure webhook verification using Laravel signed routes and middleware in Laravel deployments in production applications?,php / laravel
What causes configuration and caching conflicts when customizing Laravel API resource transformations for deeply nested relational datasets in Laravel deployments in production applications?,php / laravel
What causes configuration and caching conflicts when implementing dynamic role and permission management in Laravel using Spatie permissions in Laravel deployments in production applications?,php / laravel
What causes configuration and caching conflicts when configuring PHP-FPM process manager dynamic and ondemand settings for containerized apps in Laravel deployments in production applications?,php / laravel
What causes configuration and caching conflicts when debugging slow database queries in Laravel using Laravel Telescope or Debugbar in Laravel deployments in production applications?,php / laravel
What causes configuration and caching conflicts when handling chunked processing of massive Eloquent query results using lazy collections in Laravel deployments in production applications?,php / laravel
What causes configuration and caching conflicts when preventing mass assignment security vulnerabilities in Eloquent models using guarded and fillable attributes in Laravel deployments in production applications?,php / laravel
How do you properly write automated feature tests when configuring Horizon queue supervisor workers for high-concurrency Laravel workloads in Laravel in production applications?,php / laravel
How do you properly write automated feature tests when managing database replication lag between read and write database connections in Laravel in Laravel in production applications?,php / laravel
How do you properly write automated feature tests when optimizing Eloquent polymorphic relationships and indexing morph columns in MySQL in Laravel in production applications?,php / laravel
How do you properly write automated feature tests when handling secure webhook verification using Laravel signed routes and middleware in Laravel in production applications?,php / laravel
How do you properly write automated feature tests when customizing Laravel API resource transformations for deeply nested relational datasets in Laravel in production applications?,php / laravel
How do you properly write automated feature tests when implementing dynamic role and permission management in Laravel using Spatie permissions in Laravel in production applications?,php / laravel
How do you properly write automated feature tests when configuring PHP-FPM process manager dynamic and ondemand settings for containerized apps in Laravel in production applications?,php / laravel
How do you properly write automated feature tests when debugging slow database queries in Laravel using Laravel Telescope or Debugbar in Laravel in production applications?,php / laravel
How do you properly write automated feature tests when handling chunked processing of massive Eloquent query results using lazy collections in Laravel in production applications?,php / laravel
How do you properly write automated feature tests when preventing mass assignment security vulnerabilities in Eloquent models using guarded and fillable attributes in Laravel in production applications?,php / laravel
