problems,labels
Your uploaded file URL returns 404 on a login page—how would you configure public storage access?,php / laravel
Your 100vh causes unwanted scrolling on mobile while building a dashboard—which newer viewport units could you consider?,html / css
Your metadata differs between dynamic product pages in a user profile—how would you generate it from route data?,next.js
Your aggregate query mixes grouped and ungrouped columns on a login page—how would you rewrite it correctly?,sql
Your image from a remote host is rejected during checkout—which image configuration would you update?,next.js
Your cache causes a user-specific response to leak across requests in an admin panel—how would you configure fetching or rendering safely?,next.js
Your subquery returns more than one value where one is expected while building a dashboard—how would you change the comparison or aggregation?,sql
Your dictionary lookup may not contain a key while implementing search—how would you handle the missing value safely?,python
Your browser says a variable is already declared while building a dashboard—how would you locate the duplicate declaration?,javascript
Your cache causes a user-specific response to leak across requests on a product listing—how would you configure fetching or rendering safely?,next.js
Your array mutation unexpectedly changes data used elsewhere while building a dashboard—how would you create an immutable update?,javascript
Your useRouter is called in a server component during checkout—how would you restructure the component boundary?,next.js
Your enum adds behavior you do not need during checkout—when would a union of literal types be simpler?,typescript
Your CommonJS import fails after switching to ES modules in a user profile—what module configuration would you review?,node.js
Your button looks disabled but is still clickable in an admin panel—how would you implement semantic and visual disabling?,html / css
Your sorting numbers produces lexicographic order while implementing search—what comparator should you provide?,javascript
Your React.memo does not prevent rerenders during checkout—which prop reference might still be changing?,react
Your promise rejection is not caught during checkout—where should you add error handling?,javascript
Your exception is caught but important context is lost during checkout—how would you preserve the original cause?,python
Your model changes are not saved on a login page—how would you check fillable fields and the save flow?,php / laravel
Your component needs different behavior for mobile width on a login page—how would you keep responsive state synchronized with the browser?,react
Your dataclass instances compare unexpectedly during checkout—which generated methods and field options would you inspect?,python
Your queued job never runs while implementing search—how would you check the queue connection and worker process?,php / laravel
Your conditional type gives an unexpected result for a union while building a dashboard—how would distributive behavior affect it?,typescript
Your failed job keeps retrying during checkout—how would you inspect attempts and failure handling?,php / laravel
Your JSON.parse throws an error for stored data in an admin panel—how would you guard against invalid JSON?,javascript
Your interface and type alias seem interchangeable while implementing search—which extension or composition need would guide your choice?,typescript
Your COUNT returns a surprising value with NULL data during checkout—how do COUNT(*) and COUNT(column) differ?,sql
Your custom hook causes duplicate subscriptions on a product listing—how would you verify its setup and cleanup behavior?,react
Your preventDefault does not stop the expected browser action on a login page—how would you confirm which event is being handled?,javascript
Your file path works locally but fails after deployment on a settings screen—how would you construct it portably?,node.js
Your COUNT returns a surprising value with NULL data in an admin panel—how do COUNT(*) and COUNT(column) differ?,sql
Your package update breaks production on a product listing—how would you use lockfiles and version ranges to control upgrades?,node.js
Your date range misses rows created late on the final day on a login page—how would you write the boundary safely?,sql
Your class implementation misses an interface member while building a dashboard—how would you satisfy the contract correctly?,typescript
Your Node process exits before an asynchronous task finishes on a login page—how would you trace the pending work?,node.js
Your context manager must manage a database transaction while building a dashboard—where would you commit and roll back?,python
Your font causes layout shift during loading during checkout—how would Next.js font optimization help?,next.js
Your enum adds behavior you do not need while building a dashboard—when would a union of literal types be simpler?,typescript
Your string concatenation produces an unexpected result with a number while implementing search—how would you convert the value explicitly?,javascript
Your asynchronous code returns undefined before the data arrives during checkout—how would you wait for the result correctly?,javascript
Your Eloquent query returns soft-deleted records unexpectedly during checkout—how would you inspect scopes and withTrashed usage?,php / laravel
Your object property name is computed dynamically while implementing search—how would you access it safely?,javascript
Your server listens on the wrong port in production in a user profile—how would you use environment-based configuration?,node.js
Your large CSV consumes too much memory on a login page—how would you process it incrementally?,python
Your component needs different behavior for mobile width in a user profile—how would you keep responsive state synchronized with the browser?,react
Your npm package works globally but not inside the project in an admin panel—how would you check local dependencies and scripts?,node.js
Your React warning says two children have the same key on a settings screen—how would you generate a unique stable key?,react
Your form submits and immediately reloads the page while building a dashboard—where should you prevent the default submission?,javascript
Your logging appears twice while building a dashboard—how would you inspect handler configuration and propagation?,python
Your API returns stack traces in production while implementing search—how would you separate development and production error responses?,express.js
Your server receives an empty object from your fetch request while implementing search—which headers and serialization steps would you verify?,javascript
Your file upload request has no file data in an admin panel—which multipart middleware and field name would you verify?,express.js
Your nested object access crashes when an intermediate value is missing in a user profile—how would optional chaining help?,javascript
Your transaction leaves half the changes saved after an error on a login page—how would you use rollback correctly?,sql
Your datetime comparison mixes timezone-aware and naive values while implementing search—how would you normalize them?,python
Your parallel routes need separate UI slots while building a dashboard—how would you organize the route segments?,next.js
Your dictionary merge overwrites values unexpectedly on a product listing—how would you control the conflict rule?,python
Your mapped type should make every property optional while implementing search—how would you construct it?,typescript
Your flex items refuse to shrink and overflow the container in an admin panel—which flex properties would you check?,html / css
Your rate limiting should apply only to login attempts during checkout—how would you mount the limiter selectively?,express.js
Your server data and local UI state conflict on a login page—how would you separate their responsibilities?,react
Your datetime comparison mixes timezone-aware and naive values in an admin panel—how would you normalize them?,python
Your readonly object still contains mutable nested values while building a dashboard—how would you understand shallow versus deep immutability?,typescript
Your Eloquent query returns soft-deleted records unexpectedly while implementing search—how would you inspect scopes and withTrashed usage?,php / laravel
Your regular expression is slow on long input while handling notifications—how would you simplify a pattern with catastrophic backtracking?,python
Your date range misses rows created late on the final day on a product listing—how would you write the boundary safely?,sql
Your API returns stack traces in production in a user profile—how would you separate development and production error responses?,express.js
Your query string contains unescaped user input in an admin panel—how would you encode the parameters safely?,javascript
Your authentication middleware protects every route including login on a product listing—how would you change the middleware order or scope?,express.js
Your rate limiting should apply only to login attempts in an admin panel—how would you mount the limiter selectively?,express.js
Your 100vh causes unwanted scrolling on mobile in an admin panel—which newer viewport units could you consider?,html / css
Your intercepting route should show a modal instead of a full navigation on a settings screen—how would you structure the matching route folders?,next.js
Your optional property is used as if it always exists on a login page—how would you handle the undefined case?,typescript
Your component needs to expose a DOM element to its parent during checkout—when would you use a ref?,react
Your inline element ignores your width and height on a login page—how would you change its display behavior?,html / css
Your subclass constructor does not initialize the parent in an admin panel—how would you call the parent implementation correctly?,python
Your modal renders inside a parent with clipping styles on a product listing—how would a portal solve the layout problem?,react
Your responsive layout breaks only on a small phone screen in an admin panel—how would you adjust the media query and sizing rules?,html / css
Your context manager must manage a database transaction during form validation—where would you commit and roll back?,python
Your preventDefault does not stop the expected browser action while building a dashboard—how would you confirm which event is being handled?,javascript
Your optimistic update must be rolled back after a failed request while implementing search—how would you preserve the previous state?,react
Your async route throws but the error response is inconsistent on a product listing—how would you forward failures to centralized handling?,express.js
Your async function runs sequentially instead of concurrently on a login page—how would you schedule the coroutines together?,python
Your process pool fails because a function cannot be pickled on a product listing—how would you restructure the callable?,python
"Your cookie is not sent from the browser during checkout—which CORS, credentials, SameSite, and secure settings would you inspect?",express.js
Your file remains open after an error during form validation—how would a context manager solve the cleanup?,python
Your file path works locally but fails after deployment while building a dashboard—how would you construct it portably?,node.js
Your button handler runs twice on a settings screen—how would you find and prevent duplicate event listeners?,javascript
Your broad except block hides programming errors during checkout—which specific exceptions should you catch?,python
Your exception is caught but important context is lost on a login page—how would you preserve the original cause?,python
Your context manager must manage a database transaction in a user profile—where would you commit and roll back?,python
"Your array method returns an unexpected value in a user profile—how would you choose between map, filter, find, and reduce?",javascript
Your spread syntax copies an object but nested values still change on a settings screen—why does that happen and how would you handle it?,javascript
Your policy denies a user who should have access while building a dashboard—how would you trace the authenticated user and ability arguments?,php / laravel
Your subclass constructor does not initialize the parent while handling notifications—how would you call the parent implementation correctly?,python
Your list items lose their internal state after reordering on a login page—how would you choose stable keys?,react
Your metadata differs between dynamic product pages while building a dashboard—how would you generate it from route data?,next.js
Your error middleware is skipped in a user profile—how would you verify its four-argument signature and registration order?,express.js
Your controller method receives no validated input on a product listing—where should you inspect the request validation rules?,php / laravel
Your pagination becomes slow on very large offsets on a login page—how could keyset pagination help?,sql
Your foreign key insert fails on a product listing—how would you check the referenced parent row and column types?,sql
Your image stretches out of proportion on a product listing—which CSS properties would preserve its aspect ratio?,html / css
Your intercepting route should show a modal instead of a full navigation while implementing search—how would you structure the matching route folders?,next.js
Your browser freezes during a large computation in a user profile—how could you break up or move the work?,javascript
Your lazy-loaded component flashes without fallback content on a settings screen—how would you configure Suspense?,react
Your process needs a graceful shutdown while implementing search—how would you close servers and connections on termination signals?,node.js
Your array mutation unexpectedly changes data used elsewhere while implementing search—how would you create an immutable update?,javascript
Your application restarts repeatedly after an uncaught exception while implementing search—how would you capture the root cause safely?,node.js
Your memory usage keeps growing during a long-running process during checkout—how would you investigate a possible leak?,node.js
Your list items lose their internal state after reordering on a product listing—how would you choose stable keys?,react
Your graceful shutdown stops accepting requests but existing requests hang on a login page—how would you track and finish active connections?,express.js
Your LEFT JOIN behaves like an INNER JOIN unexpectedly on a settings screen—where should you place conditions on the optional table?,sql
Your context manager must manage a database transaction on a settings screen—where would you commit and roll back?,python
Your lazy-loaded component flashes without fallback content during checkout—how would you configure Suspense?,react
Your percentage height does not work inside a container in an admin panel—which parent dimensions must be defined?,html / css
Your conditional type gives an unexpected result for a union in an admin panel—how would distributive behavior affect it?,typescript
Your foreign key insert fails during checkout—how would you check the referenced parent row and column types?,sql
Your percentage height does not work inside a container while building a dashboard—which parent dimensions must be defined?,html / css
Your type hints disagree with runtime data while building a dashboard—how would you validate the incoming values?,python
Your async function runs sequentially instead of concurrently while handling notifications—how would you schedule the coroutines together?,python
Your pagination becomes slow on very large offsets while implementing search—how could keyset pagination help?,sql
Your tsconfig change creates many new errors in an admin panel—which strictness option likely exposed the issues?,typescript
Your memory usage keeps growing during a long-running process while building a dashboard—how would you investigate a possible leak?,node.js
Your element is centered horizontally but not vertically during checkout—which container alignment rule is missing?,html / css
Your CORS blocks a frontend request on a settings screen—how would you configure the allowed origin and methods?,express.js
Your multiple async operations should run together on a login page—when would Promise.all or Promise.allSettled be appropriate?,node.js
Your event handler receives stale props on a settings screen—how would you restructure the callback dependencies?,react
Your API response shape is assumed but not verified on a settings screen—how would you combine runtime validation with TypeScript types?,typescript
Your z-index has no visible effect in an admin panel—how would you inspect the stacking contexts involved?,html / css
Your Eloquent relationship returns an empty collection unexpectedly in an admin panel—how would you verify the foreign and local keys?,php / laravel
Your Eloquent relationship returns an empty collection unexpectedly while building a dashboard—how would you verify the foreign and local keys?,php / laravel
Your API request updates state after the component unmounts during checkout—how would you cancel or ignore the result?,react
Your readFile blocks your server during heavy traffic during checkout—which asynchronous alternative should you use?,node.js
Your useEffect runs repeatedly and creates an infinite loop in a user profile—which dependency is changing every render?,react
Your cache causes a user-specific response to leak across requests on a login page—how would you configure fetching or rendering safely?,next.js
Your session data disappears between requests while implementing search—how would you inspect the session driver and cookie settings?,php / laravel
Your API resource exposes fields that should stay private in an admin panel—how would you control the transformed response?,php / laravel
Your context manager must manage a database transaction on a product listing—where would you commit and roll back?,python
Your route parameter is undefined on a settings screen—how would you compare the path definition with req.params?,express.js
Your authentication check should run before protected routes render on a product listing—where could middleware fit into the flow?,next.js
Your z-index has no visible effect on a login page—how would you inspect the stacking contexts involved?,html / css
Your dictionary merge overwrites values unexpectedly during checkout—how would you control the conflict rule?,python
Your useEffect runs repeatedly and creates an infinite loop on a settings screen—which dependency is changing every render?,react
Your virtual environment uses the wrong interpreter on a login page—how would you verify the active Python executable?,python
Your streaming a large file causes memory usage to spike during checkout—how would you pipe the data instead of buffering it?,node.js
Your API request updates state after the component unmounts on a login page—how would you cancel or ignore the result?,react
Your loading UI should appear while a route segment is waiting in an admin panel—where would you add the loading file?,next.js
Your regular expression matches more text than expected in a user profile—which flags or quantifiers would you inspect?,javascript
Your event listener never fires during checkout—what would you check in the element selection and event binding?,javascript
Your regular expression is slow on long input on a product listing—how would you simplify a pattern with catastrophic backtracking?,python
Your transaction leaves half the changes saved after an error in an admin panel—how would you use rollback correctly?,sql
Your JSON file becomes corrupted after simultaneous writes while implementing search—how would you serialize or redesign the storage?,node.js
Your enum adds behavior you do not need while implementing search—when would a union of literal types be simpler?,typescript
Your fixed header covers the top of anchored content on a login page—how would you offset the scroll position?,html / css
Your form field value is treated as text instead of a number during checkout—where should you convert its type?,javascript
Your readFile blocks your server during heavy traffic on a product listing—which asynchronous alternative should you use?,node.js
Your generator is exhausted when reused on a product listing—how would you redesign the data flow?,python
Your Node cannot resolve a module in a user profile—how would you inspect the import path and package installation?,node.js
Your function modifies a default list argument across calls during checkout—how would you avoid the shared mutable default?,python
Your search results arrive out of order on a login page—how would you prevent an older request from replacing newer data?,react
Your API request updates state after the component unmounts while implementing search—how would you cancel or ignore the result?,react
Your preventDefault does not stop the expected browser action in an admin panel—how would you confirm which event is being handled?,javascript
Your React component props allow invalid combinations in a user profile—how would you model mutually exclusive props with a union?,typescript
Your file upload is missing from the request in a user profile—how would you verify the form encoding and input name?,php / laravel
Your route parameter is undefined during checkout—how would you compare the path definition with req.params?,express.js
Your logging appears twice in a user profile—how would you inspect handler configuration and propagation?,python
Your useRouter is called in a server component while building a dashboard—how would you restructure the component boundary?,next.js
Your object property name is computed dynamically in a user profile—how would you access it safely?,javascript
Your broad except block hides programming errors on a settings screen—which specific exceptions should you catch?,python
Your class implementation misses an interface member during checkout—how would you satisfy the contract correctly?,typescript
Your React warning says two children have the same key on a login page—how would you generate a unique stable key?,react
Your Laravel route returns a 404 even though the controller exists in a user profile—how would you verify the route definition and cache?,php / laravel
Your large CSV consumes too much memory while handling notifications—how would you process it incrementally?,python
Your animation restarts unexpectedly when a class changes during checkout—how would you control the animation state?,html / css
Your page needs a redirect after validating server-side conditions on a product listing—which Next.js navigation utility would you use?,next.js
Your state update based on previous state gives the wrong result on a product listing—how would you use the functional updater?,react
Your intercepting route should show a modal instead of a full navigation in a user profile—how would you structure the matching route folders?,next.js
Your context update rerenders too many components on a settings screen—how would you split or memoize the context value?,react
Your class attribute is unexpectedly shared by every instance during checkout—where should the value be initialized instead?,python
Your client component needs server-fetched data during checkout—how would you decide where to fetch and pass the data?,next.js
Your component needs to expose a DOM element to its parent on a product listing—when would you use a ref?,react
Your logging appears twice during form validation—how would you inspect handler configuration and propagation?,python
Your enum adds behavior you do not need on a settings screen—when would a union of literal types be simpler?,typescript
Your useCallback makes the code more complex without improving performance in a user profile—how would you decide whether to remove it?,react
Your useEffect runs repeatedly and creates an infinite loop in an admin panel—which dependency is changing every render?,react
Your Laravel route returns a 404 even though the controller exists on a settings screen—how would you verify the route definition and cache?,php / laravel
Your dictionary counting code is verbose during checkout—which standard library collection could simplify it?,python
Your property access fails because TypeScript sees a union type on a settings screen—how would you narrow the type safely?,typescript
Your route should render a page at a URL but the file is ignored while building a dashboard—how would you verify the App Router folder structure and file name?,next.js
Your environment variable is undefined at runtime while implementing search—how would you verify loading and configuration?,node.js
Your form submits and immediately reloads the page while implementing search—where should you prevent the default submission?,javascript
Your loading UI should appear while a route segment is waiting on a settings screen—where would you add the loading file?,next.js
Your query string contains unescaped user input in a user profile—how would you encode the parameters safely?,javascript
Your async function is called without awaiting its result while building a dashboard—how could that create a race condition in your UI?,javascript
Your CPU-heavy loop makes every request slow on a login page—how could you move that work off the event loop?,node.js
Your function overloads are difficult to maintain in an admin panel—could a generic or union parameter simplify the API?,typescript
Your nested prop drilling makes components difficult to maintain while implementing search—when would context or composition be a better choice?,react
Your multiple state updates produce unexpected values while building a dashboard—how would you account for React batching?,react
Your dictionary lookup may not contain a key on a login page—how would you handle the missing value safely?,python
Your model changes are not saved while building a dashboard—how would you check fillable fields and the save flow?,php / laravel
Your server crashes from an unhandled promise rejection during checkout—where should you catch and log the failure?,node.js
Your comparison behaves unexpectedly because the values have different types on a product listing—how would you normalize the values before comparing them?,javascript
Your input switches between controlled and uncontrolled in an admin panel—how would you initialize its value consistently?,react
Your inline element ignores your width and height during checkout—how would you change its display behavior?,html / css
Your object keys must be iterated with both key and value in a user profile—which built-in method would you use?,javascript
Your API returns stack traces in production during checkout—how would you separate development and production error responses?,express.js
Your one route segment needs isolated error handling in a user profile—how would you use the error boundary file convention?,next.js
Your conditional type gives an unexpected result for a union on a login page—how would distributive behavior affect it?,typescript
Your interval keeps running after the feature is closed on a login page—how would you clean it up?,javascript
Your exception is caught but important context is lost on a settings screen—how would you preserve the original cause?,python
Your interval keeps running after the feature is closed while building a dashboard—how would you clean it up?,javascript
Your async function is called without awaiting its result on a settings screen—how could that create a race condition in your UI?,javascript
Your dynamically added button has no click behavior on a product listing—when would event delegation solve the issue?,javascript
Your component fetches the same data on every mount while building a dashboard—how would you introduce caching or shared server state?,react
Your dataclass instances compare unexpectedly during form validation—which generated methods and field options would you inspect?,python
Your type assertion hides a real runtime problem on a product listing—what safer narrowing strategy could you use?,typescript
Your inline element ignores your width and height while building a dashboard—how would you change its display behavior?,html / css
Your CSS custom property falls back unexpectedly during checkout—how would you check its scope and spelling?,html / css
Your intercepting route should show a modal instead of a full navigation while building a dashboard—how would you structure the matching route folders?,next.js
Your two transactions deadlock while building a dashboard—how would you identify the conflicting lock order?,sql
Your two arrays need to be merged without duplicates on a product listing—how would you implement that efficiently?,javascript
Your readFile blocks your server during heavy traffic in a user profile—which asynchronous alternative should you use?,node.js
Your optional property is used as if it always exists on a product listing—how would you handle the undefined case?,typescript
Your unit test passes alone but fails with the full suite during form validation—how would you isolate shared state?,python
Your query causes an N+1 performance problem on a product listing—how would you eager load the required relationship?,php / laravel
Your ellipsis does not appear on overflowing text on a product listing—which three CSS conditions are required?,html / css
Your date displays one day earlier than expected in an admin panel—what timezone behavior would you investigate?,javascript
Your decorator hides the original function metadata during checkout—which utility should you use to preserve it?,python
Your margin collapse changes the spacing around a section during checkout—how would you prevent or account for it?,html / css
Your session data disappears between requests on a product listing—how would you inspect the session driver and cookie settings?,php / laravel
Your date displays one day earlier than expected in a user profile—what timezone behavior would you investigate?,javascript
Your async function runs sequentially instead of concurrently on a product listing—how would you schedule the coroutines together?,python
Your logger misses the final response status on a product listing—where would you attach response lifecycle logging?,express.js
Your dataclass instances compare unexpectedly on a settings screen—which generated methods and field options would you inspect?,python
Your button looks disabled but is still clickable while building a dashboard—how would you implement semantic and visual disabling?,html / css
Your date range misses rows created late on the final day while implementing search—how would you write the boundary safely?,sql
Your server data and local UI state conflict on a settings screen—how would you separate their responsibilities?,react
Your route should render a page at a URL but the file is ignored while implementing search—how would you verify the App Router folder structure and file name?,next.js
Your environment variable is undefined at runtime on a product listing—how would you verify loading and configuration?,node.js
Your effect uses an old state value during checkout—how would you fix the stale closure?,react
Your custom middleware never calls the next handler on a settings screen—where should you invoke next or send a response?,express.js
Your database connection is created for every request during checkout—how would you reuse a connection or pool?,node.js
Your HAVING filter could run before aggregation on a login page—when should you move the condition into WHERE?,sql
Your parallel routes need separate UI slots on a settings screen—how would you organize the route segments?,next.js
Your sorting numbers produces lexicographic order in an admin panel—what comparator should you provide?,javascript
Your React warning says two children have the same key in a user profile—how would you generate a unique stable key?,react
Your CSRF protection rejects an AJAX request on a product listing—how would you send the token correctly?,php / laravel
Your derived value is stored in state and becomes inconsistent in a user profile—how would you compute it from existing data instead?,react
Your one route segment needs isolated error handling on a product listing—how would you use the error boundary file convention?,next.js
Your COUNT returns a surprising value with NULL data in a user profile—how do COUNT(*) and COUNT(column) differ?,sql
Your position absolute element appears relative to the wrong container on a login page—which ancestor positioning rule would you verify?,html / css
Your class implementation misses an interface member in an admin panel—how would you satisfy the contract correctly?,typescript
Your readFile blocks your server during heavy traffic while building a dashboard—which asynchronous alternative should you use?,node.js
Your async route throws but the error response is inconsistent while building a dashboard—how would you forward failures to centralized handling?,express.js
Your generic function loses the relationship between input and output while building a dashboard—how would you introduce a type parameter?,typescript
Your process needs a graceful shutdown on a product listing—how would you close servers and connections on termination signals?,node.js
Your scheduled task runs twice after scaling the app while implementing search—how would you prevent duplicate execution?,node.js
Your CSRF protection rejects an AJAX request in an admin panel—how would you send the token correctly?,php / laravel
Your font causes layout shift during loading in an admin panel—how would Next.js font optimization help?,next.js
Your deeply nested loops are slowing down the page while building a dashboard—how would you identify a better data structure or algorithm?,javascript
Your controller method receives no validated input during checkout—where should you inspect the request validation rules?,php / laravel
Your URL parameter is missing after navigation on a login page—how would you construct and read it reliably?,javascript
Your logger misses the final response status while implementing search—where would you attach response lifecycle logging?,express.js
Your foreign key insert fails while implementing search—how would you check the referenced parent row and column types?,sql
Your class attribute is unexpectedly shared by every instance on a login page—where should the value be initialized instead?,python
Your animation restarts unexpectedly when a class changes while building a dashboard—how would you control the animation state?,html / css
Your function loses the expected this value on a product listing—what change would preserve the correct context?,javascript
Your function loses the expected this value in a user profile—what change would preserve the correct context?,javascript
Your API response shape is assumed but not verified on a login page—how would you combine runtime validation with TypeScript types?,typescript
Your image from a remote host is rejected while implementing search—which image configuration would you update?,next.js
Your validation rule should depend on another field in a user profile—how would you implement conditional validation?,php / laravel
Your process needs a graceful shutdown while building a dashboard—how would you close servers and connections on termination signals?,node.js
Your decorator hides the original function metadata in an admin panel—which utility should you use to preserve it?,python
Your API resource exposes fields that should stay private in a user profile—how would you control the transformed response?,php / laravel
Your failed job keeps retrying in a user profile—how would you inspect attempts and failure handling?,php / laravel
Your server listens on the wrong port in production while implementing search—how would you use environment-based configuration?,node.js
Your long word breaks the page layout on a product listing—how would you allow safe word breaking?,html / css
Your request validation is duplicated across controllers on a product listing—how would you extract reusable validation middleware?,express.js
Your localStorage value is not restored as the original object in a user profile—how would you serialize and parse it correctly?,javascript
Your Laravel route returns a 404 even though the controller exists on a product listing—how would you verify the route definition and cache?,php / laravel
Your query value is missing during checkout—where should you read it from the request?,express.js
Your streaming a large file causes memory usage to spike on a settings screen—how would you pipe the data instead of buffering it?,node.js
Your API endpoint is not recognized on a settings screen—how would you structure the route handler file?,next.js
Your shared navigation appears on every page on a product listing—where should you place it in the layout hierarchy?,next.js
Your JSON.parse throws an error for stored data while building a dashboard—how would you guard against invalid JSON?,javascript
Your localStorage value is not restored as the original object on a settings screen—how would you serialize and parse it correctly?,javascript
Your JSON serialization fails for a custom object in a user profile—how would you provide a serializable representation?,python
Your regular expression matches more text than expected while building a dashboard—which flags or quantifiers would you inspect?,javascript
Your variable is undefined inside a callback on a product listing—how would you trace the scope causing the problem?,javascript
Your page needs a redirect after validating server-side conditions in an admin panel—which Next.js navigation utility would you use?,next.js
Your subclass constructor does not initialize the parent while building a dashboard—how would you call the parent implementation correctly?,python
Your rate limiting should apply only to login attempts while building a dashboard—how would you mount the limiter selectively?,express.js
Your loop skips items after removing elements from the same list in an admin panel—how would you iterate without mutating the active sequence?,python
Your server logs are hard to correlate across requests in a user profile—how would you attach a request identifier?,node.js
Your form input has no accessible name on a login page—what HTML association would you add?,html / css
Your API request succeeds but JSON parsing fails while building a dashboard—what should you inspect in the response handling?,javascript
Your dictionary counting code is verbose in a user profile—which standard library collection could simplify it?,python
Your datetime comparison mixes timezone-aware and naive values while handling notifications—how would you normalize them?,python
Your fixed header covers the top of anchored content on a product listing—how would you offset the scroll position?,html / css
Your child process output is missing in a user profile—which stdout and stderr events would you handle?,node.js
Your two arrays need to be merged without duplicates while building a dashboard—how would you implement that efficiently?,javascript
Your Laravel environment value seems outdated during checkout—how would configuration caching affect the result?,php / laravel
"Your cookie is not sent from the browser on a login page—which CORS, credentials, SameSite, and secure settings would you inspect?",express.js
Your input switches between controlled and uncontrolled on a product listing—how would you initialize its value consistently?,react
Your file upload is missing from the request during checkout—how would you verify the form encoding and input name?,php / laravel
Your API response shape is assumed but not verified while implementing search—how would you combine runtime validation with TypeScript types?,typescript
Your parallel routes need separate UI slots on a product listing—how would you organize the route segments?,next.js
Your recursive data such as categories must be queried while building a dashboard—when would a recursive CTE be appropriate?,sql
Your form submits and immediately reloads the page on a login page—where should you prevent the default submission?,javascript
Your function parameter becomes implicitly any in an admin panel—where should you add an explicit type?,typescript
Your async function runs sequentially instead of concurrently in an admin panel—how would you schedule the coroutines together?,python
Your page shows stale data after a mutation while building a dashboard—how would you revalidate the relevant route or data?,next.js
Your unique constraint rejects a value that looks different during checkout—what normalization or collation issue could explain it?,sql
Your React component props allow invalid combinations while building a dashboard—how would you model mutually exclusive props with a union?,typescript
Your multiple async operations should run together in an admin panel—when would Promise.all or Promise.allSettled be appropriate?,node.js
Your function modifies a default list argument across calls on a login page—how would you avoid the shared mutable default?,python
Your pip installs a package but your script cannot import it on a login page—how would you check interpreter and environment mismatch?,python
Your threaded code does not speed up CPU-bound work during form validation—how would the GIL influence your approach?,python
Your unit test passes alone but fails with the full suite on a login page—how would you isolate shared state?,python
Your asynchronous code returns undefined before the data arrives while building a dashboard—how would you wait for the result correctly?,javascript
Your virtual environment uses the wrong interpreter on a product listing—how would you verify the active Python executable?,python
Your promise rejection is not caught on a product listing—where should you add error handling?,javascript
Your element is centered horizontally but not vertically on a login page—which container alignment rule is missing?,html / css
Your two transactions deadlock on a product listing—how would you identify the conflicting lock order?,sql
Your streaming a large file causes memory usage to spike on a product listing—how would you pipe the data instead of buffering it?,node.js
Your policy denies a user who should have access during checkout—how would you trace the authenticated user and ability arguments?,php / laravel
Your npm package works globally but not inside the project while implementing search—how would you check local dependencies and scripts?,node.js
Your file remains open after an error in an admin panel—how would a context manager solve the cleanup?,python
Your modal renders inside a parent with clipping styles during checkout—how would a portal solve the layout problem?,react
Your dropdown is hidden behind another component on a product listing—how would you debug its positioning and stacking order?,html / css
Your npm package works globally but not inside the project in a user profile—how would you check local dependencies and scripts?,node.js
Your proxy hides the original client IP in a user profile—which trust proxy configuration would you consider?,express.js
Your environment variable is undefined at runtime during checkout—how would you verify loading and configuration?,node.js
Your long word breaks the page layout while building a dashboard—how would you allow safe word breaking?,html / css
Your exception is caught but important context is lost while implementing search—how would you preserve the original cause?,python
Your fixed header covers the top of anchored content in an admin panel—how would you offset the scroll position?,html / css
Your browser says a variable is already declared on a product listing—how would you locate the duplicate declaration?,javascript
Your array lookup may return undefined during checkout—how would you handle it under strict settings?,typescript
Your dataclass instances compare unexpectedly while implementing search—which generated methods and field options would you inspect?,python
Your query value is missing while building a dashboard—where should you read it from the request?,express.js
"Your CSS rule is not applying to an element on a login page—how would you inspect specificity, inheritance, and the cascade?",html / css
Your Laravel event listener does not execute in an admin panel—how would you verify registration and queue configuration?,php / laravel
Your useEffect runs repeatedly and creates an infinite loop while implementing search—which dependency is changing every render?,react
Your scheduled task runs twice after scaling the app during checkout—how would you prevent duplicate execution?,node.js
Your threaded code does not speed up CPU-bound work while building a dashboard—how would the GIL influence your approach?,python
Your CSS transition does not animate while building a dashboard—how would you verify the changed property and transition declaration?,html / css
Your model changes are not saved on a product listing—how would you check fillable fields and the save flow?,php / laravel
Your file upload request has no file data in a user profile—which multipart middleware and field name would you verify?,express.js
Your subquery returns more than one value where one is expected during checkout—how would you change the comparison or aggregation?,sql
Your form field value is treated as text instead of a number on a product listing—where should you convert its type?,javascript
Your npm package works globally but not inside the project while building a dashboard—how would you check local dependencies and scripts?,node.js
Your API returns stack traces in production on a login page—how would you separate development and production error responses?,express.js
Your function modifies a default list argument across calls in an admin panel—how would you avoid the shared mutable default?,python
Your function loses the expected this value during checkout—what change would preserve the correct context?,javascript
Your large JSON response is slow to generate in a user profile—how would you profile serialization and response size?,node.js
Your list comprehension becomes hard to debug during form validation—when would an explicit loop be clearer?,python
Your package import works in an interactive shell but fails when running a module while implementing search—how would you run the package correctly?,python
Your client component needs server-fetched data on a settings screen—how would you decide where to fetch and pass the data?,next.js
Your function overloads are difficult to maintain while implementing search—could a generic or union parameter simplify the API?,typescript
Your server listens on the wrong port in production while building a dashboard—how would you use environment-based configuration?,node.js
Your flex items refuse to shrink and overflow the container while building a dashboard—which flex properties would you check?,html / css
Your error in one component crashes the whole screen on a product listing—where would you place an error boundary?,react
Your input validation accepts whitespace-only text on a product listing—how would you normalize the input first?,javascript
Your CPU-heavy loop makes every request slow on a settings screen—how could you move that work off the event loop?,node.js
Your secret appears in a repository commit on a login page—how would you remove it from configuration and rotate it?,node.js
Your subclass constructor does not initialize the parent in a user profile—how would you call the parent implementation correctly?,python
Your percentage height does not work inside a container on a login page—which parent dimensions must be defined?,html / css
Your array lookup may return undefined on a settings screen—how would you handle it under strict settings?,typescript
Your script works in one file but not another while implementing search—how would you check module scope and script loading?,javascript
Your async route throws but the error response is inconsistent on a settings screen—how would you forward failures to centralized handling?,express.js
Your subclass constructor does not initialize the parent during form validation—how would you call the parent implementation correctly?,python
Your DOM query returns null while building a dashboard—how would you verify the selector and execution timing?,javascript
Your broad except block hides programming errors while implementing search—which specific exceptions should you catch?,python
Your class attribute is unexpectedly shared by every instance while building a dashboard—where should the value be initialized instead?,python
Your subclass constructor does not initialize the parent on a login page—how would you call the parent implementation correctly?,python
Your streaming a large file causes memory usage to spike while building a dashboard—how would you pipe the data instead of buffering it?,node.js
Your dictionary merge overwrites values unexpectedly while implementing search—how would you control the conflict rule?,python
Your model changes are not saved during checkout—how would you check fillable fields and the save flow?,php / laravel
Your route handler never receives the parsed JSON body in an admin panel—which middleware must run before the route?,express.js
Your route handler never receives the parsed JSON body during checkout—which middleware must run before the route?,express.js
Your optimistic update must be rolled back after a failed request on a settings screen—how would you preserve the previous state?,react
Your grid layout creates columns wider than the viewport on a product listing—how would you constrain the track sizes?,html / css
Your list comprehension becomes hard to debug on a product listing—when would an explicit loop be clearer?,python
Your router paths produce duplicated URL segments in an admin panel—how would you check the mount path and child routes?,express.js
Your component needs different behavior for mobile width during checkout—how would you keep responsive state synchronized with the browser?,react
Your memory usage keeps growing during a long-running process in an admin panel—how would you investigate a possible leak?,node.js
Your request validation is duplicated across controllers while building a dashboard—how would you extract reusable validation middleware?,express.js
Your database connection is created for every request while implementing search—how would you reuse a connection or pool?,node.js
Your file upload request has no file data while implementing search—which multipart middleware and field name would you verify?,express.js
Your API call should retry only transient failures on a settings screen—how would you distinguish retryable exceptions?,python
Your large CSV consumes too much memory during checkout—how would you process it incrementally?,python
Your file path works locally but fails after deployment on a login page—how would you construct it portably?,node.js
Your search results arrive out of order in an admin panel—how would you prevent an older request from replacing newer data?,react
Your CommonJS import fails after switching to ES modules during checkout—what module configuration would you review?,node.js
Your aggregate query mixes grouped and ungrouped columns during checkout—how would you rewrite it correctly?,sql
Your loading UI should appear while a route segment is waiting during checkout—where would you add the loading file?,next.js
Your relative file path fails when the application starts from another directory while implementing search—how would you build a stable path?,python
Your setTimeout inside a loop prints the wrong index while implementing search—how would you fix the variable scope?,javascript
Your server listens on the wrong port in production during checkout—how would you use environment-based configuration?,node.js
Your case-insensitive search is unexpectedly slow during checkout—what indexing or collation options would you investigate?,sql
Your event listener never fires while implementing search—what would you check in the element selection and event binding?,javascript
Your lazy-loaded component flashes without fallback content in a user profile—how would you configure Suspense?,react
Your state update based on previous state gives the wrong result while building a dashboard—how would you use the functional updater?,react
"Your CSS rule is not applying to an element on a product listing—how would you inspect specificity, inheritance, and the cascade?",html / css
Your function overloads are difficult to maintain while building a dashboard—could a generic or union parameter simplify the API?,typescript
Your session data disappears between requests on a settings screen—how would you inspect the session driver and cookie settings?,php / laravel
Your position absolute element appears relative to the wrong container in an admin panel—which ancestor positioning rule would you verify?,html / css
Your query is slow despite filtering by a common column while implementing search—how would you inspect indexes and the execution plan?,sql
Your font causes layout shift during loading while building a dashboard—how would Next.js font optimization help?,next.js
Your database connection is created for every request in a user profile—how would you reuse a connection or pool?,node.js
Your event handler receives stale props in an admin panel—how would you restructure the callback dependencies?,react
Your dictionary lookup may not contain a key on a settings screen—how would you handle the missing value safely?,python
Your LEFT JOIN behaves like an INNER JOIN unexpectedly in an admin panel—where should you place conditions on the optional table?,sql
Your query string contains unescaped user input while building a dashboard—how would you encode the parameters safely?,javascript
Your authentication middleware protects every route including login on a login page—how would you change the middleware order or scope?,express.js
Your JSON.parse throws an error for stored data while implementing search—how would you guard against invalid JSON?,javascript
Your object property name is computed dynamically while building a dashboard—how would you access it safely?,javascript
Your deeply nested loops are slowing down the page on a product listing—how would you identify a better data structure or algorithm?,javascript
Your logging appears twice on a settings screen—how would you inspect handler configuration and propagation?,python
Your component state changes but the UI does not rerender as expected on a login page—how would you check whether the state was mutated directly?,react
Your grid layout creates columns wider than the viewport while building a dashboard—how would you constrain the track sizes?,html / css
Your loading UI should appear while a route segment is waiting while implementing search—where would you add the loading file?,next.js
Your scheduled task runs twice after scaling the app in a user profile—how would you prevent duplicate execution?,node.js
Your environment variable is unavailable in the browser on a settings screen—which naming and exposure rule would you check?,next.js
Your JSON serialization fails for a custom object during form validation—how would you provide a serializable representation?,python
Your image from a remote host is rejected on a product listing—which image configuration would you update?,next.js
Your function parameter becomes implicitly any during checkout—where should you add an explicit type?,typescript
Your HAVING filter could run before aggregation in a user profile—when should you move the condition into WHERE?,sql
Your shared navigation appears on every page in a user profile—where should you place it in the layout hierarchy?,next.js
Your z-index has no visible effect on a product listing—how would you inspect the stacking contexts involved?,html / css
Your file remains open after an error on a login page—how would a context manager solve the cleanup?,python
Your route handler needs query parameters during checkout—how would you read them from the request?,next.js
Your task must retry after a temporary failure in a user profile—how would you add bounded retry logic?,node.js
Your CSRF protection rejects an AJAX request in a user profile—how would you send the token correctly?,php / laravel
Your Laravel environment value seems outdated while implementing search—how would configuration caching affect the result?,php / laravel
Your object literal has an unexpected extra property error on a product listing—how would you adjust the interface without weakening validation unnecessarily?,typescript
Your aggregate query mixes grouped and ungrouped columns on a product listing—how would you rewrite it correctly?,sql
Your responsive layout breaks only on a small phone screen during checkout—how would you adjust the media query and sizing rules?,html / css
Your request validation is duplicated across controllers in a user profile—how would you extract reusable validation middleware?,express.js
Your form input has no accessible name on a product listing—what HTML association would you add?,html / css
Your URL parameter is missing after navigation on a product listing—how would you construct and read it reliably?,javascript
Your session disappears after restarting the server while building a dashboard—how would you choose persistent session storage?,express.js
Your multiple async operations should run together while implementing search—when would Promise.all or Promise.allSettled be appropriate?,node.js
Your rate limiting should apply only to login attempts on a product listing—how would you mount the limiter selectively?,express.js
Your server crashes from an unhandled promise rejection in a user profile—where should you catch and log the failure?,node.js
Your HAVING filter could run before aggregation on a product listing—when should you move the condition into WHERE?,sql
Your API returns stack traces in production while building a dashboard—how would you separate development and production error responses?,express.js
Your event handler receives stale props while building a dashboard—how would you restructure the callback dependencies?,react
Your metadata differs between dynamic product pages in an admin panel—how would you generate it from route data?,next.js
Your setTimeout inside a loop prints the wrong index during checkout—how would you fix the variable scope?,javascript
Your form submission should mutate data without building a separate client fetch while implementing search—when could a Server Action be appropriate?,next.js
Your variable is undefined inside a callback on a login page—how would you trace the scope causing the problem?,javascript
Your deployment fails because a page depends on request-time data on a login page—how would you choose the correct rendering behavior?,next.js
Your database transaction commits part of a workflow after an exception on a login page—how would you wrap the operations atomically?,php / laravel
Your class attribute is unexpectedly shared by every instance in an admin panel—where should the value be initialized instead?,python
Your image stretches out of proportion while building a dashboard—which CSS properties would preserve its aspect ratio?,html / css
Your relative file path fails when the application starts from another directory on a settings screen—how would you build a stable path?,python
Your 404 response is returned before a valid route while implementing search—how would you fix the route and middleware order?,express.js
Your Node cannot resolve a module while building a dashboard—how would you inspect the import path and package installation?,node.js
Your browser says a variable is already declared while implementing search—how would you locate the duplicate declaration?,javascript
Your form input has no accessible name in an admin panel—what HTML association would you add?,html / css
Your list items lose their internal state after reordering during checkout—how would you choose stable keys?,react
Your foreign key insert fails in a user profile—how would you check the referenced parent row and column types?,sql
Your hover menu cannot be used on touch devices on a product listing—what interaction alternative would you provide?,html / css
Your query string contains unescaped user input while implementing search—how would you encode the parameters safely?,javascript
Your module import is undefined on a product listing—how would you verify default versus named exports?,javascript
Your NULL comparison never matches while building a dashboard—which SQL predicate should you use instead of equals?,sql
Your asynchronous code returns undefined before the data arrives while implementing search—how would you wait for the result correctly?,javascript
Your UPDATE changes every row by mistake while building a dashboard—what safety checks would you perform before executing it?,sql
Your box width becomes larger than the value you set on a product listing—how would box-sizing affect the calculation?,html / css
Your secret appears in a repository commit in a user profile—how would you remove it from configuration and rotate it?,node.js
Your modal renders inside a parent with clipping styles in a user profile—how would a portal solve the layout problem?,react
Your static page unexpectedly becomes dynamic in an admin panel—what server-side dependency would you inspect?,next.js
Your exception is caught but important context is lost on a product listing—how would you preserve the original cause?,python
Your application restarts repeatedly after an uncaught exception while building a dashboard—how would you capture the root cause safely?,node.js
Your component state changes but the UI does not rerender as expected while building a dashboard—how would you check whether the state was mutated directly?,react
Your box width becomes larger than the value you set during checkout—how would box-sizing affect the calculation?,html / css
Your regular expression matches more text than expected while implementing search—which flags or quantifiers would you inspect?,javascript
Your request validation is duplicated across controllers during checkout—how would you extract reusable validation middleware?,express.js
Your relative file path fails when the application starts from another directory while handling notifications—how would you build a stable path?,python
"Your cookie is not sent from the browser in an admin panel—which CORS, credentials, SameSite, and secure settings would you inspect?",express.js
"Your array method returns an unexpected value while implementing search—how would you choose between map, filter, find, and reduce?",javascript
Your 100vh causes unwanted scrolling on mobile during checkout—which newer viewport units could you consider?,html / css
Your one route segment needs isolated error handling on a settings screen—how would you use the error boundary file convention?,next.js
Your form submission should mutate data without building a separate client fetch on a product listing—when could a Server Action be appropriate?,next.js
Your child rerenders whenever the parent changes in an admin panel—how would you determine whether memoization is useful?,react
Your background image is cropped unexpectedly on a login page—how would you tune its size and position?,html / css
Your HAVING filter could run before aggregation while building a dashboard—when should you move the condition into WHERE?,sql
Your animation restarts unexpectedly when a class changes in an admin panel—how would you control the animation state?,html / css
Your package import works in an interactive shell but fails when running a module on a login page—how would you run the package correctly?,python
Your position absolute element appears relative to the wrong container on a product listing—which ancestor positioning rule would you verify?,html / css
Your query causes an N+1 performance problem while building a dashboard—how would you eager load the required relationship?,php / laravel
Your npm package works globally but not inside the project during checkout—how would you check local dependencies and scripts?,node.js
Your state update based on previous state gives the wrong result during checkout—how would you use the functional updater?,react
Your nested prop drilling makes components difficult to maintain during checkout—when would context or composition be a better choice?,react
Your API endpoint is not recognized while implementing search—how would you structure the route handler file?,next.js
Your dropdown is hidden behind another component during checkout—how would you debug its positioning and stacking order?,html / css
Your list comprehension becomes hard to debug in an admin panel—when would an explicit loop be clearer?,python
Your context update rerenders too many components while building a dashboard—how would you split or memoize the context value?,react
Your file remains open after an error while implementing search—how would a context manager solve the cleanup?,python
Your server returns stale configuration after editing an environment file during checkout—what restart or loading behavior would you check?,node.js
Your pagination becomes slow on very large offsets while building a dashboard—how could keyset pagination help?,sql
Your image from a remote host is rejected on a settings screen—which image configuration would you update?,next.js
Your regular expression is slow on long input while building a dashboard—how would you simplify a pattern with catastrophic backtracking?,python
Your file upload is missing from the request on a product listing—how would you verify the form encoding and input name?,php / laravel
Your custom middleware never calls the next handler on a product listing—where should you invoke next or send a response?,express.js
Your debounced search still makes too many requests on a product listing—what would you check in the debounce implementation?,javascript
Your uploaded file URL returns 404 on a product listing—how would you configure public storage access?,php / laravel
Your class implementation misses an interface member in a user profile—how would you satisfy the contract correctly?,typescript
"Your array method returns an unexpected value on a product listing—how would you choose between map, filter, find, and reduce?",javascript
Your nested object access crashes when an intermediate value is missing on a settings screen—how would optional chaining help?,javascript
Your application restarts repeatedly after an uncaught exception on a product listing—how would you capture the root cause safely?,node.js
Your 404 response is returned before a valid route in an admin panel—how would you fix the route and middleware order?,express.js
Your Laravel environment value seems outdated while building a dashboard—how would configuration caching affect the result?,php / laravel
Your datetime comparison mixes timezone-aware and naive values during checkout—how would you normalize them?,python
Your lazy-loaded component flashes without fallback content while implementing search—how would you configure Suspense?,react
Your URL parameter is missing after navigation while implementing search—how would you construct and read it reliably?,javascript
Your router paths produce duplicated URL segments on a settings screen—how would you check the mount path and child routes?,express.js
Your unique constraint rejects a value that looks different while implementing search—what normalization or collation issue could explain it?,sql
Your subclass constructor does not initialize the parent while implementing search—how would you call the parent implementation correctly?,python
Your text overflows a card instead of wrapping in an admin panel—which wrapping and width rules would you inspect?,html / css
Your context manager must manage a database transaction during checkout—where would you commit and roll back?,python
Your form submission reloads the page in an admin panel—where should you prevent the default event?,react
Your list filtering is slow on every keystroke in an admin panel—how would you defer or memoize expensive rendering work?,react
Your useCallback makes the code more complex without improving performance on a product listing—how would you decide whether to remove it?,react
Your scheduled task runs twice after scaling the app in an admin panel—how would you prevent duplicate execution?,node.js
Your margin collapse changes the spacing around a section while building a dashboard—how would you prevent or account for it?,html / css
Your component needs to expose a DOM element to its parent while implementing search—when would you use a ref?,react
Your shared navigation appears on every page in an admin panel—where should you place it in the layout hierarchy?,next.js
Your object literal has an unexpected extra property error on a login page—how would you adjust the interface without weakening validation unnecessarily?,typescript
Your Laravel event listener does not execute during checkout—how would you verify registration and queue configuration?,php / laravel
Your form field value is treated as text instead of a number on a login page—where should you convert its type?,javascript
Your optimistic update must be rolled back after a failed request while building a dashboard—how would you preserve the previous state?,react
Your query returns duplicate rows after joining two tables on a login page—how would you inspect the join cardinality?,sql
Your file upload is missing from the request while implementing search—how would you verify the form encoding and input name?,php / laravel
Your API call should retry only transient failures on a login page—how would you distinguish retryable exceptions?,python
Your composite index is ignored on a login page—how would you check the column order against the query?,sql
Your task must retry after a temporary failure on a login page—how would you add bounded retry logic?,node.js
Your CSRF protection rejects an AJAX request while implementing search—how would you send the token correctly?,php / laravel
Your browser freezes during a large computation on a product listing—how could you break up or move the work?,javascript
Your API endpoint is not recognized on a login page—how would you structure the route handler file?,next.js
Your generic function loses the relationship between input and output on a login page—how would you introduce a type parameter?,typescript
Your function parameter becomes implicitly any on a product listing—where should you add an explicit type?,typescript
Your page shows stale data after a mutation on a settings screen—how would you revalidate the relevant route or data?,next.js
Your subquery returns more than one value where one is expected on a product listing—how would you change the comparison or aggregation?,sql
Your modal renders inside a parent with clipping styles in an admin panel—how would a portal solve the layout problem?,react
Your datetime comparison mixes timezone-aware and naive values on a settings screen—how would you normalize them?,python
Your database transaction commits part of a workflow after an exception in an admin panel—how would you wrap the operations atomically?,php / laravel
Your dictionary lookup may not contain a key while handling notifications—how would you handle the missing value safely?,python
Your JSON file becomes corrupted after simultaneous writes on a product listing—how would you serialize or redesign the storage?,node.js
Your function loses the expected this value while building a dashboard—what change would preserve the correct context?,javascript
Your input validation accepts whitespace-only text while implementing search—how would you normalize the input first?,javascript
Your array lookup may return undefined in an admin panel—how would you handle it under strict settings?,typescript
Your setTimeout inside a loop prints the wrong index in an admin panel—how would you fix the variable scope?,javascript
Your API endpoint is not recognized while building a dashboard—how would you structure the route handler file?,next.js
Your process pool fails because a function cannot be pickled in a user profile—how would you restructure the callable?,python
Your class attribute is unexpectedly shared by every instance while handling notifications—where should the value be initialized instead?,python
Your DOM query returns null in an admin panel—how would you verify the selector and execution timing?,javascript
Your broad except block hides programming errors in an admin panel—which specific exceptions should you catch?,python
Your package update breaks production while building a dashboard—how would you use lockfiles and version ranges to control upgrades?,node.js
Your uploaded file URL returns 404 while implementing search—how would you configure public storage access?,php / laravel
Your component fetches the same data on every mount on a settings screen—how would you introduce caching or shared server state?,react
Your ref value changes but the UI stays the same during checkout—why should that value be state instead?,react
Your memory usage keeps growing during a long-running process while implementing search—how would you investigate a possible leak?,node.js
Your third-party JavaScript package has no types in an admin panel—how would you add a declaration safely?,typescript
Your migration runs locally but fails in production on a product listing—how would you inspect database state and migration order?,php / laravel
Your controlled input becomes unresponsive in a user profile—which value and onChange connection would you inspect?,react
Your recursive data such as categories must be queried while implementing search—when would a recursive CTE be appropriate?,sql
Your URL parameter is missing after navigation while building a dashboard—how would you construct and read it reliably?,javascript
Your metadata differs between dynamic product pages during checkout—how would you generate it from route data?,next.js
Your deployment fails because a page depends on request-time data in an admin panel—how would you choose the correct rendering behavior?,next.js
Your loading UI should appear while a route segment is waiting in a user profile—where would you add the loading file?,next.js
Your proxy hides the original client IP in an admin panel—which trust proxy configuration would you consider?,express.js
Your child process output is missing while building a dashboard—which stdout and stderr events would you handle?,node.js
Your path alias works in TypeScript but fails at runtime on a login page—how would you configure the runtime or bundler to match it?,typescript
Your child process output is missing in an admin panel—which stdout and stderr events would you handle?,node.js
Your middleware runs on routes you did not intend while building a dashboard—how would you refine its matcher?,next.js
Your queued job never runs on a login page—how would you check the queue connection and worker process?,php / laravel
Your database transaction commits part of a workflow after an exception while implementing search—how would you wrap the operations atomically?,php / laravel
Your 404 response is returned before a valid route during checkout—how would you fix the route and middleware order?,express.js
Your validation rule should depend on another field on a login page—how would you implement conditional validation?,php / laravel
Your session disappears after restarting the server in an admin panel—how would you choose persistent session storage?,express.js
Your text overflows a card instead of wrapping on a login page—which wrapping and width rules would you inspect?,html / css
Your query is slow despite filtering by a common column during checkout—how would you inspect indexes and the execution plan?,sql
Your label click does not focus the associated input during checkout—how would you connect the label correctly?,html / css
Your dynamic route parameter is undefined in a user profile—how would you verify the folder name and parameter access?,next.js
Your relative file path fails when the application starts from another directory during checkout—how would you build a stable path?,python
Your image stretches out of proportion on a login page—which CSS properties would preserve its aspect ratio?,html / css
Your script works in one file but not another in a user profile—how would you check module scope and script loading?,javascript
Your CSRF protection rejects an AJAX request on a login page—how would you send the token correctly?,php / laravel
Your component state changes but the UI does not rerender as expected in an admin panel—how would you check whether the state was mutated directly?,react
Your Laravel event listener does not execute on a product listing—how would you verify registration and queue configuration?,php / laravel
Your metadata differs between dynamic product pages on a settings screen—how would you generate it from route data?,next.js
Your type hints disagree with runtime data on a settings screen—how would you validate the incoming values?,python
Your dynamically added button has no click behavior during checkout—when would event delegation solve the issue?,javascript
Your list comprehension becomes hard to debug on a login page—when would an explicit loop be clearer?,python
Your Laravel environment value seems outdated in a user profile—how would configuration caching affect the result?,php / laravel
Your aggregate query mixes grouped and ungrouped columns while building a dashboard—how would you rewrite it correctly?,sql
Your query is slow despite filtering by a common column in an admin panel—how would you inspect indexes and the execution plan?,sql
Your React.memo does not prevent rerenders while implementing search—which prop reference might still be changing?,react
Your Node process exits before an asynchronous task finishes in a user profile—how would you trace the pending work?,node.js
Your npm package works globally but not inside the project on a product listing—how would you check local dependencies and scripts?,node.js
Your one route segment needs isolated error handling while building a dashboard—how would you use the error boundary file convention?,next.js
Your one route segment needs isolated error handling while implementing search—how would you use the error boundary file convention?,next.js
Your static page unexpectedly becomes dynamic in a user profile—what server-side dependency would you inspect?,next.js
Your object index access has an implicit any error in a user profile—how would keyof help type the key?,typescript
Your error middleware is skipped in an admin panel—how would you verify its four-argument signature and registration order?,express.js
Your fetch request sends no request body on a settings screen—how would you configure the method and body correctly?,javascript
Your dataclass instances compare unexpectedly while building a dashboard—which generated methods and field options would you inspect?,python
Your type assertion hides a real runtime problem on a login page—what safer narrowing strategy could you use?,typescript
Your server returns stale configuration after editing an environment file in a user profile—what restart or loading behavior would you check?,node.js
Your DELETE statement must remove only related records while building a dashboard—how would you verify the WHERE clause first?,sql
Your custom middleware never calls the next handler during checkout—where should you invoke next or send a response?,express.js
Your regular expression is slow on long input in an admin panel—how would you simplify a pattern with catastrophic backtracking?,python
Your broad except block hides programming errors while building a dashboard—which specific exceptions should you catch?,python
Your query returns duplicate rows after joining two tables on a settings screen—how would you inspect the join cardinality?,sql
Your dynamic route parameter is undefined while building a dashboard—how would you verify the folder name and parameter access?,next.js
Your React.memo does not prevent rerenders in a user profile—which prop reference might still be changing?,react
Your COUNT returns a surprising value with NULL data on a login page—how do COUNT(*) and COUNT(column) differ?,sql
Your relative file path fails when the application starts from another directory on a product listing—how would you build a stable path?,python
Your page shows stale data after a mutation on a login page—how would you revalidate the relevant route or data?,next.js
Your optimistic update must be rolled back after a failed request during checkout—how would you preserve the previous state?,react
Your CommonJS import fails after switching to ES modules while implementing search—what module configuration would you review?,node.js
Your model changes are not saved on a settings screen—how would you check fillable fields and the save flow?,php / laravel
Your decorator hides the original function metadata on a login page—which utility should you use to preserve it?,python
Your error middleware is skipped while building a dashboard—how would you verify its four-argument signature and registration order?,express.js
Your two transactions deadlock in a user profile—how would you identify the conflicting lock order?,sql
Your scheduled task runs twice after scaling the app while building a dashboard—how would you prevent duplicate execution?,node.js
Your intercepting route should show a modal instead of a full navigation on a product listing—how would you structure the matching route folders?,next.js
Your object keys must be iterated with both key and value while implementing search—which built-in method would you use?,javascript
Your dictionary merge overwrites values unexpectedly while handling notifications—how would you control the conflict rule?,python
Your table becomes unusable on a narrow screen while building a dashboard—what responsive strategy would you apply?,html / css
Your property access fails because TypeScript sees a union type during checkout—how would you narrow the type safely?,typescript
Your two arrays need to be merged without duplicates in a user profile—how would you implement that efficiently?,javascript
Your server crashes from an unhandled promise rejection on a product listing—where should you catch and log the failure?,node.js
Your Eloquent query returns soft-deleted records unexpectedly on a login page—how would you inspect scopes and withTrashed usage?,php / laravel
Your API call should retry only transient failures during form validation—how would you distinguish retryable exceptions?,python
Your promise rejection is not caught in a user profile—where should you add error handling?,javascript
Your 404 page is not shown for missing dynamic data on a settings screen—how would you trigger the not-found behavior?,next.js
Your JSON serialization fails for a custom object on a login page—how would you provide a serializable representation?,python
Your localStorage value is not restored as the original object while building a dashboard—how would you serialize and parse it correctly?,javascript
Your child process output is missing on a settings screen—which stdout and stderr events would you handle?,node.js
Your queued job never runs in a user profile—how would you check the queue connection and worker process?,php / laravel
Your file upload is missing from the request on a login page—how would you verify the form encoding and input name?,php / laravel
Your dictionary merge overwrites values unexpectedly during form validation—how would you control the conflict rule?,python
Your element is centered horizontally but not vertically in an admin panel—which container alignment rule is missing?,html / css
Your streaming a large file causes memory usage to spike in an admin panel—how would you pipe the data instead of buffering it?,node.js
Your function overloads are difficult to maintain in a user profile—could a generic or union parameter simplify the API?,typescript
Your object index access has an implicit any error during checkout—how would keyof help type the key?,typescript
Your dictionary counting code is verbose in an admin panel—which standard library collection could simplify it?,python
Your environment variable is unavailable in the browser on a login page—which naming and exposure rule would you check?,next.js
Your function parameter becomes implicitly any in a user profile—where should you add an explicit type?,typescript
Your React component props allow invalid combinations during checkout—how would you model mutually exclusive props with a union?,typescript
Your decorator hides the original function metadata while building a dashboard—which utility should you use to preserve it?,python
Your deeply nested loops are slowing down the page in an admin panel—how would you identify a better data structure or algorithm?,javascript
Your page needs a redirect after validating server-side conditions while building a dashboard—which Next.js navigation utility would you use?,next.js
Your Eloquent relationship returns an empty collection unexpectedly on a settings screen—how would you verify the foreign and local keys?,php / laravel
Your package update breaks production in an admin panel—how would you use lockfiles and version ranges to control upgrades?,node.js
Your database connection is created for every request in an admin panel—how would you reuse a connection or pool?,node.js
Your button handler runs twice in an admin panel—how would you find and prevent duplicate event listeners?,javascript
Your query needs the latest row for each user on a login page—how would you use a window function or grouped strategy?,sql
Your subquery returns more than one value where one is expected in a user profile—how would you change the comparison or aggregation?,sql
Your CSS transition does not animate in an admin panel—how would you verify the changed property and transition declaration?,html / css
Your transaction leaves half the changes saved after an error while implementing search—how would you use rollback correctly?,sql
Your large CSV consumes too much memory on a product listing—how would you process it incrementally?,python
Your asynchronous code returns undefined before the data arrives in an admin panel—how would you wait for the result correctly?,javascript
Your broad except block hides programming errors on a product listing—which specific exceptions should you catch?,python
"Your SVG icon inherits an unexpected color on a login page—which fill, stroke, or currentColor rule would you inspect?",html / css
Your fetch request sends no request body on a login page—how would you configure the method and body correctly?,javascript
Your child rerenders whenever the parent changes during checkout—how would you determine whether memoization is useful?,react
Your generator is exhausted when reused on a login page—how would you redesign the data flow?,python
Your unique constraint rejects a value that looks different on a login page—what normalization or collation issue could explain it?,sql
Your multiple state updates produce unexpected values on a settings screen—how would you account for React batching?,react
Your server crashes from an unhandled promise rejection on a login page—where should you catch and log the failure?,node.js
Your task must retry after a temporary failure while building a dashboard—how would you add bounded retry logic?,node.js
Your route handler never receives the parsed JSON body on a product listing—which middleware must run before the route?,express.js
Your server receives an empty object from your fetch request on a settings screen—which headers and serialization steps would you verify?,javascript
Your case-insensitive search is unexpectedly slow in an admin panel—what indexing or collation options would you investigate?,sql
Your API resource exposes fields that should stay private while implementing search—how would you control the transformed response?,php / laravel
Your route handler needs query parameters while implementing search—how would you read them from the request?,next.js
Your third-party JavaScript package has no types on a product listing—how would you add a declaration safely?,typescript
Your nested prop drilling makes components difficult to maintain while building a dashboard—when would context or composition be a better choice?,react
Your dictionary merge overwrites values unexpectedly in a user profile—how would you control the conflict rule?,python
Your dictionary lookup may not contain a key in a user profile—how would you handle the missing value safely?,python
Your large CSV consumes too much memory in an admin panel—how would you process it incrementally?,python
Your dictionary counting code is verbose while building a dashboard—which standard library collection could simplify it?,python
Your proxy hides the original client IP while implementing search—which trust proxy configuration would you consider?,express.js
Your query value is missing on a login page—where should you read it from the request?,express.js
Your JSON serialization fails for a custom object during checkout—how would you provide a serializable representation?,python
Your dark mode styles are overridden by existing rules on a login page—how would you organize the selectors to avoid conflicts?,html / css
Your percentage height does not work inside a container on a product listing—which parent dimensions must be defined?,html / css
Your API request updates state after the component unmounts on a product listing—how would you cancel or ignore the result?,react
Your tsconfig change creates many new errors while building a dashboard—which strictness option likely exposed the issues?,typescript
Your intercepting route should show a modal instead of a full navigation on a login page—how would you structure the matching route folders?,next.js
Your type hints disagree with runtime data in an admin panel—how would you validate the incoming values?,python
Your spread syntax copies an object but nested values still change on a product listing—why does that happen and how would you handle it?,javascript
Your static page unexpectedly becomes dynamic on a product listing—what server-side dependency would you inspect?,next.js
Your component needs different behavior for mobile width while building a dashboard—how would you keep responsive state synchronized with the browser?,react
Your fetch request sends no request body in an admin panel—how would you configure the method and body correctly?,javascript
Your Laravel event listener does not execute while building a dashboard—how would you verify registration and queue configuration?,php / laravel
Your Eloquent query returns soft-deleted records unexpectedly on a product listing—how would you inspect scopes and withTrashed usage?,php / laravel
Your npm package works globally but not inside the project on a login page—how would you check local dependencies and scripts?,node.js
Your file remains open after an error while handling notifications—how would a context manager solve the cleanup?,python
Your string concatenation produces an unexpected result with a number while building a dashboard—how would you convert the value explicitly?,javascript
Your custom middleware never calls the next handler in a user profile—where should you invoke next or send a response?,express.js
Your scheduled task runs twice after scaling the app on a settings screen—how would you prevent duplicate execution?,node.js
Your optimistic update must be rolled back after a failed request on a login page—how would you preserve the previous state?,react
Your setTimeout inside a loop prints the wrong index in a user profile—how would you fix the variable scope?,javascript
Your regular expression matches more text than expected in an admin panel—which flags or quantifiers would you inspect?,javascript
Your query is slow despite filtering by a common column on a product listing—how would you inspect indexes and the execution plan?,sql
Your client component needs server-fetched data while building a dashboard—how would you decide where to fetch and pass the data?,next.js
Your NULL comparison never matches on a product listing—which SQL predicate should you use instead of equals?,sql
Your string concatenation produces an unexpected result with a number on a product listing—how would you convert the value explicitly?,javascript
Your form submission reloads the page on a product listing—where should you prevent the default event?,react
Your multiple async operations should run together in a user profile—when would Promise.all or Promise.allSettled be appropriate?,node.js
Your relative file path fails when the application starts from another directory on a login page—how would you build a stable path?,python
Your localStorage value is not restored as the original object on a login page—how would you serialize and parse it correctly?,javascript
Your element is centered horizontally but not vertically on a product listing—which container alignment rule is missing?,html / css
Your route handler needs query parameters in a user profile—how would you read them from the request?,next.js
Your API request succeeds but JSON parsing fails on a settings screen—what should you inspect in the response handling?,javascript
Your generator is exhausted when reused while building a dashboard—how would you redesign the data flow?,python
Your responsive layout breaks only on a small phone screen on a product listing—how would you adjust the media query and sizing rules?,html / css
Your router paths produce duplicated URL segments in a user profile—how would you check the mount path and child routes?,express.js
Your route handler needs query parameters on a product listing—how would you read them from the request?,next.js
Your lazy-loaded component flashes without fallback content on a login page—how would you configure Suspense?,react
Your query string contains unescaped user input on a login page—how would you encode the parameters safely?,javascript
Your query returns duplicate rows after joining two tables in an admin panel—how would you inspect the join cardinality?,sql
Your state update based on previous state gives the wrong result in an admin panel—how would you use the functional updater?,react
Your unique constraint rejects a value that looks different on a product listing—what normalization or collation issue could explain it?,sql
Your string concatenation produces an unexpected result with a number in a user profile—how would you convert the value explicitly?,javascript
Your multiple state updates produce unexpected values in a user profile—how would you account for React batching?,react
Your CSS custom property falls back unexpectedly on a login page—how would you check its scope and spelling?,html / css
Your server listens on the wrong port in production on a product listing—how would you use environment-based configuration?,node.js
Your object literal has an unexpected extra property error during checkout—how would you adjust the interface without weakening validation unnecessarily?,typescript
Your search results arrive out of order while building a dashboard—how would you prevent an older request from replacing newer data?,react
Your logging appears twice on a login page—how would you inspect handler configuration and propagation?,python
Your readonly object still contains mutable nested values while implementing search—how would you understand shallow versus deep immutability?,typescript
Your text overflows a card instead of wrapping while building a dashboard—which wrapping and width rules would you inspect?,html / css
Your readFile blocks your server during heavy traffic on a settings screen—which asynchronous alternative should you use?,node.js
Your DOM query returns null during checkout—how would you verify the selector and execution timing?,javascript
Your loading UI should appear while a route segment is waiting on a product listing—where would you add the loading file?,next.js
"Your CSS rule is not applying to an element in an admin panel—how would you inspect specificity, inheritance, and the cascade?",html / css
Your function loses the expected this value in an admin panel—what change would preserve the correct context?,javascript
Your promise rejection is not caught while building a dashboard—where should you add error handling?,javascript
Your scheduled task runs twice after scaling the app on a login page—how would you prevent duplicate execution?,node.js
Your sorting numbers produces lexicographic order during checkout—what comparator should you provide?,javascript
Your useEffect runs repeatedly and creates an infinite loop on a product listing—which dependency is changing every render?,react
Your image from a remote host is rejected while building a dashboard—which image configuration would you update?,next.js
Your route should render a page at a URL but the file is ignored on a login page—how would you verify the App Router folder structure and file name?,next.js
Your error middleware is skipped on a login page—how would you verify its four-argument signature and registration order?,express.js
Your server component uses a browser-only API on a login page—how would you move the code behind a client boundary?,next.js
Your threaded code does not speed up CPU-bound work in an admin panel—how would the GIL influence your approach?,python
Your Node process exits before an asynchronous task finishes in an admin panel—how would you trace the pending work?,node.js
Your list comprehension becomes hard to debug on a settings screen—when would an explicit loop be clearer?,python
Your JSON.parse throws an error for stored data on a product listing—how would you guard against invalid JSON?,javascript
Your date range misses rows created late on the final day on a settings screen—how would you write the boundary safely?,sql
Your type hints disagree with runtime data while implementing search—how would you validate the incoming values?,python
Your two transactions deadlock in an admin panel—how would you identify the conflicting lock order?,sql
Your environment variable is unavailable in the browser on a product listing—which naming and exposure rule would you check?,next.js
Your relative file path fails when the application starts from another directory in an admin panel—how would you build a stable path?,python
Your file path works locally but fails after deployment during checkout—how would you construct it portably?,node.js
Your form input has no accessible name while building a dashboard—what HTML association would you add?,html / css
Your middleware runs on routes you did not intend on a settings screen—how would you refine its matcher?,next.js
Your uploaded file URL returns 404 in a user profile—how would you configure public storage access?,php / laravel
Your property access fails because TypeScript sees a union type on a login page—how would you narrow the type safely?,typescript
Your model changes are not saved while implementing search—how would you check fillable fields and the save flow?,php / laravel
Your custom middleware never calls the next handler in an admin panel—where should you invoke next or send a response?,express.js
Your server crashes from an unhandled promise rejection while implementing search—where should you catch and log the failure?,node.js
Your API endpoint is not recognized during checkout—how would you structure the route handler file?,next.js
Your function loses the expected this value while implementing search—what change would preserve the correct context?,javascript
Your 404 page is not shown for missing dynamic data in a user profile—how would you trigger the not-found behavior?,next.js
Your tsconfig change creates many new errors on a login page—which strictness option likely exposed the issues?,typescript
Your session disappears after restarting the server during checkout—how would you choose persistent session storage?,express.js
Your long word breaks the page layout on a login page—how would you allow safe word breaking?,html / css
Your label click does not focus the associated input on a product listing—how would you connect the label correctly?,html / css
Your session data disappears between requests in an admin panel—how would you inspect the session driver and cookie settings?,php / laravel
Your client component needs server-fetched data in a user profile—how would you decide where to fetch and pass the data?,next.js
Your responsive layout breaks only on a small phone screen on a login page—how would you adjust the media query and sizing rules?,html / css
Your background image is cropped unexpectedly on a product listing—how would you tune its size and position?,html / css
Your input switches between controlled and uncontrolled on a login page—how would you initialize its value consistently?,react
Your background image is cropped unexpectedly in an admin panel—how would you tune its size and position?,html / css
Your server logs are hard to correlate across requests on a product listing—how would you attach a request identifier?,node.js
Your NULL comparison never matches during checkout—which SQL predicate should you use instead of equals?,sql
Your setTimeout inside a loop prints the wrong index on a product listing—how would you fix the variable scope?,javascript
Your middleware runs on routes you did not intend while implementing search—how would you refine its matcher?,next.js
Your secret appears in a repository commit while implementing search—how would you remove it from configuration and rotate it?,node.js
Your error in one component crashes the whole screen in a user profile—where would you place an error boundary?,react
Your object literal has an unexpected extra property error on a settings screen—how would you adjust the interface without weakening validation unnecessarily?,typescript
Your DELETE statement must remove only related records in an admin panel—how would you verify the WHERE clause first?,sql
Your custom middleware never calls the next handler while building a dashboard—where should you invoke next or send a response?,express.js
Your threaded code does not speed up CPU-bound work while handling notifications—how would the GIL influence your approach?,python
Your query is slow despite filtering by a common column while building a dashboard—how would you inspect indexes and the execution plan?,sql
Your API response shape is assumed but not verified while building a dashboard—how would you combine runtime validation with TypeScript types?,typescript
Your array mutation unexpectedly changes data used elsewhere on a settings screen—how would you create an immutable update?,javascript
Your HAVING filter could run before aggregation during checkout—when should you move the condition into WHERE?,sql
Your application restarts repeatedly after an uncaught exception on a login page—how would you capture the root cause safely?,node.js
Your server component uses a browser-only API on a product listing—how would you move the code behind a client boundary?,next.js
Your array lookup may return undefined while implementing search—how would you handle it under strict settings?,typescript
Your custom modal is inaccessible from the keyboard in an admin panel—how would you manage focus and dialog semantics?,html / css
Your server data and local UI state conflict on a product listing—how would you separate their responsibilities?,react
Your mapped type should make every property optional in an admin panel—how would you construct it?,typescript
Your browser says a variable is already declared in an admin panel—how would you locate the duplicate declaration?,javascript
Your fetch request sends no request body during checkout—how would you configure the method and body correctly?,javascript
Your migration runs locally but fails in production on a settings screen—how would you inspect database state and migration order?,php / laravel
Your derived value is stored in state and becomes inconsistent while implementing search—how would you compute it from existing data instead?,react
Your box width becomes larger than the value you set while building a dashboard—how would box-sizing affect the calculation?,html / css
Your exception is caught but important context is lost in an admin panel—how would you preserve the original cause?,python
Your useEffect runs repeatedly and creates an infinite loop while building a dashboard—which dependency is changing every render?,react
Your state update based on previous state gives the wrong result in a user profile—how would you use the functional updater?,react
Your JSON serialization fails for a custom object on a product listing—how would you provide a serializable representation?,python
Your async function is called without awaiting its result in a user profile—how could that create a race condition in your UI?,javascript
Your API returns stack traces in production on a product listing—how would you separate development and production error responses?,express.js
Your date displays one day earlier than expected during checkout—what timezone behavior would you investigate?,javascript
Your query causes an N+1 performance problem while implementing search—how would you eager load the required relationship?,php / laravel
Your image from a remote host is rejected in a user profile—which image configuration would you update?,next.js
Your broad except block hides programming errors during form validation—which specific exceptions should you catch?,python
Your dataclass instances compare unexpectedly on a login page—which generated methods and field options would you inspect?,python
Your object index access has an implicit any error while implementing search—how would keyof help type the key?,typescript
Your route handler needs query parameters on a settings screen—how would you read them from the request?,next.js
Your type hints disagree with runtime data during form validation—how would you validate the incoming values?,python
Your list items lose their internal state after reordering in an admin panel—how would you choose stable keys?,react
Your generator is exhausted when reused during form validation—how would you redesign the data flow?,python
Your useEffect runs repeatedly and creates an infinite loop during form validation—which dependency is changing every render?,react
Your React warning says two children have the same key while implementing search—how would you generate a unique stable key?,react
"Your array method returns an unexpected value on a login page—how would you choose between map, filter, find, and reduce?",javascript
Your dataclass instances compare unexpectedly on a product listing—which generated methods and field options would you inspect?,python
Your authentication middleware protects every route including login while building a dashboard—how would you change the middleware order or scope?,express.js
Your variable is undefined inside a callback on a settings screen—how would you trace the scope causing the problem?,javascript
Your input switches between controlled and uncontrolled in a user profile—how would you initialize its value consistently?,react
Your environment variable is unavailable in the browser in a user profile—which naming and exposure rule would you check?,next.js
Your object property name is computed dynamically on a settings screen—how would you access it safely?,javascript
Your context update rerenders too many components during checkout—how would you split or memoize the context value?,react
Your server crashes from an unhandled promise rejection on a settings screen—where should you catch and log the failure?,node.js
Your composite index is ignored in an admin panel—how would you check the column order against the query?,sql
Your list items lose their internal state after reordering on a settings screen—how would you choose stable keys?,react
Your async function is called without awaiting its result during checkout—how could that create a race condition in your UI?,javascript
Your generic function loses the relationship between input and output while implementing search—how would you introduce a type parameter?,typescript
Your 100vh causes unwanted scrolling on mobile on a login page—which newer viewport units could you consider?,html / css
Your property access fails because TypeScript sees a union type in an admin panel—how would you narrow the type safely?,typescript
Your multiple state updates produce unexpected values while implementing search—how would you account for React batching?,react
Your composite index is ignored during checkout—how would you check the column order against the query?,sql
Your policy denies a user who should have access on a login page—how would you trace the authenticated user and ability arguments?,php / laravel
Your child rerenders whenever the parent changes on a settings screen—how would you determine whether memoization is useful?,react
Your LEFT JOIN behaves like an INNER JOIN unexpectedly while building a dashboard—where should you place conditions on the optional table?,sql
Your component needs to expose a DOM element to its parent while building a dashboard—when would you use a ref?,react
Your form field value is treated as text instead of a number in a user profile—where should you convert its type?,javascript
Your threaded code does not speed up CPU-bound work on a settings screen—how would the GIL influence your approach?,python
Your 404 page is not shown for missing dynamic data in an admin panel—how would you trigger the not-found behavior?,next.js
Your deeply nested loops are slowing down the page during checkout—how would you identify a better data structure or algorithm?,javascript
Your enum adds behavior you do not need on a login page—when would a union of literal types be simpler?,typescript
Your case-insensitive search is unexpectedly slow on a product listing—what indexing or collation options would you investigate?,sql
Your form submission reloads the page while implementing search—where should you prevent the default event?,react
Your CommonJS import fails after switching to ES modules on a settings screen—what module configuration would you review?,node.js
Your server logs are hard to correlate across requests in an admin panel—how would you attach a request identifier?,node.js
Your response is sent twice while building a dashboard—how would you prevent execution after an early response?,express.js
Your pip installs a package but your script cannot import it while implementing search—how would you check interpreter and environment mismatch?,python
Your package update breaks production in a user profile—how would you use lockfiles and version ranges to control upgrades?,node.js
Your sorting numbers produces lexicographic order on a product listing—what comparator should you provide?,javascript
Your unit test passes alone but fails with the full suite on a settings screen—how would you isolate shared state?,python
Your controlled input becomes unresponsive on a settings screen—which value and onChange connection would you inspect?,react
Your CSS transition does not animate during checkout—how would you verify the changed property and transition declaration?,html / css
Your array mutation unexpectedly changes data used elsewhere in an admin panel—how would you create an immutable update?,javascript
Your query returns duplicate rows after joining two tables in a user profile—how would you inspect the join cardinality?,sql
Your query value is missing in a user profile—where should you read it from the request?,express.js
Your two arrays need to be merged without duplicates during checkout—how would you implement that efficiently?,javascript
"Your SVG icon inherits an unexpected color during checkout—which fill, stroke, or currentColor rule would you inspect?",html / css
Your class attribute is unexpectedly shared by every instance during form validation—where should the value be initialized instead?,python
Your environment variable is undefined at runtime while building a dashboard—how would you verify loading and configuration?,node.js
Your migration runs locally but fails in production on a login page—how would you inspect database state and migration order?,php / laravel
Your error in one component crashes the whole screen on a login page—where would you place an error boundary?,react
Your logger misses the final response status on a login page—where would you attach response lifecycle logging?,express.js
Your controller method receives no validated input while building a dashboard—where should you inspect the request validation rules?,php / laravel
Your page needs a redirect after validating server-side conditions during checkout—which Next.js navigation utility would you use?,next.js
Your dark mode styles are overridden by existing rules on a product listing—how would you organize the selectors to avoid conflicts?,html / css
Your file path works locally but fails after deployment on a product listing—how would you construct it portably?,node.js
Your localStorage value is not restored as the original object on a product listing—how would you serialize and parse it correctly?,javascript
"Your CSS rule is not applying to an element during checkout—how would you inspect specificity, inheritance, and the cascade?",html / css
Your file path works locally but fails after deployment in a user profile—how would you construct it portably?,node.js
Your logger misses the final response status during checkout—where would you attach response lifecycle logging?,express.js
Your exception is caught but important context is lost in a user profile—how would you preserve the original cause?,python
Your middleware runs on routes you did not intend during checkout—how would you refine its matcher?,next.js
Your list comprehension becomes hard to debug during checkout—when would an explicit loop be clearer?,python
Your composite index is ignored while implementing search—how would you check the column order against the query?,sql
Your search results arrive out of order in a user profile—how would you prevent an older request from replacing newer data?,react
Your list comprehension becomes hard to debug while handling notifications—when would an explicit loop be clearer?,python
Your COUNT returns a surprising value with NULL data on a product listing—how do COUNT(*) and COUNT(column) differ?,sql
Your authentication check should run before protected routes render in a user profile—where could middleware fit into the flow?,next.js
Your context update rerenders too many components on a login page—how would you split or memoize the context value?,react
Your debounced search still makes too many requests during checkout—what would you check in the debounce implementation?,javascript
Your 404 response is returned before a valid route in a user profile—how would you fix the route and middleware order?,express.js
Your router paths produce duplicated URL segments while building a dashboard—how would you check the mount path and child routes?,express.js
Your API request updates state after the component unmounts on a settings screen—how would you cancel or ignore the result?,react
Your flex items refuse to shrink and overflow the container on a product listing—which flex properties would you check?,html / css
Your application restarts repeatedly after an uncaught exception on a settings screen—how would you capture the root cause safely?,node.js
Your CORS blocks a frontend request on a login page—how would you configure the allowed origin and methods?,express.js
Your React warning says two children have the same key on a product listing—how would you generate a unique stable key?,react
Your async route throws but the error response is inconsistent on a login page—how would you forward failures to centralized handling?,express.js
Your task must retry after a temporary failure while implementing search—how would you add bounded retry logic?,node.js
Your string concatenation produces an unexpected result with a number on a settings screen—how would you convert the value explicitly?,javascript
Your composite index is ignored while building a dashboard—how would you check the column order against the query?,sql
Your route handler needs query parameters in an admin panel—how would you read them from the request?,next.js
Your failed job keeps retrying in an admin panel—how would you inspect attempts and failure handling?,php / laravel
Your promise rejection is not caught in an admin panel—where should you add error handling?,javascript
Your button handler runs twice while building a dashboard—how would you find and prevent duplicate event listeners?,javascript
Your datetime comparison mixes timezone-aware and naive values during form validation—how would you normalize them?,python
Your Eloquent relationship returns an empty collection unexpectedly on a product listing—how would you verify the foreign and local keys?,php / laravel
Your object property name is computed dynamically during checkout—how would you access it safely?,javascript
Your LEFT JOIN behaves like an INNER JOIN unexpectedly in a user profile—where should you place conditions on the optional table?,sql
Your type assertion hides a real runtime problem in a user profile—what safer narrowing strategy could you use?,typescript
Your optional property is used as if it always exists in an admin panel—how would you handle the undefined case?,typescript
Your query causes an N+1 performance problem on a login page—how would you eager load the required relationship?,php / laravel
Your parallel routes need separate UI slots in a user profile—how would you organize the route segments?,next.js
Your proxy hides the original client IP on a product listing—which trust proxy configuration would you consider?,express.js
Your asynchronous code returns undefined before the data arrives on a product listing—how would you wait for the result correctly?,javascript
Your context update rerenders too many components in an admin panel—how would you split or memoize the context value?,react
"Your array method returns an unexpected value on a settings screen—how would you choose between map, filter, find, and reduce?",javascript
Your metadata differs between dynamic product pages on a login page—how would you generate it from route data?,next.js
Your file remains open after an error while building a dashboard—how would a context manager solve the cleanup?,python
Your Laravel environment value seems outdated in an admin panel—how would configuration caching affect the result?,php / laravel
Your dictionary lookup may not contain a key during checkout—how would you handle the missing value safely?,python
Your 404 page is not shown for missing dynamic data while implementing search—how would you trigger the not-found behavior?,next.js
Your derived value is stored in state and becomes inconsistent on a product listing—how would you compute it from existing data instead?,react
Your controlled input becomes unresponsive while implementing search—which value and onChange connection would you inspect?,react
Your dropdown is hidden behind another component while building a dashboard—how would you debug its positioning and stacking order?,html / css
Your policy denies a user who should have access on a product listing—how would you trace the authenticated user and ability arguments?,php / laravel
Your secret appears in a repository commit on a product listing—how would you remove it from configuration and rotate it?,node.js
Your recursive data such as categories must be queried on a login page—when would a recursive CTE be appropriate?,sql
Your pagination becomes slow on very large offsets during checkout—how could keyset pagination help?,sql
Your Eloquent relationship returns an empty collection unexpectedly during checkout—how would you verify the foreign and local keys?,php / laravel
Your response is sent twice during checkout—how would you prevent execution after an early response?,express.js
Your datetime comparison mixes timezone-aware and naive values while building a dashboard—how would you normalize them?,python
Your useRouter is called in a server component on a product listing—how would you restructure the component boundary?,next.js
Your dataclass instances compare unexpectedly while handling notifications—which generated methods and field options would you inspect?,python
Your array mutation unexpectedly changes data used elsewhere during checkout—how would you create an immutable update?,javascript
Your Node cannot resolve a module on a login page—how would you inspect the import path and package installation?,node.js
Your label click does not focus the associated input in an admin panel—how would you connect the label correctly?,html / css
Your useRouter is called in a server component in a user profile—how would you restructure the component boundary?,next.js
Your element is centered horizontally but not vertically while building a dashboard—which container alignment rule is missing?,html / css
Your interface and type alias seem interchangeable in a user profile—which extension or composition need would guide your choice?,typescript
Your function modifies a default list argument across calls on a settings screen—how would you avoid the shared mutable default?,python
Your logger misses the final response status in an admin panel—where would you attach response lifecycle logging?,express.js
Your ref value changes but the UI stays the same in a user profile—why should that value be state instead?,react
Your optional property is used as if it always exists during checkout—how would you handle the undefined case?,typescript
Your aggregate query mixes grouped and ungrouped columns in a user profile—how would you rewrite it correctly?,sql
Your Laravel environment value seems outdated on a login page—how would configuration caching affect the result?,php / laravel
Your query causes an N+1 performance problem in a user profile—how would you eager load the required relationship?,php / laravel
Your Laravel route returns a 404 even though the controller exists on a login page—how would you verify the route definition and cache?,php / laravel
Your two transactions deadlock on a login page—how would you identify the conflicting lock order?,sql
Your database transaction commits part of a workflow after an exception during checkout—how would you wrap the operations atomically?,php / laravel
Your function overloads are difficult to maintain during checkout—could a generic or union parameter simplify the API?,typescript
Your table becomes unusable on a narrow screen on a login page—what responsive strategy would you apply?,html / css
Your static page unexpectedly becomes dynamic while building a dashboard—what server-side dependency would you inspect?,next.js
Your dropdown is hidden behind another component on a login page—how would you debug its positioning and stacking order?,html / css
Your dictionary counting code is verbose on a product listing—which standard library collection could simplify it?,python
Your metadata differs between dynamic product pages while implementing search—how would you generate it from route data?,next.js
Your loop skips items after removing elements from the same list while implementing search—how would you iterate without mutating the active sequence?,python
Your server receives an empty object from your fetch request on a product listing—which headers and serialization steps would you verify?,javascript
Your nested object access crashes when an intermediate value is missing on a login page—how would optional chaining help?,javascript
Your validation rule should depend on another field during checkout—how would you implement conditional validation?,php / laravel
Your object property name is computed dynamically on a product listing—how would you access it safely?,javascript
Your large JSON response is slow to generate on a settings screen—how would you profile serialization and response size?,node.js
Your object index access has an implicit any error on a login page—how would keyof help type the key?,typescript
Your date displays one day earlier than expected while implementing search—what timezone behavior would you investigate?,javascript
Your environment variable is unavailable in the browser while implementing search—which naming and exposure rule would you check?,next.js
Your response is sent twice on a settings screen—how would you prevent execution after an early response?,express.js
Your LEFT JOIN behaves like an INNER JOIN unexpectedly on a login page—where should you place conditions on the optional table?,sql
Your custom hook causes duplicate subscriptions on a login page—how would you verify its setup and cleanup behavior?,react
Your localStorage value is not restored as the original object while implementing search—how would you serialize and parse it correctly?,javascript
Your context update rerenders too many components while implementing search—how would you split or memoize the context value?,react
Your useCallback makes the code more complex without improving performance on a settings screen—how would you decide whether to remove it?,react
Your relative file path fails when the application starts from another directory during form validation—how would you build a stable path?,python
Your localStorage value is not restored as the original object during checkout—how would you serialize and parse it correctly?,javascript
Your effect uses an old state value during form validation—how would you fix the stale closure?,react
Your pip installs a package but your script cannot import it while handling notifications—how would you check interpreter and environment mismatch?,python
Your large JSON response is slow to generate during checkout—how would you profile serialization and response size?,node.js
Your hover menu cannot be used on touch devices on a login page—what interaction alternative would you provide?,html / css
Your CORS blocks a frontend request while implementing search—how would you configure the allowed origin and methods?,express.js
Your package import works in an interactive shell but fails when running a module during form validation—how would you run the package correctly?,python
Your type assertion hides a real runtime problem while implementing search—what safer narrowing strategy could you use?,typescript
Your Node cannot resolve a module on a product listing—how would you inspect the import path and package installation?,node.js
Your JSON.parse throws an error for stored data during checkout—how would you guard against invalid JSON?,javascript
Your list comprehension becomes hard to debug while implementing search—when would an explicit loop be clearer?,python
Your child process output is missing during checkout—which stdout and stderr events would you handle?,node.js
Your module import is undefined in a user profile—how would you verify default versus named exports?,javascript
Your multiple state updates produce unexpected values in an admin panel—how would you account for React batching?,react
Your ref value changes but the UI stays the same on a product listing—why should that value be state instead?,react
Your pip installs a package but your script cannot import it in a user profile—how would you check interpreter and environment mismatch?,python
Your date range misses rows created late on the final day in a user profile—how would you write the boundary safely?,sql
Your hover menu cannot be used on touch devices during checkout—what interaction alternative would you provide?,html / css
Your box width becomes larger than the value you set on a login page—how would box-sizing affect the calculation?,html / css
Your async function runs sequentially instead of concurrently on a settings screen—how would you schedule the coroutines together?,python
Your JSON.parse throws an error for stored data on a settings screen—how would you guard against invalid JSON?,javascript
Your middleware runs on routes you did not intend in an admin panel—how would you refine its matcher?,next.js
Your API resource exposes fields that should stay private on a product listing—how would you control the transformed response?,php / laravel
Your browser says a variable is already declared on a login page—how would you locate the duplicate declaration?,javascript
Your session data disappears between requests on a login page—how would you inspect the session driver and cookie settings?,php / laravel
Your API request updates state after the component unmounts in an admin panel—how would you cancel or ignore the result?,react
Your transaction leaves half the changes saved after an error in a user profile—how would you use rollback correctly?,sql
Your regular expression matches more text than expected on a product listing—which flags or quantifiers would you inspect?,javascript
Your CSS transition does not animate on a product listing—how would you verify the changed property and transition declaration?,html / css
Your server returns stale configuration after editing an environment file on a product listing—what restart or loading behavior would you check?,node.js
Your HAVING filter could run before aggregation in an admin panel—when should you move the condition into WHERE?,sql
Your recursive data such as categories must be queried on a product listing—when would a recursive CTE be appropriate?,sql
Your file path works locally but fails after deployment in an admin panel—how would you construct it portably?,node.js
Your streaming a large file causes memory usage to spike while implementing search—how would you pipe the data instead of buffering it?,node.js
Your virtual environment uses the wrong interpreter in a user profile—how would you verify the active Python executable?,python
Your conditional type gives an unexpected result for a union in a user profile—how would distributive behavior affect it?,typescript
Your dictionary merge overwrites values unexpectedly on a settings screen—how would you control the conflict rule?,python
Your ref value changes but the UI stays the same while implementing search—why should that value be state instead?,react
Your function loses the expected this value on a login page—what change would preserve the correct context?,javascript
Your 404 page is not shown for missing dynamic data during checkout—how would you trigger the not-found behavior?,next.js
Your static page unexpectedly becomes dynamic on a login page—what server-side dependency would you inspect?,next.js
Your JSON file becomes corrupted after simultaneous writes on a login page—how would you serialize or redesign the storage?,node.js
Your animation restarts unexpectedly when a class changes on a login page—how would you control the animation state?,html / css
Your API request succeeds but JSON parsing fails on a login page—what should you inspect in the response handling?,javascript
Your debounced search still makes too many requests in a user profile—what would you check in the debounce implementation?,javascript
Your page needs a redirect after validating server-side conditions while implementing search—which Next.js navigation utility would you use?,next.js
Your package update breaks production during checkout—how would you use lockfiles and version ranges to control upgrades?,node.js
Your dynamically added button has no click behavior in a user profile—when would event delegation solve the issue?,javascript
Your browser freezes during a large computation on a login page—how could you break up or move the work?,javascript
Your JSON file becomes corrupted after simultaneous writes during checkout—how would you serialize or redesign the storage?,node.js
Your variable is undefined inside a callback while implementing search—how would you trace the scope causing the problem?,javascript
Your derived value is stored in state and becomes inconsistent during form validation—how would you compute it from existing data instead?,react
Your API response shape is assumed but not verified on a product listing—how would you combine runtime validation with TypeScript types?,typescript
Your response is sent twice in an admin panel—how would you prevent execution after an early response?,express.js
Your pagination links lose existing query filters on a login page—how would you preserve the query string?,php / laravel
Your state update based on previous state gives the wrong result while implementing search—how would you use the functional updater?,react
Your proxy hides the original client IP on a login page—which trust proxy configuration would you consider?,express.js
Your subclass constructor does not initialize the parent during checkout—how would you call the parent implementation correctly?,python
Your database transaction commits part of a workflow after an exception in a user profile—how would you wrap the operations atomically?,php / laravel
Your form submission reloads the page on a login page—where should you prevent the default event?,react
Your one route segment needs isolated error handling on a login page—how would you use the error boundary file convention?,next.js
Your button looks disabled but is still clickable on a login page—how would you implement semantic and visual disabling?,html / css
Your form submission reloads the page while building a dashboard—where should you prevent the default event?,react
Your async route throws but the error response is inconsistent in a user profile—how would you forward failures to centralized handling?,express.js
Your margin collapse changes the spacing around a section on a product listing—how would you prevent or account for it?,html / css
Your memory usage keeps growing during a long-running process in a user profile—how would you investigate a possible leak?,node.js
Your Laravel event listener does not execute in a user profile—how would you verify registration and queue configuration?,php / laravel
Your package update breaks production while implementing search—how would you use lockfiles and version ranges to control upgrades?,node.js
Your property access fails because TypeScript sees a union type while implementing search—how would you narrow the type safely?,typescript
Your composite index is ignored on a settings screen—how would you check the column order against the query?,sql
Your DOM query returns null in a user profile—how would you verify the selector and execution timing?,javascript
Your type assertion hides a real runtime problem during checkout—what safer narrowing strategy could you use?,typescript
Your API endpoint is not recognized in a user profile—how would you structure the route handler file?,next.js
Your font causes layout shift during loading on a product listing—how would Next.js font optimization help?,next.js
Your script works in one file but not another while building a dashboard—how would you check module scope and script loading?,javascript
Your module import is undefined on a login page—how would you verify default versus named exports?,javascript
Your module import is undefined during checkout—how would you verify default versus named exports?,javascript
Your application restarts repeatedly after an uncaught exception during checkout—how would you capture the root cause safely?,node.js
Your form submission reloads the page in a user profile—where should you prevent the default event?,react
Your CORS blocks a frontend request during checkout—how would you configure the allowed origin and methods?,express.js
Your API request succeeds but JSON parsing fails in an admin panel—what should you inspect in the response handling?,javascript
Your threaded code does not speed up CPU-bound work during checkout—how would the GIL influence your approach?,python
Your async function runs sequentially instead of concurrently during checkout—how would you schedule the coroutines together?,python
Your decorator hides the original function metadata during form validation—which utility should you use to preserve it?,python
Your regular expression is slow on long input during form validation—how would you simplify a pattern with catastrophic backtracking?,python
Your dictionary merge overwrites values unexpectedly on a login page—how would you control the conflict rule?,python
Your React component props allow invalid combinations on a product listing—how would you model mutually exclusive props with a union?,typescript
Your grid layout creates columns wider than the viewport in an admin panel—how would you constrain the track sizes?,html / css
Your dictionary lookup may not contain a key in an admin panel—how would you handle the missing value safely?,python
Your API resource exposes fields that should stay private on a login page—how would you control the transformed response?,php / laravel
Your HAVING filter could run before aggregation while implementing search—when should you move the condition into WHERE?,sql
Your two transactions deadlock while implementing search—how would you identify the conflicting lock order?,sql
Your client component needs server-fetched data on a product listing—how would you decide where to fetch and pass the data?,next.js
Your dynamic route parameter is undefined while implementing search—how would you verify the folder name and parameter access?,next.js
Your function modifies a default list argument across calls while implementing search—how would you avoid the shared mutable default?,python
Your component needs to expose a DOM element to its parent on a login page—when would you use a ref?,react
Your margin collapse changes the spacing around a section in an admin panel—how would you prevent or account for it?,html / css
Your object keys must be iterated with both key and value while building a dashboard—which built-in method would you use?,javascript
Your DOM query returns null on a login page—how would you verify the selector and execution timing?,javascript
Your 404 response is returned before a valid route while building a dashboard—how would you fix the route and middleware order?,express.js
Your Node process exits before an asynchronous task finishes during checkout—how would you trace the pending work?,node.js
Your decorator hides the original function metadata while handling notifications—which utility should you use to preserve it?,python
Your form field value is treated as text instead of a number while building a dashboard—where should you convert its type?,javascript
Your database connection is created for every request on a settings screen—how would you reuse a connection or pool?,node.js
Your grid layout creates columns wider than the viewport on a login page—how would you constrain the track sizes?,html / css
Your derived value is stored in state and becomes inconsistent in an admin panel—how would you compute it from existing data instead?,react
Your large JSON response is slow to generate while implementing search—how would you profile serialization and response size?,node.js
Your server receives an empty object from your fetch request on a login page—which headers and serialization steps would you verify?,javascript
Your effect uses an old state value in a user profile—how would you fix the stale closure?,react
Your transaction leaves half the changes saved after an error on a settings screen—how would you use rollback correctly?,sql
Your z-index has no visible effect while building a dashboard—how would you inspect the stacking contexts involved?,html / css
Your server receives an empty object from your fetch request while building a dashboard—which headers and serialization steps would you verify?,javascript
Your generator is exhausted when reused on a settings screen—how would you redesign the data flow?,python
Your script works in one file but not another in an admin panel—how would you check module scope and script loading?,javascript
Your hover menu cannot be used on touch devices while building a dashboard—what interaction alternative would you provide?,html / css
Your interface and type alias seem interchangeable while building a dashboard—which extension or composition need would guide your choice?,typescript
Your deeply nested loops are slowing down the page in a user profile—how would you identify a better data structure or algorithm?,javascript
Your comparison behaves unexpectedly because the values have different types in a user profile—how would you normalize the values before comparing them?,javascript
Your package import works in an interactive shell but fails when running a module on a settings screen—how would you run the package correctly?,python
Your enum adds behavior you do not need on a product listing—when would a union of literal types be simpler?,typescript
Your list filtering is slow on every keystroke on a product listing—how would you defer or memoize expensive rendering work?,react
Your exception is caught but important context is lost while building a dashboard—how would you preserve the original cause?,python
Your loop skips items after removing elements from the same list while building a dashboard—how would you iterate without mutating the active sequence?,python
Your dictionary lookup may not contain a key on a product listing—how would you handle the missing value safely?,python
Your server returns stale configuration after editing an environment file in an admin panel—what restart or loading behavior would you check?,node.js
Your URL parameter is missing after navigation in a user profile—how would you construct and read it reliably?,javascript
Your memory usage keeps growing during a long-running process on a settings screen—how would you investigate a possible leak?,node.js
Your authentication middleware protects every route including login in a user profile—how would you change the middleware order or scope?,express.js
Your Node cannot resolve a module during checkout—how would you inspect the import path and package installation?,node.js
Your queued job never runs on a product listing—how would you check the queue connection and worker process?,php / laravel
Your file path works locally but fails after deployment while implementing search—how would you construct it portably?,node.js
Your page shows stale data after a mutation in a user profile—how would you revalidate the relevant route or data?,next.js
Your optional property is used as if it always exists while building a dashboard—how would you handle the undefined case?,typescript
Your page shows stale data after a mutation on a product listing—how would you revalidate the relevant route or data?,next.js
Your date displays one day earlier than expected while building a dashboard—what timezone behavior would you investigate?,javascript
Your authentication check should run before protected routes render in an admin panel—where could middleware fit into the flow?,next.js
Your nested object access crashes when an intermediate value is missing in an admin panel—how would optional chaining help?,javascript
Your ref value changes but the UI stays the same on a login page—why should that value be state instead?,react
Your event listener never fires on a settings screen—what would you check in the element selection and event binding?,javascript
Your API response shape is assumed but not verified during checkout—how would you combine runtime validation with TypeScript types?,typescript
"Your SVG icon inherits an unexpected color while building a dashboard—which fill, stroke, or currentColor rule would you inspect?",html / css
Your path alias works in TypeScript but fails at runtime during checkout—how would you configure the runtime or bundler to match it?,typescript
Your readonly object still contains mutable nested values in a user profile—how would you understand shallow versus deep immutability?,typescript
Your modal renders inside a parent with clipping styles while implementing search—how would a portal solve the layout problem?,react
Your custom middleware never calls the next handler while implementing search—where should you invoke next or send a response?,express.js
Your form submits and immediately reloads the page in an admin panel—where should you prevent the default submission?,javascript
Your variable is undefined inside a callback while building a dashboard—how would you trace the scope causing the problem?,javascript
Your API request succeeds but JSON parsing fails during checkout—what should you inspect in the response handling?,javascript
Your asynchronous code returns undefined before the data arrives in a user profile—how would you wait for the result correctly?,javascript
Your nested object access crashes when an intermediate value is missing while building a dashboard—how would optional chaining help?,javascript
Your process needs a graceful shutdown during checkout—how would you close servers and connections on termination signals?,node.js
Your dynamically added button has no click behavior while building a dashboard—when would event delegation solve the issue?,javascript
Your JSON serialization fails for a custom object while implementing search—how would you provide a serializable representation?,python
Your authentication middleware protects every route including login on a settings screen—how would you change the middleware order or scope?,express.js
Your interval keeps running after the feature is closed on a product listing—how would you clean it up?,javascript
Your spread syntax copies an object but nested values still change during checkout—why does that happen and how would you handle it?,javascript
Your controlled input becomes unresponsive during form validation—which value and onChange connection would you inspect?,react
Your event handler receives stale props on a product listing—how would you restructure the callback dependencies?,react
Your nested object access crashes when an intermediate value is missing during checkout—how would optional chaining help?,javascript
Your event listener never fires in an admin panel—what would you check in the element selection and event binding?,javascript
Your validation rule should depend on another field while implementing search—how would you implement conditional validation?,php / laravel
Your route handler never receives the parsed JSON body on a settings screen—which middleware must run before the route?,express.js
Your server logs are hard to correlate across requests during checkout—how would you attach a request identifier?,node.js
Your logging appears twice during checkout—how would you inspect handler configuration and propagation?,python
Your composite index is ignored on a product listing—how would you check the column order against the query?,sql
Your API request succeeds but JSON parsing fails on a product listing—what should you inspect in the response handling?,javascript
Your promise rejection is not caught while implementing search—where should you add error handling?,javascript
Your CSS custom property falls back unexpectedly on a product listing—how would you check its scope and spelling?,html / css
"Your cookie is not sent from the browser in a user profile—which CORS, credentials, SameSite, and secure settings would you inspect?",express.js
Your server data and local UI state conflict while implementing search—how would you separate their responsibilities?,react
Your 404 page is not shown for missing dynamic data on a login page—how would you trigger the not-found behavior?,next.js
Your spread syntax copies an object but nested values still change in an admin panel—why does that happen and how would you handle it?,javascript
Your Eloquent relationship returns an empty collection unexpectedly while implementing search—how would you verify the foreign and local keys?,php / laravel
Your optimistic update must be rolled back after a failed request in an admin panel—how would you preserve the previous state?,react
Your dynamic route parameter is undefined in an admin panel—how would you verify the folder name and parameter access?,next.js
Your debounced search still makes too many requests in an admin panel—what would you check in the debounce implementation?,javascript
Your button looks disabled but is still clickable on a product listing—how would you implement semantic and visual disabling?,html / css
Your input validation accepts whitespace-only text while building a dashboard—how would you normalize the input first?,javascript
Your dictionary lookup may not contain a key during form validation—how would you handle the missing value safely?,python
Your loading UI should appear while a route segment is waiting while building a dashboard—where would you add the loading file?,next.js
Your subquery returns more than one value where one is expected on a login page—how would you change the comparison or aggregation?,sql
Your datetime comparison mixes timezone-aware and naive values in a user profile—how would you normalize them?,python
Your function modifies a default list argument across calls on a product listing—how would you avoid the shared mutable default?,python
Your JSON serialization fails for a custom object in an admin panel—how would you provide a serializable representation?,python
Your custom hook causes duplicate subscriptions during checkout—how would you verify its setup and cleanup behavior?,react
Your transaction leaves half the changes saved after an error on a product listing—how would you use rollback correctly?,sql
Your table becomes unusable on a narrow screen in an admin panel—what responsive strategy would you apply?,html / css
Your sorting numbers produces lexicographic order in a user profile—what comparator should you provide?,javascript
Your CORS blocks a frontend request in a user profile—how would you configure the allowed origin and methods?,express.js
Your DOM query returns null while implementing search—how would you verify the selector and execution timing?,javascript
Your tsconfig change creates many new errors while implementing search—which strictness option likely exposed the issues?,typescript
Your object keys must be iterated with both key and value in an admin panel—which built-in method would you use?,javascript
Your dictionary merge overwrites values unexpectedly while building a dashboard—how would you control the conflict rule?,python
Your list filtering is slow on every keystroke on a login page—how would you defer or memoize expensive rendering work?,react
Your async function is called without awaiting its result while implementing search—how could that create a race condition in your UI?,javascript
Your API returns stack traces in production in an admin panel—how would you separate development and production error responses?,express.js
Your query causes an N+1 performance problem on a settings screen—how would you eager load the required relationship?,php / laravel
Your string concatenation produces an unexpected result with a number in an admin panel—how would you convert the value explicitly?,javascript
Your regular expression matches more text than expected on a login page—which flags or quantifiers would you inspect?,javascript
Your async route throws but the error response is inconsistent during checkout—how would you forward failures to centralized handling?,express.js
Your regular expression is slow on long input during checkout—how would you simplify a pattern with catastrophic backtracking?,python
Your table becomes unusable on a narrow screen on a product listing—what responsive strategy would you apply?,html / css
Your React.memo does not prevent rerenders in an admin panel—which prop reference might still be changing?,react
Your dictionary counting code is verbose during form validation—which standard library collection could simplify it?,python
Your logger misses the final response status in a user profile—where would you attach response lifecycle logging?,express.js
Your event listener never fires on a login page—what would you check in the element selection and event binding?,javascript
Your route should render a page at a URL but the file is ignored on a settings screen—how would you verify the App Router folder structure and file name?,next.js
Your object index access has an implicit any error in an admin panel—how would keyof help type the key?,typescript
Your path alias works in TypeScript but fails at runtime in an admin panel—how would you configure the runtime or bundler to match it?,typescript
Your shared navigation appears on every page while building a dashboard—where should you place it in the layout hierarchy?,next.js
Your variable is undefined inside a callback in an admin panel—how would you trace the scope causing the problem?,javascript
Your authentication check should run before protected routes render during checkout—where could middleware fit into the flow?,next.js
Your event handler receives stale props on a login page—how would you restructure the callback dependencies?,react
Your uploaded file URL returns 404 during checkout—how would you configure public storage access?,php / laravel
Your HAVING filter could run before aggregation on a settings screen—when should you move the condition into WHERE?,sql
Your component state changes but the UI does not rerender as expected on a product listing—how would you check whether the state was mutated directly?,react
Your validation rule should depend on another field on a product listing—how would you implement conditional validation?,php / laravel
Your dynamic route parameter is undefined during checkout—how would you verify the folder name and parameter access?,next.js
Your function modifies a default list argument across calls while building a dashboard—how would you avoid the shared mutable default?,python
Your response is sent twice on a product listing—how would you prevent execution after an early response?,express.js
Your button looks disabled but is still clickable during checkout—how would you implement semantic and visual disabling?,html / css
Your regular expression is slow on long input in a user profile—how would you simplify a pattern with catastrophic backtracking?,python
Your cache causes a user-specific response to leak across requests during checkout—how would you configure fetching or rendering safely?,next.js
Your font causes layout shift during loading in a user profile—how would Next.js font optimization help?,next.js
Your module import is undefined in an admin panel—how would you verify default versus named exports?,javascript
Your derived value is stored in state and becomes inconsistent while building a dashboard—how would you compute it from existing data instead?,react
Your dynamic route parameter is undefined on a product listing—how would you verify the folder name and parameter access?,next.js
Your event handler receives stale props in a user profile—how would you restructure the callback dependencies?,react
Your debounced search still makes too many requests while building a dashboard—what would you check in the debounce implementation?,javascript
Your custom hook causes duplicate subscriptions while implementing search—how would you verify its setup and cleanup behavior?,react
Your client component needs server-fetched data while implementing search—how would you decide where to fetch and pass the data?,next.js
Your interval keeps running after the feature is closed in a user profile—how would you clean it up?,javascript
Your browser says a variable is already declared during checkout—how would you locate the duplicate declaration?,javascript
Your path alias works in TypeScript but fails at runtime while building a dashboard—how would you configure the runtime or bundler to match it?,typescript
Your ellipsis does not appear on overflowing text in an admin panel—which three CSS conditions are required?,html / css
Your route handler never receives the parsed JSON body while building a dashboard—which middleware must run before the route?,express.js
Your mapped type should make every property optional on a product listing—how would you construct it?,typescript
Your exception is caught but important context is lost while handling notifications—how would you preserve the original cause?,python
"Your cookie is not sent from the browser on a product listing—which CORS, credentials, SameSite, and secure settings would you inspect?",express.js
Your process pool fails because a function cannot be pickled while building a dashboard—how would you restructure the callable?,python
Your intercepting route should show a modal instead of a full navigation in an admin panel—how would you structure the matching route folders?,next.js
Your async function is called without awaiting its result on a login page—how could that create a race condition in your UI?,javascript
"Your SVG icon inherits an unexpected color on a product listing—which fill, stroke, or currentColor rule would you inspect?",html / css
Your server data and local UI state conflict while building a dashboard—how would you separate their responsibilities?,react
Your form field value is treated as text instead of a number while implementing search—where should you convert its type?,javascript
Your custom hook causes duplicate subscriptions on a settings screen—how would you verify its setup and cleanup behavior?,react
"Your SVG icon inherits an unexpected color in an admin panel—which fill, stroke, or currentColor rule would you inspect?",html / css
Your case-insensitive search is unexpectedly slow on a login page—what indexing or collation options would you investigate?,sql
Your COUNT returns a surprising value with NULL data while building a dashboard—how do COUNT(*) and COUNT(column) differ?,sql
Your generator is exhausted when reused in a user profile—how would you redesign the data flow?,python
Your form submission should mutate data without building a separate client fetch while building a dashboard—when could a Server Action be appropriate?,next.js
Your server listens on the wrong port in production on a login page—how would you use environment-based configuration?,node.js
Your parallel routes need separate UI slots in an admin panel—how would you organize the route segments?,next.js
Your context manager must manage a database transaction while implementing search—where would you commit and roll back?,python
Your path alias works in TypeScript but fails at runtime in a user profile—how would you configure the runtime or bundler to match it?,typescript
Your subquery returns more than one value where one is expected in an admin panel—how would you change the comparison or aggregation?,sql
Your server crashes from an unhandled promise rejection in an admin panel—where should you catch and log the failure?,node.js
Your React warning says two children have the same key in an admin panel—how would you generate a unique stable key?,react
Your context manager must manage a database transaction while handling notifications—where would you commit and roll back?,python
Your derived value is stored in state and becomes inconsistent on a settings screen—how would you compute it from existing data instead?,react
Your component fetches the same data on every mount in an admin panel—how would you introduce caching or shared server state?,react
Your multiple async operations should run together during checkout—when would Promise.all or Promise.allSettled be appropriate?,node.js
Your shared navigation appears on every page on a login page—where should you place it in the layout hierarchy?,next.js
Your modal renders inside a parent with clipping styles while building a dashboard—how would a portal solve the layout problem?,react
Your useRouter is called in a server component on a settings screen—how would you restructure the component boundary?,next.js
Your shared navigation appears on every page on a settings screen—where should you place it in the layout hierarchy?,next.js
Your function overloads are difficult to maintain on a product listing—could a generic or union parameter simplify the API?,typescript
Your UPDATE changes every row by mistake while implementing search—what safety checks would you perform before executing it?,sql
Your long word breaks the page layout in an admin panel—how would you allow safe word breaking?,html / css
Your modal renders inside a parent with clipping styles on a login page—how would a portal solve the layout problem?,react
Your query value is missing while implementing search—where should you read it from the request?,express.js
Your dark mode styles are overridden by existing rules while building a dashboard—how would you organize the selectors to avoid conflicts?,html / css
Your date range misses rows created late on the final day during checkout—how would you write the boundary safely?,sql
Your multiple state updates produce unexpected values on a product listing—how would you account for React batching?,react
Your nested prop drilling makes components difficult to maintain in an admin panel—when would context or composition be a better choice?,react
Your query needs the latest row for each user while implementing search—how would you use a window function or grouped strategy?,sql
Your two transactions deadlock during checkout—how would you identify the conflicting lock order?,sql
Your route parameter is undefined while implementing search—how would you compare the path definition with req.params?,express.js
Your CORS blocks a frontend request on a product listing—how would you configure the allowed origin and methods?,express.js
Your async route throws but the error response is inconsistent while implementing search—how would you forward failures to centralized handling?,express.js
Your file upload request has no file data on a product listing—which multipart middleware and field name would you verify?,express.js
Your loop skips items after removing elements from the same list during checkout—how would you iterate without mutating the active sequence?,python
Your server component uses a browser-only API in an admin panel—how would you move the code behind a client boundary?,next.js
Your unit test passes alone but fails with the full suite on a product listing—how would you isolate shared state?,python
Your dictionary counting code is verbose while implementing search—which standard library collection could simplify it?,python
Your 404 page is not shown for missing dynamic data while building a dashboard—how would you trigger the not-found behavior?,next.js
Your nested prop drilling makes components difficult to maintain on a settings screen—when would context or composition be a better choice?,react
Your browser freezes during a large computation while building a dashboard—how could you break up or move the work?,javascript
Your object literal has an unexpected extra property error while implementing search—how would you adjust the interface without weakening validation unnecessarily?,typescript
Your context update rerenders too many components in a user profile—how would you split or memoize the context value?,react
Your one route segment needs isolated error handling during checkout—how would you use the error boundary file convention?,next.js
Your component fetches the same data on every mount on a login page—how would you introduce caching or shared server state?,react
Your request validation is duplicated across controllers while implementing search—how would you extract reusable validation middleware?,express.js
Your spread syntax copies an object but nested values still change while building a dashboard—why does that happen and how would you handle it?,javascript
Your comparison behaves unexpectedly because the values have different types during checkout—how would you normalize the values before comparing them?,javascript
Your class implementation misses an interface member on a product listing—how would you satisfy the contract correctly?,typescript
Your foreign key insert fails while building a dashboard—how would you check the referenced parent row and column types?,sql
Your decorator hides the original function metadata on a product listing—which utility should you use to preserve it?,python
Your list filtering is slow on every keystroke in a user profile—how would you defer or memoize expensive rendering work?,react
Your image from a remote host is rejected on a login page—which image configuration would you update?,next.js
Your readFile blocks your server during heavy traffic in an admin panel—which asynchronous alternative should you use?,node.js
Your decorator hides the original function metadata on a settings screen—which utility should you use to preserve it?,python
Your custom modal is inaccessible from the keyboard while building a dashboard—how would you manage focus and dialog semantics?,html / css
Your CSS custom property falls back unexpectedly in an admin panel—how would you check its scope and spelling?,html / css
Your COUNT returns a surprising value with NULL data while implementing search—how do COUNT(*) and COUNT(column) differ?,sql
Your API request updates state after the component unmounts during form validation—how would you cancel or ignore the result?,react
Your server data and local UI state conflict in a user profile—how would you separate their responsibilities?,react
Your model changes are not saved in an admin panel—how would you check fillable fields and the save flow?,php / laravel
Your Node process exits before an asynchronous task finishes while building a dashboard—how would you trace the pending work?,node.js
Your file upload request has no file data during checkout—which multipart middleware and field name would you verify?,express.js
Your authentication middleware protects every route including login in an admin panel—how would you change the middleware order or scope?,express.js
Your dictionary lookup may not contain a key while building a dashboard—how would you handle the missing value safely?,python
Your useEffect runs repeatedly and creates an infinite loop on a login page—which dependency is changing every render?,react
Your nested object access crashes when an intermediate value is missing on a product listing—how would optional chaining help?,javascript
Your readonly object still contains mutable nested values on a product listing—how would you understand shallow versus deep immutability?,typescript
Your deeply nested loops are slowing down the page on a login page—how would you identify a better data structure or algorithm?,javascript
Your effect uses an old state value in an admin panel—how would you fix the stale closure?,react
"Your array method returns an unexpected value in an admin panel—how would you choose between map, filter, find, and reduce?",javascript
Your Laravel environment value seems outdated on a product listing—how would configuration caching affect the result?,php / laravel
Your dynamic route parameter is undefined on a login page—how would you verify the folder name and parameter access?,next.js
Your component needs to expose a DOM element to its parent on a settings screen—when would you use a ref?,react
Your shared navigation appears on every page while implementing search—where should you place it in the layout hierarchy?,next.js
Your database transaction commits part of a workflow after an exception while building a dashboard—how would you wrap the operations atomically?,php / laravel
Your API response shape is assumed but not verified in an admin panel—how would you combine runtime validation with TypeScript types?,typescript
Your generic function loses the relationship between input and output in a user profile—how would you introduce a type parameter?,typescript
Your process pool fails because a function cannot be pickled on a settings screen—how would you restructure the callable?,python
Your session data disappears between requests in a user profile—how would you inspect the session driver and cookie settings?,php / laravel
Your large JSON response is slow to generate while building a dashboard—how would you profile serialization and response size?,node.js
Your responsive layout breaks only on a small phone screen while building a dashboard—how would you adjust the media query and sizing rules?,html / css
Your path alias works in TypeScript but fails at runtime while implementing search—how would you configure the runtime or bundler to match it?,typescript
Your dynamically added button has no click behavior on a login page—when would event delegation solve the issue?,javascript
Your useRouter is called in a server component on a login page—how would you restructure the component boundary?,next.js
Your page needs a redirect after validating server-side conditions on a settings screen—which Next.js navigation utility would you use?,next.js
Your function modifies a default list argument across calls while handling notifications—how would you avoid the shared mutable default?,python
Your aggregate query mixes grouped and ungrouped columns in an admin panel—how would you rewrite it correctly?,sql
Your async function is called without awaiting its result on a product listing—how could that create a race condition in your UI?,javascript
Your route parameter is undefined on a login page—how would you compare the path definition with req.params?,express.js
Your type assertion hides a real runtime problem on a settings screen—what safer narrowing strategy could you use?,typescript
Your client component needs server-fetched data in an admin panel—how would you decide where to fetch and pass the data?,next.js
Your generator is exhausted when reused in an admin panel—how would you redesign the data flow?,python
Your DELETE statement must remove only related records on a login page—how would you verify the WHERE clause first?,sql
Your server logs are hard to correlate across requests while building a dashboard—how would you attach a request identifier?,node.js
Your foreign key insert fails in an admin panel—how would you check the referenced parent row and column types?,sql
Your type assertion hides a real runtime problem in an admin panel—what safer narrowing strategy could you use?,typescript
Your DELETE statement must remove only related records while implementing search—how would you verify the WHERE clause first?,sql
Your CPU-heavy loop makes every request slow in a user profile—how could you move that work off the event loop?,node.js
Your input switches between controlled and uncontrolled during checkout—how would you initialize its value consistently?,react
Your useCallback makes the code more complex without improving performance on a login page—how would you decide whether to remove it?,react
Your input validation accepts whitespace-only text in a user profile—how would you normalize the input first?,javascript
Your custom hook causes duplicate subscriptions in an admin panel—how would you verify its setup and cleanup behavior?,react
Your pagination links lose existing query filters while implementing search—how would you preserve the query string?,php / laravel
Your API call should retry only transient failures in an admin panel—how would you distinguish retryable exceptions?,python
Your array lookup may return undefined in a user profile—how would you handle it under strict settings?,typescript
Your router paths produce duplicated URL segments during checkout—how would you check the mount path and child routes?,express.js
Your route parameter is undefined while building a dashboard—how would you compare the path definition with req.params?,express.js
Your pip installs a package but your script cannot import it in an admin panel—how would you check interpreter and environment mismatch?,python
Your unique constraint rejects a value that looks different while building a dashboard—what normalization or collation issue could explain it?,sql
Your loading UI should appear while a route segment is waiting on a login page—where would you add the loading file?,next.js
Your function overloads are difficult to maintain on a login page—could a generic or union parameter simplify the API?,typescript
Your dynamically added button has no click behavior in an admin panel—when would event delegation solve the issue?,javascript
Your error middleware is skipped on a settings screen—how would you verify its four-argument signature and registration order?,express.js
Your scheduled task runs twice after scaling the app on a product listing—how would you prevent duplicate execution?,node.js
Your tsconfig change creates many new errors in a user profile—which strictness option likely exposed the issues?,typescript
Your optional property is used as if it always exists while implementing search—how would you handle the undefined case?,typescript
Your component state changes but the UI does not rerender as expected during form validation—how would you check whether the state was mutated directly?,react
Your date range misses rows created late on the final day in an admin panel—how would you write the boundary safely?,sql
Your case-insensitive search is unexpectedly slow on a settings screen—what indexing or collation options would you investigate?,sql
Your server component uses a browser-only API while implementing search—how would you move the code behind a client boundary?,next.js
Your pip installs a package but your script cannot import it on a settings screen—how would you check interpreter and environment mismatch?,python
Your CORS blocks a frontend request in an admin panel—how would you configure the allowed origin and methods?,express.js
Your component needs different behavior for mobile width on a settings screen—how would you keep responsive state synchronized with the browser?,react
Your loop skips items after removing elements from the same list on a product listing—how would you iterate without mutating the active sequence?,python
Your search results arrive out of order while implementing search—how would you prevent an older request from replacing newer data?,react
Your component needs different behavior for mobile width in an admin panel—how would you keep responsive state synchronized with the browser?,react
Your useCallback makes the code more complex without improving performance in an admin panel—how would you decide whether to remove it?,react
Your readFile blocks your server during heavy traffic on a login page—which asynchronous alternative should you use?,node.js
Your module import is undefined while implementing search—how would you verify default versus named exports?,javascript
Your sorting numbers produces lexicographic order while building a dashboard—what comparator should you provide?,javascript
Your pip installs a package but your script cannot import it during checkout—how would you check interpreter and environment mismatch?,python
Your inline element ignores your width and height on a product listing—how would you change its display behavior?,html / css
Your position absolute element appears relative to the wrong container during checkout—which ancestor positioning rule would you verify?,html / css
Your array mutation unexpectedly changes data used elsewhere on a product listing—how would you create an immutable update?,javascript
Your query is slow despite filtering by a common column on a settings screen—how would you inspect indexes and the execution plan?,sql
Your async function runs sequentially instead of concurrently while implementing search—how would you schedule the coroutines together?,python
Your custom middleware never calls the next handler on a login page—where should you invoke next or send a response?,express.js
Your dynamic route parameter is undefined on a settings screen—how would you verify the folder name and parameter access?,next.js
Your process needs a graceful shutdown in a user profile—how would you close servers and connections on termination signals?,node.js
Your setTimeout inside a loop prints the wrong index while building a dashboard—how would you fix the variable scope?,javascript
Your deployment fails because a page depends on request-time data during checkout—how would you choose the correct rendering behavior?,next.js
Your state update based on previous state gives the wrong result on a settings screen—how would you use the functional updater?,react
Your router paths produce duplicated URL segments on a product listing—how would you check the mount path and child routes?,express.js
Your session data disappears between requests while building a dashboard—how would you inspect the session driver and cookie settings?,php / laravel
Your deeply nested loops are slowing down the page while implementing search—how would you identify a better data structure or algorithm?,javascript
Your two arrays need to be merged without duplicates on a login page—how would you implement that efficiently?,javascript
Your migration runs locally but fails in production while implementing search—how would you inspect database state and migration order?,php / laravel
Your state update based on previous state gives the wrong result on a login page—how would you use the functional updater?,react
Your Eloquent relationship returns an empty collection unexpectedly in a user profile—how would you verify the foreign and local keys?,php / laravel
Your route parameter is undefined in an admin panel—how would you compare the path definition with req.params?,express.js
Your recursive data such as categories must be queried during checkout—when would a recursive CTE be appropriate?,sql
Your process pool fails because a function cannot be pickled on a login page—how would you restructure the callable?,python
Your server data and local UI state conflict in an admin panel—how would you separate their responsibilities?,react
Your query string contains unescaped user input on a product listing—how would you encode the parameters safely?,javascript
Your NULL comparison never matches on a login page—which SQL predicate should you use instead of equals?,sql
Your child process output is missing on a login page—which stdout and stderr events would you handle?,node.js
Your nested prop drilling makes components difficult to maintain on a login page—when would context or composition be a better choice?,react
Your search results arrive out of order during checkout—how would you prevent an older request from replacing newer data?,react
Your pip installs a package but your script cannot import it during form validation—how would you check interpreter and environment mismatch?,python
Your API call should retry only transient failures while building a dashboard—how would you distinguish retryable exceptions?,python
Your error in one component crashes the whole screen in an admin panel—where would you place an error boundary?,react
Your percentage height does not work inside a container during checkout—which parent dimensions must be defined?,html / css
Your enum adds behavior you do not need in an admin panel—when would a union of literal types be simpler?,typescript
Your nested prop drilling makes components difficult to maintain in a user profile—when would context or composition be a better choice?,react
Your context manager must manage a database transaction in an admin panel—where would you commit and roll back?,python
Your server logs are hard to correlate across requests while implementing search—how would you attach a request identifier?,node.js
Your input validation accepts whitespace-only text in an admin panel—how would you normalize the input first?,javascript
Your dark mode styles are overridden by existing rules during checkout—how would you organize the selectors to avoid conflicts?,html / css
Your Laravel route returns a 404 even though the controller exists during checkout—how would you verify the route definition and cache?,php / laravel
Your transaction leaves half the changes saved after an error during checkout—how would you use rollback correctly?,sql
Your readFile blocks your server during heavy traffic while implementing search—which asynchronous alternative should you use?,node.js
Your session data disappears between requests during checkout—how would you inspect the session driver and cookie settings?,php / laravel
Your async function is called without awaiting its result in an admin panel—how could that create a race condition in your UI?,javascript
Your error in one component crashes the whole screen while implementing search—where would you place an error boundary?,react
Your graceful shutdown stops accepting requests but existing requests hang in a user profile—how would you track and finish active connections?,express.js
Your CSRF protection rejects an AJAX request during checkout—how would you send the token correctly?,php / laravel
Your multiple state updates produce unexpected values during checkout—how would you account for React batching?,react
Your server returns stale configuration after editing an environment file while building a dashboard—what restart or loading behavior would you check?,node.js
Your shared navigation appears on every page during checkout—where should you place it in the layout hierarchy?,next.js
Your route should render a page at a URL but the file is ignored in a user profile—how would you verify the App Router folder structure and file name?,next.js
Your object property name is computed dynamically on a login page—how would you access it safely?,javascript
Your z-index has no visible effect during checkout—how would you inspect the stacking contexts involved?,html / css
Your asynchronous code returns undefined before the data arrives on a settings screen—how would you wait for the result correctly?,javascript
Your third-party JavaScript package has no types on a login page—how would you add a declaration safely?,typescript
Your function parameter becomes implicitly any on a settings screen—where should you add an explicit type?,typescript
Your decorator hides the original function metadata while implementing search—which utility should you use to preserve it?,python
Your input switches between controlled and uncontrolled while building a dashboard—how would you initialize its value consistently?,react
Your API call should retry only transient failures while implementing search—how would you distinguish retryable exceptions?,python
Your migration runs locally but fails in production while building a dashboard—how would you inspect database state and migration order?,php / laravel
Your controlled input becomes unresponsive while building a dashboard—which value and onChange connection would you inspect?,react
Your component fetches the same data on every mount while implementing search—how would you introduce caching or shared server state?,react
Your browser freezes during a large computation during checkout—how could you break up or move the work?,javascript
Your child rerenders whenever the parent changes during form validation—how would you determine whether memoization is useful?,react
Your type hints disagree with runtime data on a login page—how would you validate the incoming values?,python
Your spread syntax copies an object but nested values still change while implementing search—why does that happen and how would you handle it?,javascript
Your position absolute element appears relative to the wrong container while building a dashboard—which ancestor positioning rule would you verify?,html / css
Your file upload is missing from the request while building a dashboard—how would you verify the form encoding and input name?,php / laravel
Your NULL comparison never matches while implementing search—which SQL predicate should you use instead of equals?,sql
Your task must retry after a temporary failure in an admin panel—how would you add bounded retry logic?,node.js
Your cache causes a user-specific response to leak across requests in a user profile—how would you configure fetching or rendering safely?,next.js
Your query needs the latest row for each user in a user profile—how would you use a window function or grouped strategy?,sql
Your server data and local UI state conflict during checkout—how would you separate their responsibilities?,react
Your virtual environment uses the wrong interpreter while implementing search—how would you verify the active Python executable?,python
Your component fetches the same data on every mount during checkout—how would you introduce caching or shared server state?,react
Your deployment fails because a page depends on request-time data while building a dashboard—how would you choose the correct rendering behavior?,next.js
Your client component needs server-fetched data on a login page—how would you decide where to fetch and pass the data?,next.js
Your authentication middleware protects every route including login during checkout—how would you change the middleware order or scope?,express.js
Your Laravel event listener does not execute while implementing search—how would you verify registration and queue configuration?,php / laravel
Your secret appears in a repository commit in an admin panel—how would you remove it from configuration and rotate it?,node.js
Your debounced search still makes too many requests on a login page—what would you check in the debounce implementation?,javascript
Your CSS custom property falls back unexpectedly while building a dashboard—how would you check its scope and spelling?,html / css
Your server component uses a browser-only API during checkout—how would you move the code behind a client boundary?,next.js
Your middleware runs on routes you did not intend on a product listing—how would you refine its matcher?,next.js
Your class attribute is unexpectedly shared by every instance on a product listing—where should the value be initialized instead?,python
Your background image is cropped unexpectedly while building a dashboard—how would you tune its size and position?,html / css
Your text overflows a card instead of wrapping on a product listing—which wrapping and width rules would you inspect?,html / css
Your server returns stale configuration after editing an environment file on a login page—what restart or loading behavior would you check?,node.js
Your spread syntax copies an object but nested values still change in a user profile—why does that happen and how would you handle it?,javascript
Your UPDATE changes every row by mistake on a login page—what safety checks would you perform before executing it?,sql
Your server component uses a browser-only API while building a dashboard—how would you move the code behind a client boundary?,next.js
Your virtual environment uses the wrong interpreter while building a dashboard—how would you verify the active Python executable?,python
Your UPDATE changes every row by mistake in a user profile—what safety checks would you perform before executing it?,sql
Your database transaction commits part of a workflow after an exception on a product listing—how would you wrap the operations atomically?,php / laravel
Your comparison behaves unexpectedly because the values have different types in an admin panel—how would you normalize the values before comparing them?,javascript
Your case-insensitive search is unexpectedly slow in a user profile—what indexing or collation options would you investigate?,sql
Your property access fails because TypeScript sees a union type while building a dashboard—how would you narrow the type safely?,typescript
Your object literal has an unexpected extra property error in an admin panel—how would you adjust the interface without weakening validation unnecessarily?,typescript
Your query causes an N+1 performance problem during checkout—how would you eager load the required relationship?,php / laravel
Your metadata differs between dynamic product pages on a product listing—how would you generate it from route data?,next.js
Your ref value changes but the UI stays the same while building a dashboard—why should that value be state instead?,react
Your broad except block hides programming errors while handling notifications—which specific exceptions should you catch?,python
Your pagination becomes slow on very large offsets on a product listing—how could keyset pagination help?,sql
Your regular expression matches more text than expected during checkout—which flags or quantifiers would you inspect?,javascript
Your interface and type alias seem interchangeable in an admin panel—which extension or composition need would guide your choice?,typescript
Your large CSV consumes too much memory in a user profile—how would you process it incrementally?,python
Your CSRF protection rejects an AJAX request on a settings screen—how would you send the token correctly?,php / laravel
Your lazy-loaded component flashes without fallback content on a product listing—how would you configure Suspense?,react
Your streaming a large file causes memory usage to spike in a user profile—how would you pipe the data instead of buffering it?,node.js
Your list filtering is slow on every keystroke while building a dashboard—how would you defer or memoize expensive rendering work?,react
Your middleware runs on routes you did not intend on a login page—how would you refine its matcher?,next.js
Your intercepting route should show a modal instead of a full navigation during checkout—how would you structure the matching route folders?,next.js
Your type hints disagree with runtime data during checkout—how would you validate the incoming values?,python
Your one route segment needs isolated error handling in an admin panel—how would you use the error boundary file convention?,next.js
Your CPU-heavy loop makes every request slow while building a dashboard—how could you move that work off the event loop?,node.js
Your CommonJS import fails after switching to ES modules on a product listing—what module configuration would you review?,node.js
Your object index access has an implicit any error on a product listing—how would keyof help type the key?,typescript
Your interface and type alias seem interchangeable during checkout—which extension or composition need would guide your choice?,typescript
Your list items lose their internal state after reordering in a user profile—how would you choose stable keys?,react
Your CPU-heavy loop makes every request slow in an admin panel—how could you move that work off the event loop?,node.js
Your Node cannot resolve a module on a settings screen—how would you inspect the import path and package installation?,node.js
Your queued job never runs during checkout—how would you check the queue connection and worker process?,php / laravel
Your regular expression is slow on long input on a settings screen—how would you simplify a pattern with catastrophic backtracking?,python
Your query value is missing on a settings screen—where should you read it from the request?,express.js
Your property access fails because TypeScript sees a union type in a user profile—how would you narrow the type safely?,typescript
Your search results arrive out of order on a product listing—how would you prevent an older request from replacing newer data?,react
Your two arrays need to be merged without duplicates in an admin panel—how would you implement that efficiently?,javascript
Your component state changes but the UI does not rerender as expected during checkout—how would you check whether the state was mutated directly?,react
Your threaded code does not speed up CPU-bound work on a product listing—how would the GIL influence your approach?,python
Your object index access has an implicit any error while building a dashboard—how would keyof help type the key?,typescript
Your component state changes but the UI does not rerender as expected while implementing search—how would you check whether the state was mutated directly?,react
Your browser freezes during a large computation in an admin panel—how could you break up or move the work?,javascript
Your React.memo does not prevent rerenders on a login page—which prop reference might still be changing?,react
Your Eloquent query returns soft-deleted records unexpectedly in an admin panel—how would you inspect scopes and withTrashed usage?,php / laravel
Your server listens on the wrong port in production on a settings screen—how would you use environment-based configuration?,node.js
Your image stretches out of proportion in an admin panel—which CSS properties would preserve its aspect ratio?,html / css
Your dynamically added button has no click behavior while implementing search—when would event delegation solve the issue?,javascript
Your child rerenders whenever the parent changes on a login page—how would you determine whether memoization is useful?,react
Your query needs the latest row for each user while building a dashboard—how would you use a window function or grouped strategy?,sql
Your custom hook causes duplicate subscriptions in a user profile—how would you verify its setup and cleanup behavior?,react
Your React.memo does not prevent rerenders on a settings screen—which prop reference might still be changing?,react
Your fetch request sends no request body while building a dashboard—how would you configure the method and body correctly?,javascript
Your cache causes a user-specific response to leak across requests while implementing search—how would you configure fetching or rendering safely?,next.js
Your file remains open after an error in a user profile—how would a context manager solve the cleanup?,python
Your UPDATE changes every row by mistake on a product listing—what safety checks would you perform before executing it?,sql
Your ref value changes but the UI stays the same on a settings screen—why should that value be state instead?,react
Your effect uses an old state value on a product listing—how would you fix the stale closure?,react
Your parallel routes need separate UI slots on a login page—how would you organize the route segments?,next.js
Your file upload is missing from the request on a settings screen—how would you verify the form encoding and input name?,php / laravel
Your asynchronous code returns undefined before the data arrives on a login page—how would you wait for the result correctly?,javascript
Your composite index is ignored in a user profile—how would you check the column order against the query?,sql
Your unit test passes alone but fails with the full suite in a user profile—how would you isolate shared state?,python
Your interval keeps running after the feature is closed while implementing search—how would you clean it up?,javascript
Your dictionary counting code is verbose on a login page—which standard library collection could simplify it?,python
Your JSON serialization fails for a custom object while handling notifications—how would you provide a serializable representation?,python
Your 100vh causes unwanted scrolling on mobile on a product listing—which newer viewport units could you consider?,html / css
Your query is slow despite filtering by a common column in a user profile—how would you inspect indexes and the execution plan?,sql
Your type assertion hides a real runtime problem while building a dashboard—what safer narrowing strategy could you use?,typescript
Your useCallback makes the code more complex without improving performance while implementing search—how would you decide whether to remove it?,react
Your function modifies a default list argument across calls during form validation—how would you avoid the shared mutable default?,python
Your margin collapse changes the spacing around a section on a login page—how would you prevent or account for it?,html / css
Your font causes layout shift during loading while implementing search—how would Next.js font optimization help?,next.js
Your broad except block hides programming errors on a login page—which specific exceptions should you catch?,python
Your ellipsis does not appear on overflowing text on a login page—which three CSS conditions are required?,html / css
Your preventDefault does not stop the expected browser action during checkout—how would you confirm which event is being handled?,javascript
Your path alias works in TypeScript but fails at runtime on a product listing—how would you configure the runtime or bundler to match it?,typescript
Your authentication check should run before protected routes render on a login page—where could middleware fit into the flow?,next.js
Your large JSON response is slow to generate on a product listing—how would you profile serialization and response size?,node.js
"Your array method returns an unexpected value while building a dashboard—how would you choose between map, filter, find, and reduce?",javascript
Your loop skips items after removing elements from the same list on a login page—how would you iterate without mutating the active sequence?,python
Your ref value changes but the UI stays the same in an admin panel—why should that value be state instead?,react
Your effect uses an old state value while implementing search—how would you fix the stale closure?,react
Your server component uses a browser-only API on a settings screen—how would you move the code behind a client boundary?,next.js
Your generic function loses the relationship between input and output during checkout—how would you introduce a type parameter?,typescript
Your third-party JavaScript package has no types in a user profile—how would you add a declaration safely?,typescript
Your process needs a graceful shutdown on a login page—how would you close servers and connections on termination signals?,node.js
Your UPDATE changes every row by mistake during checkout—what safety checks would you perform before executing it?,sql
Your effect uses an old state value on a login page—how would you fix the stale closure?,react
Your image stretches out of proportion during checkout—which CSS properties would preserve its aspect ratio?,html / css
Your application restarts repeatedly after an uncaught exception in an admin panel—how would you capture the root cause safely?,node.js
Your CSS transition does not animate on a login page—how would you verify the changed property and transition declaration?,html / css
Your JSON.parse throws an error for stored data on a login page—how would you guard against invalid JSON?,javascript
Your API request updates state after the component unmounts while building a dashboard—how would you cancel or ignore the result?,react
Your sorting numbers produces lexicographic order on a login page—what comparator should you provide?,javascript
Your query is slow despite filtering by a common column on a login page—how would you inspect indexes and the execution plan?,sql
Your large CSV consumes too much memory on a settings screen—how would you process it incrementally?,python
Your optimistic update must be rolled back after a failed request in a user profile—how would you preserve the previous state?,react
Your Eloquent relationship returns an empty collection unexpectedly on a login page—how would you verify the foreign and local keys?,php / laravel
Your custom modal is inaccessible from the keyboard during checkout—how would you manage focus and dialog semantics?,html / css
Your query returns duplicate rows after joining two tables while building a dashboard—how would you inspect the join cardinality?,sql
Your CPU-heavy loop makes every request slow during checkout—how could you move that work off the event loop?,node.js
Your error in one component crashes the whole screen during checkout—where would you place an error boundary?,react
Your policy denies a user who should have access in an admin panel—how would you trace the authenticated user and ability arguments?,php / laravel
Your mapped type should make every property optional on a login page—how would you construct it?,typescript
Your interface and type alias seem interchangeable on a settings screen—which extension or composition need would guide your choice?,typescript
Your API request succeeds but JSON parsing fails while implementing search—what should you inspect in the response handling?,javascript
Your 404 response is returned before a valid route on a login page—how would you fix the route and middleware order?,express.js
Your tsconfig change creates many new errors during checkout—which strictness option likely exposed the issues?,typescript
Your context update rerenders too many components on a product listing—how would you split or memoize the context value?,react
Your class attribute is unexpectedly shared by every instance while implementing search—where should the value be initialized instead?,python
Your multiple async operations should run together while building a dashboard—when would Promise.all or Promise.allSettled be appropriate?,node.js
Your input validation accepts whitespace-only text during checkout—how would you normalize the input first?,javascript
Your LEFT JOIN behaves like an INNER JOIN unexpectedly during checkout—where should you place conditions on the optional table?,sql
Your list filtering is slow on every keystroke while implementing search—how would you defer or memoize expensive rendering work?,react
Your 404 page is not shown for missing dynamic data on a product listing—how would you trigger the not-found behavior?,next.js
Your Node process exits before an asynchronous task finishes on a settings screen—how would you trace the pending work?,node.js
Your child rerenders whenever the parent changes while building a dashboard—how would you determine whether memoization is useful?,react
Your datetime comparison mixes timezone-aware and naive values on a login page—how would you normalize them?,python
Your memory usage keeps growing during a long-running process on a product listing—how would you investigate a possible leak?,node.js
Your pagination links lose existing query filters in an admin panel—how would you preserve the query string?,php / laravel
Your spread syntax copies an object but nested values still change on a login page—why does that happen and how would you handle it?,javascript
Your server receives an empty object from your fetch request during checkout—which headers and serialization steps would you verify?,javascript
Your deployment fails because a page depends on request-time data in a user profile—how would you choose the correct rendering behavior?,next.js
Your page shows stale data after a mutation during checkout—how would you revalidate the relevant route or data?,next.js
Your pagination links lose existing query filters in a user profile—how would you preserve the query string?,php / laravel
Your date range misses rows created late on the final day while building a dashboard—how would you write the boundary safely?,sql
Your query returns duplicate rows after joining two tables on a product listing—how would you inspect the join cardinality?,sql
Your policy denies a user who should have access in a user profile—how would you trace the authenticated user and ability arguments?,php / laravel
Your form submits and immediately reloads the page on a product listing—where should you prevent the default submission?,javascript
Your interface and type alias seem interchangeable on a product listing—which extension or composition need would guide your choice?,typescript
Your DELETE statement must remove only related records on a product listing—how would you verify the WHERE clause first?,sql
Your migration runs locally but fails in production in a user profile—how would you inspect database state and migration order?,php / laravel
Your virtual environment uses the wrong interpreter during checkout—how would you verify the active Python executable?,python
Your child process output is missing while implementing search—which stdout and stderr events would you handle?,node.js
Your date displays one day earlier than expected on a product listing—what timezone behavior would you investigate?,javascript
Your flex items refuse to shrink and overflow the container on a login page—which flex properties would you check?,html / css
Your secret appears in a repository commit while building a dashboard—how would you remove it from configuration and rotate it?,node.js
Your threaded code does not speed up CPU-bound work in a user profile—how would the GIL influence your approach?,python
Your relative file path fails when the application starts from another directory in a user profile—how would you build a stable path?,python
Your Eloquent query returns soft-deleted records unexpectedly while building a dashboard—how would you inspect scopes and withTrashed usage?,php / laravel
Your controller method receives no validated input on a settings screen—where should you inspect the request validation rules?,php / laravel
Your JSON file becomes corrupted after simultaneous writes in an admin panel—how would you serialize or redesign the storage?,node.js
Your policy denies a user who should have access while implementing search—how would you trace the authenticated user and ability arguments?,php / laravel
Your readonly object still contains mutable nested values on a login page—how would you understand shallow versus deep immutability?,typescript
Your server crashes from an unhandled promise rejection while building a dashboard—where should you catch and log the failure?,node.js
Your object keys must be iterated with both key and value during checkout—which built-in method would you use?,javascript
Your route handler needs query parameters while building a dashboard—how would you read them from the request?,next.js
Your generic function loses the relationship between input and output on a settings screen—how would you introduce a type parameter?,typescript
Your array mutation unexpectedly changes data used elsewhere on a login page—how would you create an immutable update?,javascript
Your session disappears after restarting the server while implementing search—how would you choose persistent session storage?,express.js
Your object literal has an unexpected extra property error while building a dashboard—how would you adjust the interface without weakening validation unnecessarily?,typescript
Your controller method receives no validated input while implementing search—where should you inspect the request validation rules?,php / laravel
Your secret appears in a repository commit during checkout—how would you remove it from configuration and rotate it?,node.js
Your graceful shutdown stops accepting requests but existing requests hang while implementing search—how would you track and finish active connections?,express.js
Your derived value is stored in state and becomes inconsistent on a login page—how would you compute it from existing data instead?,react
Your package import works in an interactive shell but fails when running a module in an admin panel—how would you run the package correctly?,python
Your NULL comparison never matches in a user profile—which SQL predicate should you use instead of equals?,sql
Your API call should retry only transient failures during checkout—how would you distinguish retryable exceptions?,python
Your route parameter is undefined in a user profile—how would you compare the path definition with req.params?,express.js
Your NULL comparison never matches in an admin panel—which SQL predicate should you use instead of equals?,sql
Your queued job never runs while building a dashboard—how would you check the queue connection and worker process?,php / laravel
Your function loses the expected this value on a settings screen—what change would preserve the correct context?,javascript
Your optimistic update must be rolled back after a failed request on a product listing—how would you preserve the previous state?,react
Your virtual environment uses the wrong interpreter in an admin panel—how would you verify the active Python executable?,python
Your browser says a variable is already declared in a user profile—how would you locate the duplicate declaration?,javascript
Your script works in one file but not another on a login page—how would you check module scope and script loading?,javascript
Your JSON serialization fails for a custom object on a settings screen—how would you provide a serializable representation?,python
Your custom modal is inaccessible from the keyboard on a product listing—how would you manage focus and dialog semantics?,html / css
Your pagination links lose existing query filters on a product listing—how would you preserve the query string?,php / laravel
Your authentication check should run before protected routes render on a settings screen—where could middleware fit into the flow?,next.js
Your preventDefault does not stop the expected browser action in a user profile—how would you confirm which event is being handled?,javascript
Your object keys must be iterated with both key and value on a login page—which built-in method would you use?,javascript
Your controlled input becomes unresponsive during checkout—which value and onChange connection would you inspect?,react
Your aggregate query mixes grouped and ungrouped columns on a settings screen—how would you rewrite it correctly?,sql
Your cache causes a user-specific response to leak across requests on a settings screen—how would you configure fetching or rendering safely?,next.js
Your memory usage keeps growing during a long-running process on a login page—how would you investigate a possible leak?,node.js
Your API call should retry only transient failures on a product listing—how would you distinguish retryable exceptions?,python
Your Eloquent query returns soft-deleted records unexpectedly in a user profile—how would you inspect scopes and withTrashed usage?,php / laravel
Your useCallback makes the code more complex without improving performance while building a dashboard—how would you decide whether to remove it?,react
Your unit test passes alone but fails with the full suite while handling notifications—how would you isolate shared state?,python
Your multiple async operations should run together on a settings screen—when would Promise.all or Promise.allSettled be appropriate?,node.js
Your class attribute is unexpectedly shared by every instance in a user profile—where should the value be initialized instead?,python
Your route handler needs query parameters on a login page—how would you read them from the request?,next.js
Your enum adds behavior you do not need in a user profile—when would a union of literal types be simpler?,typescript
Your session disappears after restarting the server on a login page—how would you choose persistent session storage?,express.js
Your authentication middleware protects every route including login while implementing search—how would you change the middleware order or scope?,express.js
Your package import works in an interactive shell but fails when running a module during checkout—how would you run the package correctly?,python
Your route should render a page at a URL but the file is ignored on a product listing—how would you verify the App Router folder structure and file name?,next.js
Your loop skips items after removing elements from the same list while handling notifications—how would you iterate without mutating the active sequence?,python
Your component state changes but the UI does not rerender as expected in a user profile—how would you check whether the state was mutated directly?,react
Your unit test passes alone but fails with the full suite while building a dashboard—how would you isolate shared state?,python
Your event listener never fires on a product listing—what would you check in the element selection and event binding?,javascript
Your pagination becomes slow on very large offsets in an admin panel—how could keyset pagination help?,sql
Your third-party JavaScript package has no types while implementing search—how would you add a declaration safely?,typescript
Your component fetches the same data on every mount in a user profile—how would you introduce caching or shared server state?,react
Your datetime comparison mixes timezone-aware and naive values on a product listing—how would you normalize them?,python
Your modal renders inside a parent with clipping styles on a settings screen—how would a portal solve the layout problem?,react
Your foreign key insert fails on a login page—how would you check the referenced parent row and column types?,sql
Your URL parameter is missing after navigation during checkout—how would you construct and read it reliably?,javascript
Your Laravel route returns a 404 even though the controller exists while building a dashboard—how would you verify the route definition and cache?,php / laravel
Your virtual environment uses the wrong interpreter on a settings screen—how would you verify the active Python executable?,python
Your CommonJS import fails after switching to ES modules in an admin panel—what module configuration would you review?,node.js
Your generic function loses the relationship between input and output on a product listing—how would you introduce a type parameter?,typescript
Your route should render a page at a URL but the file is ignored in an admin panel—how would you verify the App Router folder structure and file name?,next.js
Your subclass constructor does not initialize the parent on a product listing—how would you call the parent implementation correctly?,python
Your interval keeps running after the feature is closed in an admin panel—how would you clean it up?,javascript
Your query value is missing in an admin panel—where should you read it from the request?,express.js
Your async route throws but the error response is inconsistent in an admin panel—how would you forward failures to centralized handling?,express.js
Your application restarts repeatedly after an uncaught exception in a user profile—how would you capture the root cause safely?,node.js
Your file remains open after an error on a settings screen—how would a context manager solve the cleanup?,python
Your conditional type gives an unexpected result for a union on a product listing—how would distributive behavior affect it?,typescript
Your comparison behaves unexpectedly because the values have different types while building a dashboard—how would you normalize the values before comparing them?,javascript
Your query string contains unescaped user input during checkout—how would you encode the parameters safely?,javascript
Your ellipsis does not appear on overflowing text during checkout—which three CSS conditions are required?,html / css
Your failed job keeps retrying on a product listing—how would you inspect attempts and failure handling?,php / laravel
Your server receives an empty object from your fetch request in a user profile—which headers and serialization steps would you verify?,javascript
Your query causes an N+1 performance problem in an admin panel—how would you eager load the required relationship?,php / laravel
Your mapped type should make every property optional during checkout—how would you construct it?,typescript
Your Laravel route returns a 404 even though the controller exists in an admin panel—how would you verify the route definition and cache?,php / laravel
Your promise rejection is not caught on a login page—where should you add error handling?,javascript
Your unique constraint rejects a value that looks different in a user profile—what normalization or collation issue could explain it?,sql
Your validation rule should depend on another field in an admin panel—how would you implement conditional validation?,php / laravel
Your class implementation misses an interface member on a login page—how would you satisfy the contract correctly?,typescript
Your environment variable is undefined at runtime on a login page—how would you verify loading and configuration?,node.js
Your comparison behaves unexpectedly because the values have different types while implementing search—how would you normalize the values before comparing them?,javascript
Your server component uses a browser-only API in a user profile—how would you move the code behind a client boundary?,next.js
Your React.memo does not prevent rerenders during form validation—which prop reference might still be changing?,react
Your generator is exhausted when reused while implementing search—how would you redesign the data flow?,python
Your search results arrive out of order on a settings screen—how would you prevent an older request from replacing newer data?,react
Your package import works in an interactive shell but fails when running a module while building a dashboard—how would you run the package correctly?,python
Your pagination links lose existing query filters while building a dashboard—how would you preserve the query string?,php / laravel
Your server returns stale configuration after editing an environment file while implementing search—what restart or loading behavior would you check?,node.js
Your label click does not focus the associated input while building a dashboard—how would you connect the label correctly?,html / css
Your loop skips items after removing elements from the same list in a user profile—how would you iterate without mutating the active sequence?,python
Your debounced search still makes too many requests while implementing search—what would you check in the debounce implementation?,javascript
Your dataclass instances compare unexpectedly in an admin panel—which generated methods and field options would you inspect?,python
Your deployment fails because a page depends on request-time data on a product listing—how would you choose the correct rendering behavior?,next.js
Your proxy hides the original client IP while building a dashboard—which trust proxy configuration would you consider?,express.js
Your form submits and immediately reloads the page during checkout—where should you prevent the default submission?,javascript
Your package update breaks production on a login page—how would you use lockfiles and version ranges to control upgrades?,node.js
Your task must retry after a temporary failure on a settings screen—how would you add bounded retry logic?,node.js
Your failed job keeps retrying while implementing search—how would you inspect attempts and failure handling?,php / laravel
Your failed job keeps retrying while building a dashboard—how would you inspect attempts and failure handling?,php / laravel
Your Node process exits before an asynchronous task finishes on a product listing—how would you trace the pending work?,node.js
Your dictionary counting code is verbose on a settings screen—which standard library collection could simplify it?,python
Your case-insensitive search is unexpectedly slow while building a dashboard—what indexing or collation options would you investigate?,sql
Your database connection is created for every request while building a dashboard—how would you reuse a connection or pool?,node.js
Your process pool fails because a function cannot be pickled during form validation—how would you restructure the callable?,python
Your function parameter becomes implicitly any while implementing search—where should you add an explicit type?,typescript
Your script works in one file but not another during checkout—how would you check module scope and script loading?,javascript
Your list comprehension becomes hard to debug in a user profile—when would an explicit loop be clearer?,python
Your pagination links lose existing query filters during checkout—how would you preserve the query string?,php / laravel
Your long word breaks the page layout during checkout—how would you allow safe word breaking?,html / css
Your unique constraint rejects a value that looks different in an admin panel—what normalization or collation issue could explain it?,sql
Your CSRF protection rejects an AJAX request while building a dashboard—how would you send the token correctly?,php / laravel
Your controlled input becomes unresponsive on a login page—which value and onChange connection would you inspect?,react
Your static page unexpectedly becomes dynamic while implementing search—what server-side dependency would you inspect?,next.js
Your database connection is created for every request on a login page—how would you reuse a connection or pool?,node.js
Your page needs a redirect after validating server-side conditions in a user profile—which Next.js navigation utility would you use?,next.js
Your script works in one file but not another on a product listing—how would you check module scope and script loading?,javascript
Your tsconfig change creates many new errors on a product listing—which strictness option likely exposed the issues?,typescript
Your page needs a redirect after validating server-side conditions on a login page—which Next.js navigation utility would you use?,next.js
Your Node cannot resolve a module while implementing search—how would you inspect the import path and package installation?,node.js
Your interval keeps running after the feature is closed during checkout—how would you clean it up?,javascript
Your form submission reloads the page during checkout—where should you prevent the default event?,react
"Your cookie is not sent from the browser while implementing search—which CORS, credentials, SameSite, and secure settings would you inspect?",express.js
Your LEFT JOIN behaves like an INNER JOIN unexpectedly on a product listing—where should you place conditions on the optional table?,sql
Your object keys must be iterated with both key and value on a product listing—which built-in method would you use?,javascript
Your unit test passes alone but fails with the full suite in an admin panel—how would you isolate shared state?,python
Your list filtering is slow on every keystroke on a settings screen—how would you defer or memoize expensive rendering work?,react
Your browser freezes during a large computation while implementing search—how could you break up or move the work?,javascript
Your comparison behaves unexpectedly because the values have different types on a settings screen—how would you normalize the values before comparing them?,javascript
Your generator is exhausted when reused while handling notifications—how would you redesign the data flow?,python
Your background image is cropped unexpectedly during checkout—how would you tune its size and position?,html / css
Your variable is undefined inside a callback during checkout—how would you trace the scope causing the problem?,javascript
Your form submission should mutate data without building a separate client fetch on a login page—when could a Server Action be appropriate?,next.js
Your variable is undefined inside a callback in a user profile—how would you trace the scope causing the problem?,javascript
Your error middleware is skipped during checkout—how would you verify its four-argument signature and registration order?,express.js
Your child rerenders whenever the parent changes while implementing search—how would you determine whether memoization is useful?,react
Your fetch request sends no request body while implementing search—how would you configure the method and body correctly?,javascript
Your graceful shutdown stops accepting requests but existing requests hang while building a dashboard—how would you track and finish active connections?,express.js
Your unit test passes alone but fails with the full suite while implementing search—how would you isolate shared state?,python
Your queued job never runs in an admin panel—how would you check the queue connection and worker process?,php / laravel
Your broad except block hides programming errors in a user profile—which specific exceptions should you catch?,python
Your uploaded file URL returns 404 while building a dashboard—how would you configure public storage access?,php / laravel
Your API response shape is assumed but not verified in a user profile—how would you combine runtime validation with TypeScript types?,typescript
Your process pool fails because a function cannot be pickled during checkout—how would you restructure the callable?,python
Your CORS blocks a frontend request while building a dashboard—how would you configure the allowed origin and methods?,express.js
Your inline element ignores your width and height in an admin panel—how would you change its display behavior?,html / css
Your logging appears twice while implementing search—how would you inspect handler configuration and propagation?,python
Your component needs different behavior for mobile width while implementing search—how would you keep responsive state synchronized with the browser?,react
Your relative file path fails when the application starts from another directory while building a dashboard—how would you build a stable path?,python
Your JSON.parse throws an error for stored data in a user profile—how would you guard against invalid JSON?,javascript
Your server logs are hard to correlate across requests on a settings screen—how would you attach a request identifier?,node.js
Your button handler runs twice on a login page—how would you find and prevent duplicate event listeners?,javascript
Your URL parameter is missing after navigation in an admin panel—how would you construct and read it reliably?,javascript
Your error in one component crashes the whole screen while building a dashboard—where would you place an error boundary?,react
Your migration runs locally but fails in production during checkout—how would you inspect database state and migration order?,php / laravel
Your UPDATE changes every row by mistake in an admin panel—what safety checks would you perform before executing it?,sql
Your file remains open after an error during checkout—how would a context manager solve the cleanup?,python
Your dictionary merge overwrites values unexpectedly in an admin panel—how would you control the conflict rule?,python
Your API resource exposes fields that should stay private while building a dashboard—how would you control the transformed response?,php / laravel
Your file upload request has no file data on a login page—which multipart middleware and field name would you verify?,express.js
Your router paths produce duplicated URL segments on a login page—how would you check the mount path and child routes?,express.js
Your rate limiting should apply only to login attempts while implementing search—how would you mount the limiter selectively?,express.js
Your environment variable is unavailable in the browser during checkout—which naming and exposure rule would you check?,next.js
Your large CSV consumes too much memory during form validation—how would you process it incrementally?,python
Your animation restarts unexpectedly when a class changes on a product listing—how would you control the animation state?,html / css
Your route handler never receives the parsed JSON body while implementing search—which middleware must run before the route?,express.js
Your array lookup may return undefined on a product listing—how would you handle it under strict settings?,typescript
Your package import works in an interactive shell but fails when running a module in a user profile—how would you run the package correctly?,python
Your API endpoint is not recognized in an admin panel—how would you structure the route handler file?,next.js
Your Laravel event listener does not execute on a login page—how would you verify registration and queue configuration?,php / laravel
Your process pool fails because a function cannot be pickled in an admin panel—how would you restructure the callable?,python
Your type hints disagree with runtime data on a product listing—how would you validate the incoming values?,python
Your static page unexpectedly becomes dynamic on a settings screen—what server-side dependency would you inspect?,next.js
Your multiple state updates produce unexpected values on a login page—how would you account for React batching?,react
Your package import works in an interactive shell but fails when running a module while handling notifications—how would you run the package correctly?,python
Your form submission should mutate data without building a separate client fetch in an admin panel—when could a Server Action be appropriate?,next.js
Your subclass constructor does not initialize the parent on a settings screen—how would you call the parent implementation correctly?,python
Your function modifies a default list argument across calls in a user profile—how would you avoid the shared mutable default?,python
Your custom modal is inaccessible from the keyboard on a login page—how would you manage focus and dialog semantics?,html / css
Your server returns stale configuration after editing an environment file on a settings screen—what restart or loading behavior would you check?,node.js
"Your cookie is not sent from the browser while building a dashboard—which CORS, credentials, SameSite, and secure settings would you inspect?",express.js
Your graceful shutdown stops accepting requests but existing requests hang during checkout—how would you track and finish active connections?,express.js
Your React warning says two children have the same key while building a dashboard—how would you generate a unique stable key?,react
Your form submission should mutate data without building a separate client fetch on a settings screen—when could a Server Action be appropriate?,next.js
Your form submission should mutate data without building a separate client fetch during checkout—when could a Server Action be appropriate?,next.js
Your DELETE statement must remove only related records during checkout—how would you verify the WHERE clause first?,sql
Your environment variable is undefined at runtime on a settings screen—how would you verify loading and configuration?,node.js
Your npm package works globally but not inside the project on a settings screen—how would you check local dependencies and scripts?,node.js
Your API endpoint is not recognized on a product listing—how would you structure the route handler file?,next.js
Your route handler never receives the parsed JSON body on a login page—which middleware must run before the route?,express.js
Your response is sent twice on a login page—how would you prevent execution after an early response?,express.js
Your cache causes a user-specific response to leak across requests while building a dashboard—how would you configure fetching or rendering safely?,next.js
Your model changes are not saved in a user profile—how would you check fillable fields and the save flow?,php / laravel
Your page shows stale data after a mutation in an admin panel—how would you revalidate the relevant route or data?,next.js
Your 404 response is returned before a valid route on a product listing—how would you fix the route and middleware order?,express.js
Your deployment fails because a page depends on request-time data while implementing search—how would you choose the correct rendering behavior?,next.js
Your router paths produce duplicated URL segments while implementing search—how would you check the mount path and child routes?,express.js
Your unit test passes alone but fails with the full suite during checkout—how would you isolate shared state?,python
Your page shows stale data after a mutation while implementing search—how would you revalidate the relevant route or data?,next.js
Your API resource exposes fields that should stay private during checkout—how would you control the transformed response?,php / laravel
Your uploaded file URL returns 404 in an admin panel—how would you configure public storage access?,php / laravel
Your generator is exhausted when reused during checkout—how would you redesign the data flow?,python
Your logging appears twice while handling notifications—how would you inspect handler configuration and propagation?,python
Your nested prop drilling makes components difficult to maintain on a product listing—when would context or composition be a better choice?,react
Your process needs a graceful shutdown on a settings screen—how would you close servers and connections on termination signals?,node.js
Your DELETE statement must remove only related records in a user profile—how would you verify the WHERE clause first?,sql
Your dictionary counting code is verbose while handling notifications—which standard library collection could simplify it?,python
Your child process output is missing on a product listing—which stdout and stderr events would you handle?,node.js
Your list items lose their internal state after reordering while building a dashboard—how would you choose stable keys?,react
Your environment variable is undefined at runtime in a user profile—how would you verify loading and configuration?,node.js
Your readonly object still contains mutable nested values in an admin panel—how would you understand shallow versus deep immutability?,typescript
Your environment variable is unavailable in the browser in an admin panel—which naming and exposure rule would you check?,next.js
Your API call should retry only transient failures in a user profile—how would you distinguish retryable exceptions?,python
Your conditional type gives an unexpected result for a union while implementing search—how would distributive behavior affect it?,typescript
Your large JSON response is slow to generate in an admin panel—how would you profile serialization and response size?,node.js
Your interface and type alias seem interchangeable on a login page—which extension or composition need would guide your choice?,typescript
Your task must retry after a temporary failure during checkout—how would you add bounded retry logic?,node.js
Your optional property is used as if it always exists on a settings screen—how would you handle the undefined case?,typescript
Your file remains open after an error on a product listing—how would a context manager solve the cleanup?,python
Your derived value is stored in state and becomes inconsistent during checkout—how would you compute it from existing data instead?,react
Your controller method receives no validated input on a login page—where should you inspect the request validation rules?,php / laravel
Your file upload request has no file data while building a dashboard—which multipart middleware and field name would you verify?,express.js
Your CommonJS import fails after switching to ES modules while building a dashboard—what module configuration would you review?,node.js
Your regular expression is slow on long input while implementing search—how would you simplify a pattern with catastrophic backtracking?,python
Your form field value is treated as text instead of a number in an admin panel—where should you convert its type?,javascript
Your query returns duplicate rows after joining two tables while implementing search—how would you inspect the join cardinality?,sql
Your database connection is created for every request on a product listing—how would you reuse a connection or pool?,node.js
Your image from a remote host is rejected in an admin panel—which image configuration would you update?,next.js
Your useEffect runs repeatedly and creates an infinite loop during checkout—which dependency is changing every render?,react
Your effect uses an old state value on a settings screen—how would you fix the stale closure?,react
Your large CSV consumes too much memory while building a dashboard—how would you process it incrementally?,python
Your decorator hides the original function metadata in a user profile—which utility should you use to preserve it?,python
Your route parameter is undefined on a product listing—how would you compare the path definition with req.params?,express.js
Your list items lose their internal state after reordering during form validation—how would you choose stable keys?,react
Your regular expression is slow on long input on a login page—how would you simplify a pattern with catastrophic backtracking?,python
Your subquery returns more than one value where one is expected while implementing search—how would you change the comparison or aggregation?,sql
Your fetch request sends no request body in a user profile—how would you configure the method and body correctly?,javascript
Your grid layout creates columns wider than the viewport during checkout—how would you constrain the track sizes?,html / css
Your component needs different behavior for mobile width on a product listing—how would you keep responsive state synchronized with the browser?,react
Your input switches between controlled and uncontrolled on a settings screen—how would you initialize its value consistently?,react
Your fixed header covers the top of anchored content during checkout—how would you offset the scroll position?,html / css
Your event handler receives stale props during checkout—how would you restructure the callback dependencies?,react
Your process pool fails because a function cannot be pickled while handling notifications—how would you restructure the callable?,python
Your environment variable is unavailable in the browser while building a dashboard—which naming and exposure rule would you check?,next.js
Your case-insensitive search is unexpectedly slow while implementing search—what indexing or collation options would you investigate?,sql
Your loop skips items after removing elements from the same list during form validation—how would you iterate without mutating the active sequence?,python
Your JSON file becomes corrupted after simultaneous writes on a settings screen—how would you serialize or redesign the storage?,node.js
Your controller method receives no validated input in an admin panel—where should you inspect the request validation rules?,php / laravel
Your CPU-heavy loop makes every request slow while implementing search—how could you move that work off the event loop?,node.js
Your loop skips items after removing elements from the same list on a settings screen—how would you iterate without mutating the active sequence?,python
Your query returns duplicate rows after joining two tables during checkout—how would you inspect the join cardinality?,sql
Your threaded code does not speed up CPU-bound work on a login page—how would the GIL influence your approach?,python
Your component needs to expose a DOM element to its parent in an admin panel—when would you use a ref?,react
Your effect uses an old state value while building a dashboard—how would you fix the stale closure?,react
Your localStorage value is not restored as the original object in an admin panel—how would you serialize and parse it correctly?,javascript
Your API request updates state after the component unmounts in a user profile—how would you cancel or ignore the result?,react
Your process pool fails because a function cannot be pickled while implementing search—how would you restructure the callable?,python
Your pip installs a package but your script cannot import it while building a dashboard—how would you check interpreter and environment mismatch?,python
Your form input has no accessible name during checkout—what HTML association would you add?,html / css
Your environment variable is undefined at runtime in an admin panel—how would you verify loading and configuration?,node.js
Your function parameter becomes implicitly any while building a dashboard—where should you add an explicit type?,typescript
Your array lookup may return undefined on a login page—how would you handle it under strict settings?,typescript
Your transaction leaves half the changes saved after an error while building a dashboard—how would you use rollback correctly?,sql
Your controlled input becomes unresponsive on a product listing—which value and onChange connection would you inspect?,react
Your event listener never fires in a user profile—what would you check in the element selection and event binding?,javascript
Your string concatenation produces an unexpected result with a number during checkout—how would you convert the value explicitly?,javascript
Your function parameter becomes implicitly any on a login page—where should you add an explicit type?,typescript
Your event listener never fires while building a dashboard—what would you check in the element selection and event binding?,javascript
Your recursive data such as categories must be queried in a user profile—when would a recursive CTE be appropriate?,sql
Your form submits and immediately reloads the page in a user profile—where should you prevent the default submission?,javascript
Your rate limiting should apply only to login attempts in a user profile—how would you mount the limiter selectively?,express.js
Your exception is caught but important context is lost during form validation—how would you preserve the original cause?,python
Your dropdown is hidden behind another component in an admin panel—how would you debug its positioning and stacking order?,html / css
Your promise rejection is not caught on a settings screen—where should you add error handling?,javascript
Your table becomes unusable on a narrow screen during checkout—what responsive strategy would you apply?,html / css
Your logging appears twice on a product listing—how would you inspect handler configuration and propagation?,python
Your flex items refuse to shrink and overflow the container during checkout—which flex properties would you check?,html / css
Your JSON file becomes corrupted after simultaneous writes in a user profile—how would you serialize or redesign the storage?,node.js
Your error middleware is skipped while implementing search—how would you verify its four-argument signature and registration order?,express.js
Your mapped type should make every property optional in a user profile—how would you construct it?,typescript
Your third-party JavaScript package has no types while building a dashboard—how would you add a declaration safely?,typescript
Your session disappears after restarting the server on a product listing—how would you choose persistent session storage?,express.js
Your package update breaks production on a settings screen—how would you use lockfiles and version ranges to control upgrades?,node.js
Your object literal has an unexpected extra property error in a user profile—how would you adjust the interface without weakening validation unnecessarily?,typescript
Your useRouter is called in a server component while implementing search—how would you restructure the component boundary?,next.js
Your process needs a graceful shutdown in an admin panel—how would you close servers and connections on termination signals?,node.js
Your failed job keeps retrying on a login page—how would you inspect attempts and failure handling?,php / laravel
Your module import is undefined while building a dashboard—how would you verify default versus named exports?,javascript
Your virtual environment uses the wrong interpreter while handling notifications—how would you verify the active Python executable?,python
Your string concatenation produces an unexpected result with a number on a login page—how would you convert the value explicitly?,javascript
Your class implementation misses an interface member while implementing search—how would you satisfy the contract correctly?,typescript
Your React component props allow invalid combinations on a login page—how would you model mutually exclusive props with a union?,typescript
Your JSON file becomes corrupted after simultaneous writes while building a dashboard—how would you serialize or redesign the storage?,node.js
Your hover menu cannot be used on touch devices in an admin panel—what interaction alternative would you provide?,html / css
Your DOM query returns null on a product listing—how would you verify the selector and execution timing?,javascript
Your list filtering is slow on every keystroke during checkout—how would you defer or memoize expensive rendering work?,react
Your array mutation unexpectedly changes data used elsewhere in a user profile—how would you create an immutable update?,javascript
Your component fetches the same data on every mount on a product listing—how would you introduce caching or shared server state?,react
Your array lookup may return undefined while building a dashboard—how would you handle it under strict settings?,typescript
Your error in one component crashes the whole screen on a settings screen—where would you place an error boundary?,react
Your fixed header covers the top of anchored content while building a dashboard—how would you offset the scroll position?,html / css
Your class attribute is unexpectedly shared by every instance on a settings screen—where should the value be initialized instead?,python
Your controlled input becomes unresponsive in an admin panel—which value and onChange connection would you inspect?,react
Your large CSV consumes too much memory while implementing search—how would you process it incrementally?,python
Your form field value is treated as text instead of a number on a settings screen—where should you convert its type?,javascript
Your type hints disagree with runtime data in a user profile—how would you validate the incoming values?,python
Your pagination becomes slow on very large offsets in a user profile—how could keyset pagination help?,sql
Your route should render a page at a URL but the file is ignored during checkout—how would you verify the App Router folder structure and file name?,next.js
Your threaded code does not speed up CPU-bound work while implementing search—how would the GIL influence your approach?,python
Your query value is missing on a product listing—where should you read it from the request?,express.js
Your streaming a large file causes memory usage to spike on a login page—how would you pipe the data instead of buffering it?,node.js
Your Laravel environment value seems outdated on a settings screen—how would configuration caching affect the result?,php / laravel
Your component needs to expose a DOM element to its parent in a user profile—when would you use a ref?,react
Your validation rule should depend on another field while building a dashboard—how would you implement conditional validation?,php / laravel
Your preventDefault does not stop the expected browser action while implementing search—how would you confirm which event is being handled?,javascript
Your query needs the latest row for each user on a product listing—how would you use a window function or grouped strategy?,sql
Your button handler runs twice in a user profile—how would you find and prevent duplicate event listeners?,javascript
Your button handler runs twice on a product listing—how would you find and prevent duplicate event listeners?,javascript
Your context manager must manage a database transaction on a login page—where would you commit and roll back?,python
Your lazy-loaded component flashes without fallback content in an admin panel—how would you configure Suspense?,react
Your text overflows a card instead of wrapping during checkout—which wrapping and width rules would you inspect?,html / css
Your custom hook causes duplicate subscriptions while building a dashboard—how would you verify its setup and cleanup behavior?,react
Your route handler never receives the parsed JSON body in a user profile—which middleware must run before the route?,express.js
Your type hints disagree with runtime data while handling notifications—how would you validate the incoming values?,python
Your async function runs sequentially instead of concurrently during form validation—how would you schedule the coroutines together?,python
Your readonly object still contains mutable nested values during checkout—how would you understand shallow versus deep immutability?,typescript
Your task must retry after a temporary failure on a product listing—how would you add bounded retry logic?,node.js
Your rate limiting should apply only to login attempts on a login page—how would you mount the limiter selectively?,express.js
Your LEFT JOIN behaves like an INNER JOIN unexpectedly while implementing search—where should you place conditions on the optional table?,sql
Your aggregate query mixes grouped and ungrouped columns while implementing search—how would you rewrite it correctly?,sql
Your request validation is duplicated across controllers on a login page—how would you extract reusable validation middleware?,express.js
Your migration runs locally but fails in production in an admin panel—how would you inspect database state and migration order?,php / laravel
Your async function runs sequentially instead of concurrently while building a dashboard—how would you schedule the coroutines together?,python
Your React component props allow invalid combinations in an admin panel—how would you model mutually exclusive props with a union?,typescript
Your API request succeeds but JSON parsing fails in a user profile—what should you inspect in the response handling?,javascript
Your input validation accepts whitespace-only text on a login page—how would you normalize the input first?,javascript
Your child rerenders whenever the parent changes on a product listing—how would you determine whether memoization is useful?,react
Your Node cannot resolve a module in an admin panel—how would you inspect the import path and package installation?,node.js
Your request validation is duplicated across controllers in an admin panel—how would you extract reusable validation middleware?,express.js
Your proxy hides the original client IP during checkout—which trust proxy configuration would you consider?,express.js
Your Laravel route returns a 404 even though the controller exists while implementing search—how would you verify the route definition and cache?,php / laravel
Your font causes layout shift during loading on a settings screen—how would Next.js font optimization help?,next.js
Your object property name is computed dynamically in an admin panel—how would you access it safely?,javascript
Your authentication check should run before protected routes render while implementing search—where could middleware fit into the flow?,next.js
Your useCallback makes the code more complex without improving performance during form validation—how would you decide whether to remove it?,react
Your multiple async operations should run together on a product listing—when would Promise.all or Promise.allSettled be appropriate?,node.js
Your parallel routes need separate UI slots while implementing search—how would you organize the route segments?,next.js
Your React.memo does not prevent rerenders on a product listing—which prop reference might still be changing?,react
Your button handler runs twice while implementing search—how would you find and prevent duplicate event listeners?,javascript
Your comparison behaves unexpectedly because the values have different types on a login page—how would you normalize the values before comparing them?,javascript
Your label click does not focus the associated input on a login page—how would you connect the label correctly?,html / css
Your Node process exits before an asynchronous task finishes while implementing search—how would you trace the pending work?,node.js
Your dark mode styles are overridden by existing rules in an admin panel—how would you organize the selectors to avoid conflicts?,html / css
Your static page unexpectedly becomes dynamic during checkout—what server-side dependency would you inspect?,next.js
Your fetch request sends no request body on a product listing—how would you configure the method and body correctly?,javascript
Your input switches between controlled and uncontrolled while implementing search—how would you initialize its value consistently?,react
Your date displays one day earlier than expected on a login page—what timezone behavior would you investigate?,javascript
Your secret appears in a repository commit on a settings screen—how would you remove it from configuration and rotate it?,node.js
Your API call should retry only transient failures while handling notifications—how would you distinguish retryable exceptions?,python
Your response is sent twice in a user profile—how would you prevent execution after an early response?,express.js
Your optional property is used as if it always exists in a user profile—how would you handle the undefined case?,typescript
Your response is sent twice while implementing search—how would you prevent execution after an early response?,express.js
Your list items lose their internal state after reordering while implementing search—how would you choose stable keys?,react
Your useRouter is called in a server component in an admin panel—how would you restructure the component boundary?,next.js
Your JSON serialization fails for a custom object while building a dashboard—how would you provide a serializable representation?,python
Your file upload is missing from the request in an admin panel—how would you verify the form encoding and input name?,php / laravel
Your CPU-heavy loop makes every request slow on a product listing—how could you move that work off the event loop?,node.js
Your controller method receives no validated input in a user profile—where should you inspect the request validation rules?,php / laravel
Your React.memo does not prevent rerenders while building a dashboard—which prop reference might still be changing?,react
Your recursive data such as categories must be queried in an admin panel—when would a recursive CTE be appropriate?,sql
Your preventDefault does not stop the expected browser action on a product listing—how would you confirm which event is being handled?,javascript
Your virtual environment uses the wrong interpreter during form validation—how would you verify the active Python executable?,python
Your query needs the latest row for each user during checkout—how would you use a window function or grouped strategy?,sql
Your lazy-loaded component flashes without fallback content while building a dashboard—how would you configure Suspense?,react
Your graceful shutdown stops accepting requests but existing requests hang on a product listing—how would you track and finish active connections?,express.js
Your async function runs sequentially instead of concurrently in a user profile—how would you schedule the coroutines together?,python
Your server listens on the wrong port in production in an admin panel—how would you use environment-based configuration?,node.js
Your mapped type should make every property optional while building a dashboard—how would you construct it?,typescript
Your large JSON response is slow to generate on a login page—how would you profile serialization and response size?,node.js
Your list comprehension becomes hard to debug while building a dashboard—when would an explicit loop be clearer?,python
Your event handler receives stale props while implementing search—how would you restructure the callback dependencies?,react
Your useCallback makes the code more complex without improving performance during checkout—how would you decide whether to remove it?,react
Your nested object access crashes when an intermediate value is missing while implementing search—how would optional chaining help?,javascript
Your setTimeout inside a loop prints the wrong index on a login page—how would you fix the variable scope?,javascript
Your middleware runs on routes you did not intend in a user profile—how would you refine its matcher?,next.js
Your CommonJS import fails after switching to ES modules on a login page—what module configuration would you review?,node.js
Your React component props allow invalid combinations while implementing search—how would you model mutually exclusive props with a union?,typescript
Your two arrays need to be merged without duplicates while implementing search—how would you implement that efficiently?,javascript
Your query needs the latest row for each user in an admin panel—how would you use a window function or grouped strategy?,sql
Your font causes layout shift during loading on a login page—how would Next.js font optimization help?,next.js
Your box width becomes larger than the value you set in an admin panel—how would box-sizing affect the calculation?,html / css
Your child rerenders whenever the parent changes in a user profile—how would you determine whether memoization is useful?,react
Your logger misses the final response status while building a dashboard—where would you attach response lifecycle logging?,express.js
Your session disappears after restarting the server in a user profile—how would you choose persistent session storage?,express.js
Your ellipsis does not appear on overflowing text while building a dashboard—which three CSS conditions are required?,html / css
Your React warning says two children have the same key during checkout—how would you generate a unique stable key?,react
Your form submission should mutate data without building a separate client fetch in a user profile—when could a Server Action be appropriate?,next.js
Your package import works in an interactive shell but fails when running a module on a product listing—how would you run the package correctly?,python
"Your array method returns an unexpected value during checkout—how would you choose between map, filter, find, and reduce?",javascript
Your pip installs a package but your script cannot import it on a product listing—how would you check interpreter and environment mismatch?,python
Your form submission reloads the page on a settings screen—where should you prevent the default event?,react
Your conditional type gives an unexpected result for a union during checkout—how would distributive behavior affect it?,typescript
Your deployment fails because a page depends on request-time data on a settings screen—how would you choose the correct rendering behavior?,next.js
Your server receives an empty object from your fetch request in an admin panel—which headers and serialization steps would you verify?,javascript
Your error middleware is skipped on a product listing—how would you verify its four-argument signature and registration order?,express.js
"Your CSS rule is not applying to an element while building a dashboard—how would you inspect specificity, inheritance, and the cascade?",html / css
Your authentication check should run before protected routes render while building a dashboard—where could middleware fit into the flow?,next.js
Your server logs are hard to correlate across requests on a login page—how would you attach a request identifier?,node.js
Your button handler runs twice during checkout—how would you find and prevent duplicate event listeners?,javascript
Your logging appears twice in an admin panel—how would you inspect handler configuration and propagation?,python
Your COUNT returns a surprising value with NULL data on a settings screen—how do COUNT(*) and COUNT(column) differ?,sql
Your dataclass instances compare unexpectedly in a user profile—which generated methods and field options would you inspect?,python
Your generic function loses the relationship between input and output in an admin panel—how would you introduce a type parameter?,typescript
Your property access fails because TypeScript sees a union type on a product listing—how would you narrow the type safely?,typescript
Your parallel routes need separate UI slots during checkout—how would you organize the route segments?,next.js
Your component state changes but the UI does not rerender as expected on a settings screen—how would you check whether the state was mutated directly?,react
Your graceful shutdown stops accepting requests but existing requests hang in an admin panel—how would you track and finish active connections?,express.js
Your third-party JavaScript package has no types during checkout—how would you add a declaration safely?,typescript
